time,hidden_recoverability,hidden_damage,observable_state,observable_error,recovery_strength_est,persistence_est,directional_degradation_est,volatility_penalty_est,gv_observed
0,1.0,0.0,0.004571,0.004571,1.0,1.0,1.0,0.0,1.0
1,1.0,0.0,-0.012035,0.012035,1.0,1.0,1.0,0.0,1.0
2,1.0,0.0,0.00187,0.00187,1.0,1.0,1.0,0.0,1.0
3,1.0,0.0,0.015567,0.015567,1.0,1.0,1.0,0.0,1.0
4,1.0,0.0,-0.017123,0.017123,1.0,1.0,1.0,0.0,1.0
5,1.0,0.0,-0.032889,0.032889,1.0,1.0,1.0,0.0,1.0
6,1.0,0.0,-0.023736,0.023736,1.0,1.0,1.0,0.0,1.0
7,1.0,0.0,-0.023258,0.023258,1.0,1.0,1.0,0.0,1.0
8,1.0,0.0,-0.018393,0.018393,0.950857,0.967965,0.951948,0.077152,0.955662
9,1.0,0.0,-0.027142,0.027142,0.950186,0.979267,0.968901,0.072915,0.962952
10,1.0,0.0,-0.00798,0.00798,0.947025,0.969905,0.954858,0.073651,0.955566
11,1.0,0.0,0.005443,0.005443,0.949664,0.995909,0.993864,0.073667,0.973523
12,1.0,0.0,0.005236,0.005236,0.952498,0.999049,0.998573,0.074852,0.976638
13,1.0,0.0,0.020992,0.020992,0.954944,0.999335,0.999003,0.07538,0.977776
14,1.0,0.0,0.023387,0.023387,0.953664,0.984842,0.977263,0.073674,0.967929
15,1.0,0.0,0.005352,0.005352,0.952076,0.983872,0.975808,0.072918,0.966701
16,1.0,0.0,0.009706,0.009706,0.954067,0.999375,0.999063,0.073539,0.977544
17,1.0,0.0,-0.006813,0.006813,0.955056,0.996149,0.994223,0.072119,0.975913
18,1.0,0.0,0.007863,0.007863,0.956418,0.998417,0.997626,0.071668,0.977955
19,1.0,0.0,0.005384,0.005384,0.95747,0.997805,0.996708,0.070765,0.978023
20,1.0,0.0,0.001427,0.001427,0.958789,0.999487,0.99923,0.070656,0.979649
21,1.0,0.0,-0.009101,0.009101,0.959261,1.0,1.0,0.072158,0.980096
22,1.0,0.0,0.011239,0.011239,0.959701,0.995433,0.99315,0.072539,0.977285
23,1.0,0.0,0.006449,0.006449,0.958295,1.0,1.0,0.069537,0.979841
24,1.0,0.0,-0.001395,0.001395,0.959663,1.0,1.0,0.070647,0.980333
25,1.0,0.0,0.26663,0.26663,0.962022,1.0,1.0,0.0733,0.981144
26,1.0,0.0,0.215956,0.215956,0.926961,0.846593,0.76989,0.449138,0.848613
27,1.0,0.0,0.173927,0.173927,0.898128,0.878296,0.817444,0.55973,0.852157
28,1.0,0.0,0.141854,0.141854,0.875528,0.901768,0.852652,0.609912,0.855865
29,1.0,0.0,0.117109,0.117109,0.857009,0.92755,0.891325,0.632518,0.864085
30,1.0,0.0,0.123469,0.123469,0.843514,0.931076,0.896615,0.642549,0.860478
31,1.0,0.0,0.09021,0.09021,0.82619,0.925457,0.888186,0.64866,0.84959
32,1.0,0.0,0.06268,0.06268,0.813475,0.946332,0.919498,0.643525,0.85833
33,1.0,0.0,0.036684,0.036684,0.804859,0.973671,0.960506,0.634999,0.873079
34,1.0,0.0,0.037853,0.037853,0.802505,0.991602,0.987403,0.632098,0.883938
35,1.0,0.0,0.04646,0.04646,0.800335,0.979473,0.96921,0.629487,0.875317
36,1.0,0.0,0.03453,0.03453,0.794169,0.976787,0.96518,0.620717,0.871543
37,1.0,0.0,0.014331,0.014331,0.790445,0.982495,0.973742,0.614658,0.874067
38,1.0,0.0,-0.001189,0.001189,0.789317,0.995915,0.993872,0.612326,0.882455
39,1.0,0.0,0.008831,0.008831,0.790318,1.0,1.0,0.614607,0.885397
40,1.0,0.0,0.018037,0.018037,0.789801,0.995324,0.992986,0.613478,0.882207
41,1.0,0.0,0.022216,0.022216,0.78731,0.994356,0.991534,0.608192,0.880846
42,1.0,0.0,0.007346,0.007346,0.785343,0.993067,0.989601,0.604345,0.879413
43,1.0,0.0,0.009212,0.009212,0.785927,0.999433,0.99915,0.605625,0.883721
44,1.0,0.0,0.008936,0.008936,0.785512,0.995063,0.992594,0.604696,0.880761
45,1.0,0.0,0.01025,0.01025,0.784381,1.0,1.0,0.602036,0.883651
46,1.0,0.0,0.021067,0.021067,0.822838,1.0,1.0,0.492651,0.904503
47,1.0,0.0,0.019786,0.019786,0.852071,1.0,1.0,0.403072,0.920675
48,1.0,0.0,0.025617,0.025617,0.875193,1.0,1.0,0.334306,0.933362
49,1.0,0.0,0.020995,0.020995,0.892628,1.0,1.0,0.279741,0.943064
50,1.0,0.0,0.293713,0.293713,0.907045,1.0,1.0,0.237312,0.950952
51,1.0,0.0,0.238565,0.238565,0.881509,0.871472,0.807208,0.495169,0.844302
52,1.0,0.0,0.164224,0.164224,0.859255,0.888915,0.833372,0.600209,0.841486
53,1.0,0.0,0.123299,0.123299,0.844024,0.919448,0.879173,0.63391,0.853555
54,1.0,0.0,0.089118,0.089118,0.831031,0.946034,0.919051,0.645107,0.865079
55,1.0,0.0,0.059929,0.059929,0.823342,0.973058,0.959587,0.646601,0.879494
56,1.0,0.0,0.042617,0.042617,0.821321,0.983959,0.975938,0.646199,0.885792
57,1.0,0.0,0.055666,0.055666,0.820108,0.982135,0.973203,0.64535,0.884164
58,1.0,0.0,0.030432,0.030432,0.813908,0.965593,0.94839,0.639999,0.871199
59,1.0,0.0,0.038261,0.038261,0.809522,0.986357,0.979536,0.633097,0.883286
60,1.0,0.0,0.0046,0.0046,0.805107,0.987227,0.98084,0.627016,0.88239
61,1.0,0.0,-0.001435,0.001435,0.807123,1.0,1.0,0.630661,0.891316
62,1.0,0.0,0.001322,0.001322,0.81024,1.0,1.0,0.636115,0.89229
63,1.0,0.0,0.009825,0.009825,0.811143,1.0,1.0,0.637893,0.892563
64,1.0,0.0,0.018332,0.018332,0.811051,0.999439,0.999158,0.637729,0.892169
65,1.0,0.0,0.026199,0.026199,0.809642,0.994896,0.992343,0.635387,0.88877
66,1.0,0.0,0.015204,0.015204,0.80725,0.996759,0.995138,0.631711,0.889207
67,1.0,0.0,0.004924,0.004924,0.808129,1.0,1.0,0.633075,0.891598
68,1.0,0.0,0.01671,0.01671,0.810358,1.0,1.0,0.636912,0.892298
69,1.0,0.0,0.010165,0.010165,0.811694,1.0,1.0,0.638781,0.892739
70,1.0,0.0,-0.011207,0.011207,0.813319,1.0,1.0,0.641321,0.893262
71,1.0,0.0,-0.025741,0.025741,0.855695,1.0,1.0,0.485159,0.91802
72,1.0,0.0,-0.03387,0.03387,0.887618,1.0,1.0,0.337117,0.938192
73,1.0,0.0,-0.018961,0.018961,0.907172,1.0,1.0,0.244028,0.950667
74,1.0,0.0,-0.012653,0.012653,0.922822,1.0,1.0,0.175989,0.960329
75,1.0,0.0,0.273488,0.273488,0.934292,1.0,1.0,0.133132,0.96706
76,1.0,0.0,0.206912,0.206912,0.902258,0.854187,0.78128,0.456447,0.843302
77,1.0,0.0,0.163769,0.163769,0.877614,0.904476,0.856714,0.548594,0.861525
78,1.0,0.0,0.137124,0.137124,0.861398,0.915787,0.873681,0.588872,0.860377
79,1.0,0.0,0.102316,0.102316,0.845395,0.93756,0.90634,0.608776,0.867133
80,1.0,0.0,0.086658,0.086658,0.835786,0.938285,0.907427,0.614524,0.863473
81,0.994,0.006,0.057779,0.057779,0.823478,0.946175,0.919262,0.609736,0.863918
82,0.988,0.012,0.039774,0.039774,0.815026,0.964343,0.946514,0.600607,0.872803
83,0.982,0.018,0.025455,0.025455,0.809258,0.981085,0.971627,0.591925,0.881812
84,0.976,0.024,0.002052,0.002052,0.806914,0.995501,0.993252,0.587997,0.890441
85,0.97,0.03,0.008919,0.008919,0.809356,1.0,1.0,0.592741,0.894105
86,0.964,0.036,-1.4e-05,1.4e-05,0.811948,1.0,1.0,0.596976,0.89493
87,0.958,0.042,0.000177,0.000177,0.814226,1.0,1.0,0.601413,0.89562
88,0.952,0.048,0.007351,0.007351,0.814938,1.0,1.0,0.602908,0.89583
89,0.946,0.054,0.012519,0.012519,0.816342,1.0,1.0,0.605358,0.896269
90,0.94,0.06,0.019911,0.019911,0.815989,0.999171,0.998757,0.604736,0.89562
91,0.934,0.066,0.014342,0.014342,0.814684,1.0,1.0,0.602614,0.895743
92,0.928,0.072,0.005065,0.005065,0.816393,1.0,1.0,0.605118,0.896301
93,0.922,0.078,0.002842,0.002842,0.820714,1.0,1.0,0.611334,0.897719
94,0.916,0.084,-0.023041,0.023041,0.823132,1.0,1.0,0.615408,0.898482
95,0.91,0.09,-0.040135,0.040135,0.821574,1.0,1.0,0.61317,0.897971
96,0.904,0.096,-0.051993,0.051993,0.856577,1.0,1.0,0.47106,0.919078
97,0.898,0.102,-0.05668,0.05668,0.879815,1.0,1.0,0.370281,0.933412
98,0.892,0.108,-0.039561,0.039561,0.895878,1.0,1.0,0.295272,0.943588
99,0.886,0.114,-0.045432,0.045432,0.910512,1.0,1.0,0.228414,0.952784
100,0.88,0.12,0.239931,0.239931,0.919045,1.0,1.0,0.188733,0.958181
101,0.874,0.126,0.213286,0.213286,0.896054,0.884957,0.827435,0.406908,0.863298
102,0.868,0.132,0.167213,0.167213,0.872728,0.890413,0.83562,0.511966,0.852262
103,0.862,0.138,0.146565,0.146565,0.853612,0.910469,0.865703,0.556165,0.855441
104,0.856,0.144,0.10496,0.10496,0.835446,0.908729,0.863093,0.579497,0.845877
105,0.85,0.15,0.082251,0.082251,0.820009,0.939343,0.909014,0.577266,0.859713
106,0.844,0.156,0.052728,0.052728,0.80901,0.948061,0.922091,0.570624,0.861312
107,0.838,0.162,0.037922,0.037922,0.801103,0.96681,0.950215,0.559094,0.870913
108,0.832,0.168,0.043585,0.043585,0.795441,0.980692,0.971038,0.548584,0.878197
109,0.826,0.174,0.009755,0.009755,0.790006,0.980379,0.970569,0.539285,0.876285
110,0.82,0.18,0.014512,0.014512,0.79042,1.0,1.0,0.540248,0.889156
111,0.814,0.186,0.015479,0.015479,0.79123,0.999893,0.999839,0.541925,0.889326
112,0.808,0.192,0.003815,0.003815,0.79106,0.993423,0.990134,0.541557,0.885071
113,0.802,0.198,-0.018549,0.018549,0.791247,0.999385,0.999078,0.542039,0.888997
114,0.796,0.204,-0.014219,0.014219,0.788891,1.0,1.0,0.536513,0.888731
115,0.79,0.21,-0.01969,0.01969,0.790214,1.0,1.0,0.539217,0.889125
116,0.784,0.216,-0.012804,0.012804,0.793281,1.0,1.0,0.543989,0.890113
117,0.778,0.222,-0.010284,0.010284,0.799159,1.0,1.0,0.552119,0.892058
118,0.772,0.228,0.015489,0.015489,0.806119,1.0,1.0,0.560739,0.894411
119,0.766,0.234,0.009288,0.009288,0.80973,1.0,1.0,0.565731,0.895605
120,0.76,0.24,-0.007617,0.007617,0.815151,1.0,1.0,0.572874,0.897417
121,0.754,0.246,-0.003664,0.003664,0.849998,1.0,1.0,0.476584,0.91617
122,0.748,0.252,0.000239,0.000239,0.881442,1.0,1.0,0.376369,0.933758
123,0.742,0.258,0.020587,0.020587,0.906488,1.0,1.0,0.29992,0.947599
124,0.736,0.264,0.029781,0.029781,0.925384,1.0,1.0,0.21251,0.959528
125,0.73,0.27,0.324141,0.324141,0.936661,1.0,1.0,0.154299,0.96695
126,0.724,0.276,0.294461,0.294461,0.900378,0.828581,0.742872,0.544361,0.821511
127,0.718,0.282,0.230117,0.230117,0.864118,0.837975,0.756963,0.71005,0.804829
128,0.712,0.288,0.184475,0.184475,0.835289,0.88219,0.823285,0.779357,0.818571
129,0.706,0.294,0.141924,0.141924,0.814155,0.889651,0.834476,0.810885,0.813391
130,0.7,0.3,0.11422,0.11422,0.79433,0.919529,0.879294,0.816389,0.824606
131,0.694,0.306,0.076131,0.076131,0.779374,0.937637,0.906456,0.813772,0.830525
132,0.688,0.312,0.074135,0.074135,0.770276,0.954327,0.93149,0.806765,0.838084
133,0.682,0.318,0.059678,0.059678,0.759728,0.964893,0.94734,0.795712,0.841286
134,0.676,0.324,0.028741,0.028741,0.753558,0.971289,0.956934,0.788733,0.843325
135,0.67,0.33,0.009271,0.009271,0.75138,0.994284,0.991425,0.785129,0.85758
136,0.664,0.336,0.012619,0.012619,0.752943,1.0,1.0,0.788017,0.861776
137,0.658,0.342,0.023364,0.023364,0.752971,0.998525,0.997788,0.78807,0.860826
138,0.652,0.348,0.049964,0.049964,0.751009,0.995026,0.992539,0.784564,0.857942
139,0.646,0.354,0.086571,0.086571,0.745837,0.97431,0.961465,0.777341,0.842769
140,0.64,0.36,0.080598,0.080598,0.734245,0.950134,0.925201,0.764923,0.823039
141,0.634,0.366,0.054513,0.054513,0.723298,0.95141,0.927115,0.750653,0.820203
142,0.628,0.372,0.015001,0.015001,0.715671,0.965722,0.948583,0.736557,0.827159
143,0.622,0.378,0.016964,0.016964,0.713456,1.0,1.0,0.730922,0.848836
144,0.616,0.384,0.002471,0.002471,0.714,1.0,1.0,0.732137,0.848993
145,0.61,0.39,-0.004091,0.004091,0.718096,1.0,1.0,0.741451,0.850166
146,0.604,0.396,-0.012729,0.012729,0.766104,1.0,1.0,0.624239,0.875229
147,0.598,0.402,-0.013166,0.013166,0.808363,1.0,1.0,0.490519,0.898819
148,0.592,0.408,0.004538,0.004538,0.840906,1.0,1.0,0.390992,0.916813
149,0.586,0.414,0.006309,0.006309,0.867897,1.0,1.0,0.31612,0.931353
150,0.58,0.42,0.308464,0.308464,0.888239,1.0,1.0,0.266233,0.941984
151,0.574,0.426,0.253977,0.253977,0.859102,0.853263,0.779895,0.530342,0.821745
152,0.568,0.432,0.19712,0.19712,0.832425,0.886416,0.829623,0.64079,0.827101
153,0.562,0.438,0.165453,0.165453,0.813978,0.913195,0.869792,0.686279,0.834854
154,0.556,0.444,0.144408,0.144408,0.798111,0.913656,0.870483,0.709517,0.827645
155,0.55,0.45,0.153454,0.153454,0.780761,0.91465,0.871975,0.718014,0.820927
156,0.544,0.456,0.137042,0.137042,0.759134,0.911052,0.866577,0.721014,0.809786
157,0.538,0.462,0.135563,0.135563,0.74047,0.928203,0.892305,0.716267,0.813707
158,0.532,0.468,0.112207,0.112207,0.723641,0.945937,0.918906,0.711312,0.81875
159,0.526,0.474,0.081449,0.081449,0.714304,0.983809,0.975713,0.707778,0.839809
160,0.52,0.48,0.057654,0.057654,0.715072,0.999463,0.999194,0.708034,0.850278
161,0.514,0.486,0.040256,0.040256,0.718514,0.998016,0.997024,0.710651,0.850584
162,0.508,0.492,0.067684,0.067684,0.720653,0.984049,0.976074,0.713603,0.842213
163,0.502,0.498,0.047888,0.047888,0.71275,0.967966,0.951949,0.700949,0.829231
164,0.496,0.504,0.05524,0.05524,0.708112,0.971316,0.956973,0.691841,0.830008
165,0.49,0.51,0.035741,0.035741,0.700196,0.967695,0.951543,0.674599,0.825351
166,0.484,0.516,0.045909,0.045909,0.695449,0.985466,0.978199,0.662356,0.835615
167,0.478,0.522,0.046856,0.046856,0.690472,0.97932,0.96898,0.650544,0.83022
168,0.472,0.528,0.039641,0.039641,0.685418,0.973273,0.959909,0.638162,0.824887
169,0.466,0.534,0.034965,0.034965,0.680153,0.978948,0.968422,0.623264,0.827214
170,0.46,0.54,0.021605,0.021605,0.675854,1.0,1.0,0.610375,0.839823
171,0.454,0.546,0.026138,0.026138,0.718883,1.0,1.0,0.504749,0.862316
172,0.448,0.552,0.016737,0.016737,0.753059,1.0,1.0,0.422939,0.880077
173,0.442,0.558,-0.003274,0.003274,0.780116,1.0,1.0,0.381122,0.89299
174,0.436,0.564,-0.022129,0.022129,0.804443,1.0,1.0,0.35994,0.90378
175,0.43,0.57,0.299443,0.299443,0.822785,1.0,1.0,0.336174,0.912305
176,0.424,0.576,0.295197,0.295197,0.800887,0.897431,0.846146,0.515741,0.827898
177,0.418,0.582,0.270451,0.270451,0.777164,0.899179,0.848768,0.643087,0.813177
178,0.412,0.588,0.244158,0.244158,0.75693,0.900056,0.850085,0.722342,0.801692
179,0.406,0.594,0.226637,0.226637,0.737138,0.897236,0.845855,0.775269,0.789295
