time,hidden_damage,true_recovery,delayed_masking,observable_state,observable_error,recovery_strength,persistence,directional,volatility_penalty,hysteresis,gv,inferred_hidden_deg,naive_estimator
0,0.0,1.0,1.0,0.005485,0.005485,1.0,1.0,1.0,0.0,0.0,1.0,0.0,0.009324
1,0.0,1.0,1.0,-0.014277,0.014277,1.0,1.0,1.0,0.0,0.0,1.0,0.0,0.024271
2,0.0,1.0,1.0,0.001944,0.001944,1.0,1.0,1.0,0.0,0.0,1.0,0.0,0.003304
3,0.0,1.0,1.0,0.018505,0.018505,1.0,1.0,1.0,0.0,0.0,1.0,0.0,0.031458
4,0.0,1.0,1.0,-0.02013,0.02013,1.0,1.0,1.0,0.0,0.0,1.0,0.0,0.034221
5,0.0,1.0,1.0,-0.039744,0.039744,1.0,1.0,1.0,0.0,0.0,1.0,0.0,0.067566
6,0.0,1.0,1.0,-0.029892,0.029892,1.0,1.0,1.0,0.0,0.0,1.0,0.0,0.050816
7,0.0,1.0,1.0,-0.029905,0.029905,1.0,1.0,1.0,0.0,0.0,1.0,0.0,0.050838
8,0.0,1.0,1.0,-0.024525,0.024525,1.0,1.0,1.0,0.0,0.0,1.0,0.0,0.041693
9,0.0,1.0,1.0,-0.03522,0.03522,1.0,1.0,1.0,0.0,0.0,1.0,0.0,0.059874
10,0.0,1.0,1.0,-0.012699,0.012699,1.0,1.0,1.0,0.0,0.0,1.0,0.0,0.021589
11,0.0,1.0,1.0,0.003714,0.003714,1.0,1.0,1.0,0.0,0.0,1.0,0.0,0.006314
12,0.0,1.0,1.0,0.004197,0.004197,0.931155,1.0,1.0,0.097324,0.031242,0.967596,0.053088,0.007135
13,0.0,1.0,1.0,0.02369,0.02369,0.935321,1.0,1.0,0.09876,0.031671,0.96919,0.05272,0.040273
14,0.0,1.0,1.0,0.027604,0.027604,0.934018,0.978994,0.969192,0.098537,0.031671,0.955167,0.060377,0.046927
15,0.0,1.0,1.0,0.006892,0.006892,0.931976,0.976301,0.965242,0.098422,0.031671,0.952623,0.061748,0.011716
16,0.0,1.0,1.0,0.01222,0.01222,0.93472,0.998593,0.997936,0.098439,0.031671,0.968061,0.053261,0.020774
17,0.0,1.0,1.0,-0.007362,0.007362,0.936044,0.993686,0.990739,0.098295,0.031671,0.965441,0.054666,0.012515
18,0.0,1.0,1.0,0.009849,0.009849,0.938166,0.998344,0.997571,0.098269,0.031671,0.969287,0.052544,0.016743
19,0.0,1.0,1.0,0.007079,0.007079,0.939606,0.996363,0.994666,0.098174,0.031671,0.968594,0.052902,0.012034
20,0.0,1.0,1.0,0.002407,0.002407,0.941387,0.998742,0.998154,0.098139,0.031671,0.970838,0.051659,0.004091
21,0.0,1.0,1.0,-0.010307,0.010307,0.943777,1.0,1.0,0.100013,0.032268,0.97251,0.051417,0.017523
22,0.0,1.0,1.0,0.013657,0.013657,0.944693,0.996556,0.994948,0.099903,0.032268,0.970666,0.052403,0.023216
23,0.0,1.0,1.0,0.00828,0.00828,0.945019,0.994428,0.991828,0.099773,0.032268,0.969434,0.053048,0.014077
24,0.0,1.0,1.0,-0.001003,0.001003,0.946102,0.998177,0.997327,0.099704,0.032268,0.972283,0.051464,0.001705
25,0.0,1.0,1.0,-0.007151,0.007151,0.946756,1.0,1.0,0.102528,0.033172,0.973576,0.051775,0.012156
26,0.0,1.0,1.0,0.00379,0.00379,0.947795,0.996604,0.995019,0.102593,0.033172,0.971804,0.052766,0.006442
27,0.0,1.0,1.0,0.009648,0.009648,0.947526,1.0,1.0,0.100776,0.032582,0.973972,0.050913,0.016401
28,0.0,1.0,1.0,0.274444,0.274444,0.948818,1.0,1.0,0.10079,0.032582,0.974488,0.050633,0.466554
29,0.0,1.0,1.0,0.230054,0.230054,0.91173,0.846935,0.775504,0.412809,0.114095,0.84558,0.228067,0.391092
30,0.0,1.0,1.0,0.224894,0.224894,0.883977,0.86946,0.808541,0.645033,0.177531,0.837358,0.312847,0.382319
31,0.0,1.0,1.0,0.174848,0.174848,0.855539,0.872833,0.813489,0.871343,0.240756,0.816838,0.40284,0.297242
32,0.0,1.0,1.0,0.132407,0.132407,0.834401,0.901963,0.856213,0.888882,0.240756,0.826246,0.40205,0.225091
33,0.0,1.0,1.0,0.092602,0.092602,0.818669,0.936617,0.907039,0.895379,0.240756,0.841922,0.395052,0.157423
34,0.0,1.0,1.0,0.086095,0.086095,0.8103,0.947889,0.923571,0.896682,0.240756,0.845761,0.393267,0.146361
35,0.0,1.0,1.0,0.090058,0.090058,0.799597,0.946273,0.921201,0.895714,0.240756,0.840489,0.395924,0.153099
36,0.0,1.0,1.0,0.070896,0.070896,0.787005,0.944004,0.917872,0.893449,0.240731,0.834105,0.39886,0.120524
37,0.0,1.0,1.0,0.042303,0.042303,0.777278,0.969213,0.954846,0.890017,0.240731,0.846604,0.391128,0.071915
38,0.0,1.0,1.0,0.019425,0.019425,0.774564,0.990414,0.98594,0.888814,0.240731,0.859218,0.383889,0.033022
39,0.0,1.0,1.0,0.027445,0.027445,0.775756,0.991826,0.988012,0.889508,0.240731,0.860569,0.38332,0.046656
40,0.0,1.0,1.0,0.035609,0.035609,0.772759,0.990071,0.985437,0.887481,0.240731,0.858342,0.384038,0.060535
41,0.0,1.0,1.0,0.03862,0.03862,0.769348,0.981578,0.972981,0.885459,0.240731,0.851615,0.387232,0.065654
42,0.0,1.0,1.0,0.019303,0.019303,0.76479,0.981236,0.97248,0.882622,0.240731,0.849713,0.387569,0.032815
43,0.0,1.0,1.0,0.019814,0.019814,0.763411,0.992028,0.988307,0.881582,0.240731,0.856157,0.383765,0.033684
44,0.0,1.0,1.0,0.01815,0.01815,0.761554,0.988648,0.98335,0.880138,0.240731,0.853311,0.384969,0.030855
45,0.0,1.0,1.0,0.018638,0.018638,0.759258,0.994885,0.992498,0.873486,0.239149,0.856738,0.380868,0.031684
46,0.0,1.0,1.0,0.030782,0.030782,0.758043,0.996752,0.995236,0.87254,0.239149,0.8575,0.380212,0.05233
47,0.0,1.0,1.0,0.028958,0.028958,0.755546,0.985325,0.978476,0.870854,0.239149,0.849234,0.384337,0.049229
48,0.0,1.0,1.0,0.035677,0.035677,0.75253,0.981768,0.97326,0.868629,0.239149,0.845852,0.385641,0.060651
49,0.0,1.0,1.0,0.030115,0.030115,0.747473,0.981396,0.972714,0.856149,0.236268,0.844213,0.382414,0.051195
50,0.0,1.0,1.0,0.029597,0.029597,0.744124,0.982832,0.97482,0.842566,0.232601,0.844476,0.37759,0.050315
51,0.0,1.0,1.0,0.035337,0.035337,0.740361,0.98699,0.980918,0.824656,0.227652,0.846542,0.370244,0.060072
52,0.0,1.0,1.0,0.002394,0.002394,0.736615,1.0,1.0,0.812206,0.224434,0.854036,0.361884,0.00407
53,0.0,1.0,1.0,-0.003815,0.003815,0.776289,1.0,1.0,0.690506,0.196871,0.87599,0.309737,0.006485
54,0.0,1.0,1.0,-0.011557,0.011557,0.809282,1.0,1.0,0.580472,0.169263,0.894689,0.262281,0.019647
55,0.0,1.0,1.0,-0.020861,0.020861,0.840393,1.0,1.0,0.424471,0.127364,0.914934,0.197481,0.035463
56,0.0,1.0,1.0,0.23735,0.23735,0.86285,1.0,1.0,0.321889,0.0991,0.929046,0.154182,0.403495
57,0.0,1.0,1.0,0.219163,0.219163,0.847546,0.905599,0.861545,0.458207,0.134081,0.855377,0.241023,0.372576
58,0.0,1.0,1.0,0.161937,0.161937,0.829089,0.913217,0.872718,0.613689,0.176268,0.84512,0.3003,0.275292
59,0.0,1.0,1.0,0.148598,0.148598,0.818029,0.953122,0.931246,0.697198,0.200228,0.862194,0.320173,0.252616
60,0.0,1.0,1.0,0.090073,0.090073,0.809492,0.949325,0.925676,0.705261,0.200228,0.855932,0.325633,0.153123
61,0.0,1.0,1.0,0.066931,0.066931,0.806695,0.968846,0.954307,0.706286,0.200228,0.867321,0.319625,0.113782
62,0.0,1.0,1.0,0.057144,0.057144,0.803103,0.969018,0.954559,0.706228,0.200228,0.865998,0.320338,0.097144
63,0.0,1.0,1.0,0.056838,0.056838,0.797603,0.980631,0.971592,0.704754,0.200228,0.871343,0.31703,0.096625
64,0.0,1.0,1.0,0.058841,0.058841,0.793316,0.986155,0.979694,0.703756,0.200228,0.873232,0.315741,0.10003
65,0.0,1.0,1.0,0.061942,0.061942,0.789928,0.986812,0.980658,0.703161,0.200228,0.872329,0.316089,0.105301
66,0.0,1.0,1.0,0.043896,0.043896,0.786527,0.972192,0.959215,0.702664,0.200228,0.861588,0.321872,0.074622
67,0.0,1.0,1.0,0.027233,0.027233,0.782941,0.984294,0.976965,0.701132,0.200228,0.868016,0.317954,0.046296
68,0.0,1.0,1.0,0.037502,0.037502,0.781859,0.994076,0.991312,0.700534,0.200228,0.873906,0.314565,0.063754
69,0.0,1.0,1.0,0.026933,0.026933,0.779036,0.987697,0.981956,0.699127,0.200228,0.868744,0.317052,0.045787
70,0.0,1.0,1.0,-0.001146,0.001146,0.777827,1.0,1.0,0.698427,0.200228,0.876209,0.312772,0.001949
71,0.0,1.0,1.0,-0.021328,0.021328,0.782149,1.0,1.0,0.711733,0.203698,0.877273,0.316728,0.036257
72,0.0,1.0,1.0,-0.033826,0.033826,0.783261,1.0,1.0,0.71232,0.203698,0.877689,0.316646,0.057503
73,0.0,1.0,1.0,-0.01845,0.01845,0.783531,0.99758,0.99645,0.712425,0.203698,0.876234,0.317472,0.031365
74,0.0,1.0,1.0,-0.012381,0.012381,0.785232,1.0,1.0,0.713332,0.203698,0.878426,0.316493,0.021047
75,0.0,1.0,1.0,0.0024,0.0024,0.787743,1.0,1.0,0.714767,0.203698,0.879359,0.316339,0.004081
76,0.0,1.0,1.0,-0.005746,0.005746,0.792546,0.999996,0.999994,0.719002,0.20417,0.881066,0.316624,0.009769
77,0.0,1.0,1.0,-0.001801,0.001801,0.792058,0.998741,0.998153,0.717195,0.203696,0.880153,0.316508,0.003061
78,0.0,1.0,1.0,0.009802,0.009802,0.792351,1.0,1.0,0.719446,0.204368,0.880968,0.316858,0.016663
79,0.0,1.0,1.0,0.002371,0.002371,0.792607,1.0,1.0,0.719624,0.204368,0.881062,0.316851,0.004031
80,0.0,1.0,1.0,0.010143,0.010143,0.795304,1.0,1.0,0.721473,0.204377,0.882048,0.316774,0.017243
81,0.0,1.0,1.0,-0.003699,0.003699,0.828438,1.0,1.0,0.599589,0.174793,0.901396,0.265307,0.006288
82,0.0,1.0,1.0,-0.009531,0.009531,0.85986,1.0,1.0,0.440468,0.131763,0.921921,0.199178,0.016203
83,0.0,1.0,1.0,-0.014592,0.014592,0.882086,1.0,1.0,0.329945,0.100095,0.936337,0.152534,0.024806
84,0.0,1.0,1.0,0.225856,0.225856,0.901628,1.0,1.0,0.229136,0.071209,0.949195,0.11015,0.383955
85,0.0,1.0,1.0,0.191709,0.191709,0.881827,0.896353,0.847985,0.400853,0.11647,0.866009,0.214673,0.325905
86,0.0035,0.9965,1.0,0.146962,0.146962,0.86363,0.91224,0.871286,0.549795,0.158063,0.861503,0.268944,0.249836
87,0.007,0.993,1.0,0.11946,0.11946,0.850531,0.941223,0.913794,0.646271,0.186403,0.870086,0.298261,0.203082
88,0.0105,0.9895,1.0,0.105654,0.105654,0.841399,0.960466,0.942017,0.652029,0.186403,0.878524,0.29506,0.179612
89,0.014,0.986,1.0,0.093898,0.093898,0.834572,0.971492,0.958189,0.655536,0.186403,0.882712,0.293633,0.159627
90,0.0175,0.9825,1.0,0.088347,0.088347,0.829912,0.96739,0.952172,0.657533,0.186403,0.878109,0.296664,0.15019
91,0.021,0.979,1.0,0.070141,0.070141,0.823429,0.960143,0.941543,0.65907,0.186403,0.870777,0.301081,0.119239
92,0.0245,0.9755,1.0,0.049521,0.049521,0.817172,0.978714,0.96878,0.658832,0.186403,0.880233,0.295821,0.084186
93,0.028,0.972,1.0,0.038941,0.038941,0.815419,0.985269,0.978394,0.658608,0.186403,0.88376,0.293825,0.066199
94,0.0315,0.9685,1.0,0.001403,0.001403,0.813668,0.975351,0.963848,0.658106,0.186403,0.876704,0.29758,0.002385
95,0.035,0.965,1.0,-0.024902,0.024902,0.813631,1.0,1.0,0.657821,0.186317,0.892561,0.288758,0.042334
96,0.0385,0.9615,1.0,-0.044162,0.044162,0.813109,1.0,1.0,0.657596,0.186317,0.892364,0.28881,0.075075
97,0.042,0.958,1.0,-0.054074,0.054074,0.811602,0.983231,0.975406,0.657281,0.186317,0.880989,0.294987,0.091925
98,0.0455,0.9545,1.0,-0.037071,0.037071,0.806407,0.972809,0.96012,0.655923,0.186317,0.872274,0.299441,0.063021
99,0.049,0.951,1.0,-0.046671,0.046671,0.802806,0.977388,0.966836,0.654323,0.186317,0.87386,0.298169,0.079342
100,0.0525,0.9475,1.0,-0.045076,0.045076,0.79635,0.97331,0.960854,0.651304,0.186317,0.868804,0.300195,0.07663
101,0.056,0.944,1.0,-0.013605,0.013605,0.790614,0.971777,0.958607,0.648552,0.186317,0.865661,0.301235,0.023129
102,0.0595,0.9405,1.0,-0.017587,0.017587,0.788893,0.99752,0.996362,0.645366,0.185685,0.881693,0.2914,0.029898
103,0.063,0.937,1.0,-0.001181,0.001181,0.787758,0.990077,0.985446,0.644607,0.185685,0.876489,0.294072,0.002007
104,0.0665,0.9335,1.0,-0.017776,0.017776,0.787931,1.0,1.0,0.645943,0.186081,0.882875,0.291033,0.03022
105,0.07,0.93,1.0,-0.018333,0.018333,0.786818,0.990819,0.986535,0.645199,0.186081,0.876561,0.29432,0.031166
106,0.0735,0.9265,1.0,-0.032206,0.032206,0.784684,0.99426,0.991581,0.637837,0.184137,0.878289,0.290848,0.054751
107,0.077,0.923,1.0,-0.032661,0.032661,0.781377,0.988513,0.983152,0.63182,0.182779,0.87357,0.291464,0.055523
108,0.0805,0.9195,1.0,-0.011829,0.011829,0.778742,1.0,1.0,0.630344,0.182779,0.87998,0.28757,0.02011
109,0.084,0.916,1.0,-0.040862,0.040862,0.809954,1.0,1.0,0.498933,0.147906,0.899035,0.232031,0.069466
110,0.0875,0.9125,1.0,-0.025958,0.025958,0.831953,1.0,1.0,0.39241,0.119221,0.913161,0.187591,0.044129
111,0.091,0.909,1.0,-0.017196,0.017196,0.849599,1.0,1.0,0.329018,0.101533,0.923389,0.159927,0.029233
112,0.0945,0.9055,1.0,0.240014,0.240014,0.864513,1.0,1.0,0.292049,0.091162,0.931203,0.142757,0.408023
113,0.098,0.902,1.0,0.172851,0.172851,0.844919,0.904707,0.860237,0.463169,0.135949,0.853504,0.243947,0.293847
114,0.1015,0.8985,1.0,0.144641,0.144641,0.833405,0.944889,0.91917,0.556501,0.162266,0.870082,0.267373,0.24589
115,0.105,0.895,1.0,0.110514,0.110514,0.825195,0.951413,0.928739,0.620738,0.181031,0.867784,0.291264,0.187874
116,0.1085,0.8915,1.0,0.095983,0.095983,0.819307,0.960222,0.941659,0.624064,0.181031,0.870929,0.290366,0.163171
117,0.112,0.888,1.0,0.080182,0.080182,0.812532,0.962799,0.945438,0.626015,0.181031,0.869779,0.291486,0.136309
118,0.1155,0.8845,1.0,0.095539,0.095539,0.806517,0.948622,0.924646,0.626457,0.181031,0.858231,0.297948,0.162416
119,0.119,0.881,1.0,0.075238,0.075238,0.792789,0.953932,0.932434,0.612534,0.176964,0.856852,0.293802,0.127905
120,0.1225,0.8775,1.0,0.044271,0.044271,0.785449,0.979733,0.970275,0.611467,0.176964,0.870568,0.285992,0.075261
121,0.126,0.874,1.0,0.040147,0.040147,0.785433,1.0,1.0,0.611463,0.176964,0.8836,0.278823,0.068249
122,0.1295,0.8705,1.0,0.037466,0.037466,0.787464,0.997994,0.997058,0.611866,0.176964,0.883102,0.279198,0.063693
123,0.133,0.867,1.0,0.05576,0.05576,0.787406,1.0,1.0,0.611847,0.176964,0.88437,0.278496,0.094792
124,0.1365,0.8635,1.0,0.061644,0.061644,0.786081,0.993032,0.989781,0.611663,0.176964,0.879366,0.281202,0.104794
125,0.14,0.86,1.0,0.057995,0.057995,0.783664,0.96867,0.95405,0.611383,0.176964,0.862741,0.290276,0.098591
126,0.1435,0.8565,1.0,0.074896,0.074896,0.777191,0.973647,0.961349,0.605301,0.175767,0.863657,0.287832,0.127324
127,0.147,0.853,1.0,0.04136,0.04136,0.768833,0.951925,0.92949,0.603079,0.175767,0.846451,0.29674,0.070312
128,0.1505,0.8495,1.0,0.023169,0.023169,0.762974,0.984619,0.977441,0.582666,0.170235,0.866161,0.27886,0.039387
129,0.154,0.846,1.0,0.002766,0.002766,0.762187,0.996846,0.995374,0.581577,0.170049,0.873767,0.27434,0.004703
130,0.1575,0.8425,1.0,-0.004693,0.004693,0.764458,1.0,1.0,0.598995,0.175238,0.875833,0.279374,0.007978
131,0.161,0.839,1.0,-0.028725,0.028725,0.76847,1.0,1.0,0.614265,0.179406,0.876675,0.284187,0.048833
132,0.1645,0.8355,1.0,-0.012733,0.012733,0.769044,0.988981,0.983839,0.614555,0.179406,0.869801,0.28804,0.021645
133,0.168,0.832,1.0,-0.01472,0.01472,0.768912,1.0,1.0,0.61355,0.179105,0.876887,0.283786,0.025024
134,0.1715,0.8285,1.0,-0.038877,0.038877,0.772724,1.0,1.0,0.615602,0.179105,0.87831,0.283517,0.066091
135,0.175,0.825,1.0,-0.051064,0.051064,0.77084,0.98586,0.979262,0.61472,0.179105,0.868504,0.288689,0.086808
136,0.1785,0.8215,1.0,-0.03745,0.03745,0.765901,1.0,1.0,0.612459,0.179105,0.875738,0.284145,0.063665
137,0.182,0.818,1.0,-0.016543,0.016543,0.795442,1.0,1.0,0.450858,0.135938,0.895634,0.217694,0.028124
138,0.1855,0.8145,1.0,0.021958,0.021958,0.818237,1.0,1.0,0.361124,0.110315,0.909239,0.17881,0.037329
139,0.189,0.811,1.0,0.071024,0.071024,0.836128,1.0,1.0,0.303352,0.093948,0.919284,0.153114,0.120741
140,0.1925,0.8075,1.0,0.338491,0.338491,0.841887,1.0,1.0,0.269336,0.083837,0.923288,0.138869,0.575434
141,0.196,0.804,1.0,0.268971,0.268971,0.806521,0.831538,0.752922,0.596222,0.164673,0.78442,0.32526,0.457251
142,0.1995,0.8005,1.0,0.189685,0.189685,0.77899,0.886892,0.834109,0.830385,0.227603,0.797311,0.398736,0.322465
143,0.203,0.797,1.0,0.16578,0.16578,0.76526,0.925361,0.890529,0.939732,0.258985,0.811099,0.429473,0.281826
144,0.2065,0.7935,1.0,0.126153,0.126153,0.752056,0.920755,0.883774,0.949457,0.258985,0.802369,0.436706,0.21446
145,0.21,0.79,1.0,0.099741,0.099741,0.740115,0.943909,0.917733,0.951617,0.258985,0.81238,0.43174,0.16956
146,0.2135,0.7865,1.0,0.073819,0.073819,0.731424,0.959386,0.940433,0.950928,0.258985,0.818895,0.427985,0.125492
147,0.217,0.783,1.0,0.060302,0.060302,0.726123,0.988222,0.982726,0.949273,0.258985,0.835408,0.418489,0.102514
148,0.2205,0.7795,1.0,0.070559,0.070559,0.72546,1.0,1.0,0.949081,0.258985,0.84273,0.414414,0.11995
149,0.224,0.776,1.0,0.062983,0.062983,0.72416,0.991806,0.987982,0.948849,0.258985,0.83695,0.417534,0.10707
150,0.2275,0.7725,1.0,0.050883,0.050883,0.723433,1.0,1.0,0.948657,0.258985,0.84194,0.414742,0.086501
151,0.231,0.769,1.0,0.024807,0.024807,0.726935,0.993789,0.990891,0.949439,0.258985,0.839306,0.416386,0.042171
152,0.2345,0.7655,1.0,-0.008946,0.008946,0.729348,0.998932,0.998433,0.950977,0.258985,0.843503,0.414462,0.015208
153,0.238,0.762,1.0,-0.016404,0.016404,0.731423,0.99597,0.994089,0.95657,0.260247,0.842148,0.417048,0.027887
154,0.2415,0.7585,1.0,-0.015008,0.015008,0.729434,0.992362,0.988798,0.944687,0.256925,0.839626,0.414301,0.025514
155,0.245,0.755,1.0,0.018968,0.018968,0.72793,1.0,1.0,0.933206,0.253583,0.844512,0.407574,0.032245
156,0.2485,0.7515,1.0,0.018604,0.018604,0.729352,0.995934,0.994036,0.934298,0.253583,0.84241,0.409003,0.031627
157,0.252,0.748,1.0,0.03365,0.03365,0.728496,0.997467,0.996285,0.931267,0.252824,0.843206,0.407542,0.057204
158,0.2555,0.7445,1.0,0.019902,0.019902,0.725736,1.0,1.0,0.927462,0.252263,0.843921,0.406001,0.033834
159,0.259,0.741,1.0,-0.004229,0.004229,0.728503,1.0,1.0,0.929382,0.252263,0.844932,0.405925,0.007189
160,0.2625,0.7375,1.0,-0.021008,0.021008,0.735333,1.0,1.0,0.946333,0.256321,0.846817,0.410546,0.035714
161,0.266,0.734,1.0,-0.031133,0.031133,0.737731,0.997088,0.995729,0.94791,0.256321,0.845823,0.411487,0.052925
162,0.2695,0.7305,1.0,0.011501,0.011501,0.735603,0.994016,0.991224,0.946348,0.256321,0.843074,0.412609,0.019552
163,0.273,0.727,1.0,-0.004873,0.004873,0.737128,1.0,1.0,0.951132,0.25749,0.847295,0.411892,0.008283
164,0.2765,0.7235,1.0,0.01089,0.01089,0.746775,1.0,1.0,0.962691,0.2597,0.850575,0.413751,0.018513
165,0.28,0.72,1.0,-0.006852,0.006852,0.79455,1.0,1.0,0.715474,0.202129,0.882046,0.314488,0.011649
166,0.2915,0.7085,1.0,0.010838,0.010838,0.832776,1.0,1.0,0.528512,0.155221,0.906685,0.237779,0.018425
167,0.303,0.697,1.0,0.016332,0.016332,0.858858,1.0,1.0,0.417624,0.12524,0.922662,0.190776,0.027765
168,0.3145,0.6855,1.0,0.289707,0.289707,0.880652,1.0,1.0,0.308899,0.094586,0.936816,0.145081,0.492502
169,0.326,0.674,1.0,0.251873,0.251873,0.856801,0.876109,0.818293,0.530523,0.149104,0.836491,0.274747,0.428185
170,0.3375,0.6625,1.0,0.208383,0.208383,0.834615,0.883878,0.829687,0.724404,0.199815,0.82292,0.34843,0.354251
171,0.349,0.651,1.0,0.190637,0.190637,0.814991,0.903425,0.858357,0.884491,0.24467,0.819642,0.405954,0.324083
172,0.3605,0.6395,1.0,0.159284,0.159284,0.795984,0.921688,0.885143,0.90347,0.24467,0.822839,0.40894,0.270783
173,0.372,0.628,1.0,0.118217,0.118217,0.783044,0.937195,0.907886,0.913596,0.24467,0.827133,0.40911,0.20097
174,0.3835,0.6165,1.0,0.081367,0.081367,0.77499,0.956087,0.935594,0.916756,0.24467,0.835907,0.405075,0.138324
175,0.395,0.605,1.0,0.075121,0.075121,0.770544,0.963113,0.945899,0.916832,0.24467,0.838645,0.403588,0.127705
176,0.4065,0.5935,1.0,0.095073,0.095073,0.763206,0.956842,0.936702,0.915088,0.24467,0.831763,0.406937,0.161624
177,0.418,0.582,1.0,0.08744,0.08744,0.750646,0.948694,0.924751,0.911959,0.24467,0.821654,0.411714,0.148648
178,0.4295,0.5705,1.0,0.075826,0.075826,0.740287,0.952762,0.930717,0.90888,0.24467,0.820281,0.4117,0.128905
179,0.441,0.559,1.0,0.072918,0.072918,0.731418,0.962919,0.945614,0.905072,0.24467,0.823458,0.409001,0.12396
180,0.4525,0.5475,0.9955,0.088875,0.088875,0.72355,0.964578,0.948047,0.901485,0.24467,0.821557,0.409149,0.151087
181,0.464,0.536,0.9748,0.084001,0.084001,0.713302,0.963984,0.947176,0.897574,0.24467,0.817272,0.410528,0.142801
182,0.4755,0.5245,0.9541,0.068617,0.068617,0.705959,0.958196,0.938688,0.895042,0.24467,0.810738,0.413489,0.116649
183,0.487,0.513,0.9334,0.082288,0.082288,0.698855,0.958008,0.938411,0.890905,0.24467,0.807982,0.413971,0.139889
184,0.4985,0.5015,0.9127,0.082849,0.082849,0.687471,0.960035,0.941384,0.877074,0.242467,0.805424,0.411149,0.140843
185,0.51,0.49,0.892,0.103612,0.103612,0.678453,0.966272,0.950533,0.872094,0.242467,0.806078,0.409544,0.176141
186,0.5215,0.4785,0.8713,0.098703,0.098703,0.667883,0.939928,0.911894,0.868167,0.242467,0.785098,0.420101,0.167795
187,0.533,0.467,0.8506,0.069213,0.069213,0.655166,0.938807,0.91025,0.860608,0.242467,0.779668,0.421198,0.117662
188,0.5445,0.4555,0.8299,0.039615,0.039615,0.645783,0.961963,0.944213,0.846171,0.240461,0.791534,0.41036,0.067346
189,0.556,0.444,0.8092,0.066627,0.066627,0.641594,0.978633,0.968661,0.836148,0.238647,0.801084,0.401967,0.113267
190,0.5675,0.4325,0.7885,0.093336,0.093336,0.632877,0.963616,0.946637,0.795052,0.227726,0.789991,0.393972,0.158672
191,0.579,0.421,0.7678,0.084373,0.084373,0.620846,0.94978,0.926344,0.729892,0.20913,0.779536,0.376924,0.143433
192,0.5905,0.4095,0.7471,0.072571,0.072571,0.610923,1.0,1.0,0.669188,0.191701,0.81091,0.338392,0.12337
193,0.602,0.398,0.7264,0.09489,0.09489,0.642589,1.0,1.0,0.536418,0.158678,0.830215,0.283023,0.161314
194,0.6135,0.3865,0.7057,0.070046,0.070046,0.665482,1.0,1.0,0.419452,0.127815,0.84522,0.234727,0.119078
195,0.625,0.375,0.685,0.050522,0.050522,0.685656,1.0,1.0,0.315879,0.09776,0.858469,0.191028,0.085888
196,0.6365,0.3635,0.6643,0.365103,0.365103,0.70609,1.0,1.0,0.237116,0.074783,0.87058,0.156634,0.620675
197,0.648,0.352,0.6436,0.342284,0.342284,0.676075,0.838987,0.763848,0.517515,0.143389,0.740969,0.322032,0.581883
198,0.6595,0.3405,0.6229,0.328399,0.328399,0.643398,0.829837,0.750427,0.803682,0.218078,0.707703,0.438011,0.558278
199,0.671,0.329,0.6022,0.313095,0.313095,0.607373,0.834819,0.757734,1.0,0.293007,0.686682,0.524877,0.532261
200,0.6825,0.3175,0.5815,0.308188,0.308188,0.572668,0.857812,0.791457,1.0,0.293007,0.687593,0.524376,0.523919
201,0.694,0.306,0.5608,0.323474,0.323474,0.541589,0.856034,0.78885,1.0,0.293007,0.674017,0.531843,0.549906
202,0.7055,0.2945,0.5401,0.315329,0.315329,0.507167,0.83849,0.763119,1.0,0.293007,0.648962,0.545623,0.536059
203,0.717,0.283,0.5194,0.318113,0.318113,0.47224,0.841906,0.768129,1.0,0.293007,0.637189,0.552099,0.540792
204,0.7285,0.2715,0.4987,0.273026,0.273026,0.436482,0.850497,0.780729,1.0,0.293007,0.628413,0.556925,0.464145
205,0.74,0.26,0.478,0.265703,0.265703,0.409627,0.876723,0.819193,1.0,0.293007,0.634542,0.553554,0.451694
206,0.7515,0.2485,0.4573,0.244787,0.244787,0.383128,0.871466,0.811483,1.0,0.293007,0.620561,0.561244,0.416139
207,0.763,0.237,0.4366,0.218036,0.218036,0.357437,0.894022,0.844566,1.0,0.293007,0.624796,0.558915,0.370662
208,0.7745,0.2255,0.4159,0.198344,0.198344,0.33764,0.911835,0.870691,1.0,0.293007,0.628336,0.556968,0.337185
209,0.786,0.214,0.3952,0.189143,0.189143,0.320797,0.938218,0.909387,1.0,0.293007,0.638573,0.551337,0.321543
210,0.7975,0.2025,0.3745,0.202904,0.202904,0.308324,0.941017,0.913492,1.0,0.293007,0.635384,0.553091,0.344937
211,0.809,0.191,0.3538,0.176424,0.176424,0.293128,0.91281,0.872122,1.0,0.293007,0.611159,0.566415,0.29992
212,0.8205,0.1795,0.3331,0.174971,0.174971,0.277493,0.910777,0.869139,1.0,0.293007,0.603597,0.570574,0.29745
213,0.832,0.168,0.3124,0.164511,0.164511,0.257754,0.929341,0.896367,1.0,0.282864,0.607644,0.564798,0.279669
214,0.8435,0.1565,0.2917,0.157186,0.157186,0.243479,0.953582,0.93192,1.0,0.280882,0.617529,0.558668,0.267216
215,0.855,0.145,0.271,0.174062,0.174062,0.234168,0.952513,0.930353,1.0,0.280882,0.613117,0.561094,0.295905
216,0.8665,0.1335,0.2503,0.182643,0.182643,0.221088,0.93381,0.902922,1.0,0.280882,0.595853,0.57059,0.310493
217,0.878,0.122,0.2296,0.205744,0.205744,0.205036,0.94277,0.916062,1.0,0.273443,0.595196,0.568347,0.349765
218,0.8895,0.1105,0.2089,0.202061,0.202061,0.18887,0.911501,0.870202,0.928251,0.252677,0.572201,0.555789,0.343503
219,0.901,0.099,0.1882,0.188818,0.188818,0.169617,0.90117,0.85505,0.806709,0.221189,0.563931,0.518931,0.320991
220,0.9125,0.0875,0.1675,0.184263,0.184263,0.149449,1.0,1.0,0.648462,0.180009,0.627357,0.430072,0.313247
221,0.924,0.076,0.1468,0.188237,0.188237,0.175822,1.0,1.0,0.593482,0.166133,0.640655,0.404157,0.320004
222,0.9355,0.0645,0.1261,0.191125,0.191125,0.198287,1.0,1.0,0.558724,0.158076,0.651379,0.386749,0.324912
223,0.947,0.053,0.1054,0.171403,0.171403,0.218306,1.0,1.0,0.536056,0.153719,0.66052,0.37453,0.291385
224,0.9585,0.0415,0.0847,0.492704,0.492704,0.238969,1.0,1.0,0.532262,0.154605,0.668975,0.369241,0.837596
225,0.97,0.03,0.064,0.496632,0.496632,0.212061,0.889633,0.838128,0.778509,0.21373,0.574896,0.50324,0.844274
226,0.9815,0.0185,0.0433,0.541871,0.541871,0.186809,0.881759,0.82658,1.0,0.27145,0.548655,0.593247,0.921181
227,0.993,0.007,0.0226,0.575638,0.575638,0.153771,0.854071,0.785971,1.0,0.346036,0.517627,0.636418,0.978584
228,1.0,0.0,0.01,0.560279,0.560279,0.116216,0.802644,0.710545,1.0,0.37368,0.469521,0.672552,0.952475
229,1.0,0.0,0.01,0.555107,0.555107,0.074325,0.807885,0.718232,1.0,0.394896,0.456136,0.687339,0.943681
230,1.0,0.0,0.01,0.528765,0.528765,0.03212,0.797617,0.703172,1.0,0.399308,0.432648,0.701801,0.8989
231,1.0,0.0,0.01,0.518132,0.518132,0.0,0.797351,0.702781,1.0,0.399308,0.419629,0.708962,0.880824
232,1.0,0.0,0.01,0.523813,0.523813,0.0,0.791443,0.694116,1.0,0.399308,0.415828,0.711052,0.890482
233,1.0,0.0,0.01,0.545518,0.545518,0.0,0.781737,0.679881,1.0,0.399308,0.409584,0.714487,0.927381
234,1.0,0.0,0.01,0.532395,0.532395,0.0,0.776556,0.672282,1.0,0.399308,0.406251,0.71632,0.905071
235,1.0,0.0,0.01,0.52062,0.52062,0.0,0.767845,0.659506,1.0,0.399308,0.400647,0.719402,0.885054
236,1.0,0.0,0.01,0.481969,0.481969,0.0,0.774577,0.669379,1.0,0.399308,0.404978,0.71702,0.819347
237,1.0,0.0,0.01,0.479041,0.479041,0.0,0.792962,0.696345,1.0,0.399308,0.416806,0.710514,0.814369
238,1.0,0.0,0.01,0.459917,0.459917,0.0,0.790095,0.692139,1.0,0.396124,0.414961,0.710415,0.781859
239,1.0,0.0,0.01,0.450387,0.450387,0.0,0.813573,0.726573,1.0,0.387639,0.430065,0.699138,0.765659
240,1.0,0.0,0.01,0.434604,0.434604,0.0,0.825384,0.743897,1.0,0.384238,0.437664,0.693768,0.738827
241,1.0,0.0,0.01,0.432907,0.432907,0.0,0.850743,0.78109,1.0,0.382374,0.453978,0.684143,0.735942
242,1.0,0.0,0.01,0.401268,0.401268,0.0,0.849448,0.779191,1.0,0.382374,0.453145,0.684601,0.682156
243,1.0,0.0,0.01,0.374861,0.374861,0.0,0.861446,0.796787,1.0,0.382374,0.460863,0.680356,0.637264
244,1.0,0.0,0.01,0.413188,0.413188,0.0,0.875697,0.817689,1.0,0.382374,0.470032,0.675313,0.702419
245,1.0,0.0,0.01,0.390014,0.390014,0.0,0.853293,0.784829,1.0,0.380086,0.455618,0.68244,0.663024
246,1.0,0.0,0.01,0.370272,0.370272,0.0,0.87029,0.809758,1.0,0.317878,0.466553,0.654653,0.629462
247,1.0,0.0,0.01,0.403336,0.403336,0.0,0.870303,0.809777,0.96155,0.258163,0.468484,0.623078,0.685672
248,1.0,0.0,0.01,0.455628,0.455628,0.0,1.0,1.0,0.652936,0.185292,0.567353,0.466042,0.774567
249,1.0,0.0,0.01,0.434539,0.434539,0.0,1.0,1.0,0.653209,0.185292,0.56734,0.466118,0.738717
250,1.0,0.0,0.01,0.427911,0.427911,0.0,1.0,1.0,0.654508,0.185292,0.567275,0.466478,0.727449
251,1.0,0.0,0.01,0.434059,0.434059,0.0,1.0,1.0,0.651439,0.185292,0.567428,0.465627,0.7379
252,1.0,0.0,0.01,0.785176,0.785176,0.0,1.0,1.0,0.610049,0.175252,0.569498,0.450627,1.0
253,1.0,0.0,0.01,0.767412,0.767412,0.0,0.849955,0.779934,0.930692,0.250218,0.456936,0.618935,1.0
254,1.0,0.0,0.01,0.762997,0.762997,0.0,0.844361,0.771729,1.0,0.320986,0.449872,0.664916,1.0
255,1.0,0.0,0.01,0.776989,0.776989,0.0,0.840305,0.765781,1.0,0.393479,0.447263,0.691723,1.0
256,1.0,0.0,0.01,0.784815,0.784815,0.0,0.834885,0.757832,1.0,0.398143,0.443776,0.695273,1.0
257,1.0,0.0,0.01,0.778044,0.778044,0.0,0.843937,0.771107,1.0,0.403944,0.449599,0.694101,1.0
258,1.0,0.0,0.01,0.775635,0.775635,0.0,0.839794,0.765031,1.0,0.404296,0.446934,0.69569,1.0
259,1.0,0.0,0.01,0.750887,0.750887,0.0,0.833686,0.756073,1.0,0.404296,0.443005,0.697851,1.0
