agent,step,perturbation,memory,intent,correction,constraint,truth,coherence,gv,mode,reasons,action
gv_runtime_recoverable,0,0.0,1.0,0.9896,1.0,1.0,0.98049,0.987326,0.992868,STABLE,,continue
gv_runtime_recoverable,1,0.0,0.986978,0.992314,0.996838,0.999832,0.974527,0.982521,0.988926,STABLE,,continue
gv_runtime_recoverable,2,0.0,0.997689,1.0,0.99808,1.0,0.982554,0.990034,0.994427,STABLE,,continue
gv_runtime_recoverable,3,0.0,0.989436,1.0,0.988844,1.0,0.984351,0.987128,0.99147,STABLE,,continue
gv_runtime_recoverable,4,0.0,0.989143,0.993191,1.0,0.998455,0.982127,0.987061,0.991847,STABLE,,continue
gv_runtime_recoverable,5,0.0,0.987219,0.999453,1.0,1.0,0.988787,0.990151,0.994513,STABLE,,continue
gv_runtime_recoverable,6,0.0,1.0,0.995465,0.994878,0.991862,0.996423,0.993494,0.995219,STABLE,,continue
gv_runtime_recoverable,7,0.0,1.0,0.994951,0.987419,0.984688,1.0,0.98802,0.992316,STABLE,,continue
gv_runtime_recoverable,8,0.0,1.0,1.0,0.983078,0.989025,1.0,0.988397,0.993075,STABLE,,continue
gv_runtime_recoverable,9,0.0,1.0,1.0,0.988428,0.997258,1.0,0.993327,0.996346,STABLE,,continue
gv_runtime_recoverable,10,0.0,1.0,1.0,0.975986,0.994423,0.995296,0.985589,0.991419,STABLE,,continue
gv_runtime_recoverable,11,0.0,0.993611,0.997249,0.995354,0.986498,1.0,0.990678,0.993967,STABLE,,continue
gv_runtime_recoverable,12,0.0,0.977723,0.994279,0.997836,0.994137,1.0,0.986118,0.992612,STABLE,,continue
gv_runtime_recoverable,13,0.0,0.988936,0.991582,0.993611,1.0,0.998087,0.990972,0.994412,STABLE,,continue
gv_runtime_recoverable,14,0.0,0.977807,0.98141,0.985592,1.0,0.999763,0.98102,0.988848,STABLE,,continue
gv_runtime_recoverable,15,0.0,0.987979,0.979703,0.989828,1.0,0.996701,0.984814,0.990757,STABLE,,continue
gv_runtime_recoverable,16,0.0,0.994316,0.975885,0.988069,0.996183,0.985176,0.981778,0.98732,STABLE,,continue
gv_runtime_recoverable,17,0.0,1.0,0.974519,0.99039,1.0,0.991593,0.983382,0.990599,STABLE,,continue
gv_runtime_recoverable,18,0.0,1.0,0.97705,0.987925,0.999203,0.975826,0.979187,0.986593,STABLE,,continue
gv_runtime_recoverable,19,0.0,0.985529,0.96699,0.980174,1.0,0.969952,0.970476,0.979443,STABLE,,continue
gv_runtime_recoverable,20,0.0,0.983877,0.984538,0.98026,1.0,0.96457,0.973042,0.980967,STABLE,,continue
gv_runtime_recoverable,21,0.0,0.984196,0.977172,0.980501,1.0,0.95196,0.965573,0.976459,STABLE,,continue
gv_runtime_recoverable,22,0.0,0.990867,0.982699,0.978148,0.985539,0.959003,0.969959,0.976995,STABLE,,continue
gv_runtime_recoverable,23,0.0,0.986916,0.987414,0.982387,1.0,0.962005,0.973249,0.981716,STABLE,,continue
gv_runtime_recoverable,24,0.0,0.978607,0.990943,0.987828,1.0,0.975356,0.979038,0.985561,STABLE,,continue
gv_runtime_recoverable,25,0.126014,0.939683,0.917298,0.930744,0.983173,0.96714,0.927094,0.946843,STABLE,,continue
gv_runtime_recoverable,26,0.0,0.934795,0.935063,0.941265,0.97068,0.961309,0.936149,0.948372,STABLE,,continue
gv_runtime_recoverable,27,0.0,0.947528,0.952405,0.972039,1.0,0.970545,0.952794,0.968178,STABLE,,continue
gv_runtime_recoverable,28,0.0,0.945357,0.937653,0.979861,0.991871,0.970267,0.947564,0.964963,STABLE,,continue
gv_runtime_recoverable,29,0.0,0.947279,0.944849,0.994227,0.994511,0.972594,0.9523,0.970599,STABLE,,continue
gv_runtime_recoverable,30,0.0,0.944683,0.935713,0.990426,0.994695,0.99388,0.949726,0.972166,STABLE,,continue
gv_runtime_recoverable,31,0.0,0.954128,0.954412,0.987195,0.983544,0.985034,0.959921,0.973032,STABLE,,continue
gv_runtime_recoverable,32,0.0,0.953628,0.981988,0.981337,0.994095,0.977974,0.966529,0.977227,STABLE,,continue
gv_runtime_recoverable,33,0.0,0.96977,0.988323,0.983204,0.994464,0.974325,0.974365,0.981166,STABLE,,continue
gv_runtime_recoverable,34,0.0,0.978681,0.985385,0.974039,0.982413,0.97943,0.976755,0.979327,STABLE,,continue
gv_runtime_recoverable,35,0.0,0.99761,0.989001,0.977629,0.987586,0.995197,0.983479,0.988243,STABLE,,continue
gv_runtime_recoverable,36,0.0,1.0,0.98641,0.992808,0.993507,1.0,0.990214,0.994127,STABLE,,continue
gv_runtime_recoverable,37,0.0,1.0,0.976041,0.98045,1.0,1.0,0.982162,0.990434,STABLE,,continue
gv_runtime_recoverable,38,0.0,0.998205,0.975515,0.998662,0.98893,0.991053,0.983328,0.98984,STABLE,,continue
gv_runtime_recoverable,39,0.0,1.0,0.974948,0.998857,0.988752,0.995606,0.983799,0.990991,STABLE,,continue
gv_runtime_recoverable,40,0.0,1.0,0.979311,1.0,0.969731,0.995697,0.978523,0.987485,STABLE,,continue
gv_runtime_recoverable,41,0.0,0.991568,0.969978,0.991218,0.970373,1.0,0.974247,0.983713,STABLE,,continue
gv_runtime_recoverable,42,0.0,0.979545,0.974427,0.987993,0.970995,1.0,0.973737,0.982087,STABLE,,continue
gv_runtime_recoverable,43,0.0,0.987937,0.99133,0.988657,0.967853,0.997761,0.978171,0.98533,STABLE,,continue
gv_runtime_recoverable,44,0.0,0.992138,0.994293,0.9799,0.972988,1.0,0.979435,0.98627,STABLE,,continue
gv_runtime_recoverable,45,0.0,1.0,1.0,0.975066,0.973669,0.985366,0.97705,0.98412,STABLE,,continue
gv_runtime_recoverable,46,0.0,0.994093,1.0,0.991712,0.969843,0.98075,0.978168,0.984962,STABLE,,continue
gv_runtime_recoverable,47,0.0,0.97349,0.998373,0.982613,0.968518,0.974515,0.970607,0.977564,STABLE,,continue
gv_runtime_recoverable,48,0.0,0.976449,0.981021,0.971142,0.993953,0.964994,0.969175,0.976097,STABLE,,continue
gv_runtime_recoverable,49,0.0,0.968948,1.0,1.0,0.983033,0.965919,0.971171,0.981577,STABLE,,continue
gv_runtime_recoverable,50,0.0,0.976934,1.0,0.990131,0.982813,0.978177,0.97834,0.984233,STABLE,,continue
gv_runtime_recoverable,51,0.0,0.984677,0.996238,0.990609,0.971326,0.978667,0.976869,0.982591,STABLE,,continue
gv_runtime_recoverable,52,0.0,0.984269,0.999079,0.986784,0.979815,0.991602,0.982702,0.987221,STABLE,,continue
gv_runtime_recoverable,53,0.0,0.988139,1.0,0.989747,0.982472,0.985491,0.984111,0.987935,STABLE,,continue
gv_runtime_recoverable,54,0.0,0.99305,0.999027,1.0,1.0,0.991259,0.993484,0.99623,STABLE,,continue
gv_runtime_recoverable,55,0.108866,0.933959,0.95664,0.956904,0.998269,0.968432,0.945034,0.962158,STABLE,,continue
gv_runtime_recoverable,56,0.0,0.952955,0.967168,0.953729,0.993782,0.975223,0.955703,0.967687,STABLE,,continue
gv_runtime_recoverable,57,0.0,0.960404,0.968777,0.961208,0.99208,0.980009,0.962243,0.971926,STABLE,,continue
gv_runtime_recoverable,58,0.0,0.980948,0.947419,0.965977,0.994888,0.9856,0.960818,0.97417,STABLE,,continue
gv_runtime_recoverable,59,0.0,0.980033,0.937108,0.975517,1.0,0.972157,0.955653,0.971971,STABLE,,continue
gv_runtime_recoverable,60,0.0,0.991611,0.942502,0.979409,0.989471,0.972476,0.960045,0.973765,STABLE,,continue
gv_runtime_recoverable,61,0.0,1.0,0.956263,1.0,1.0,0.980489,0.97266,0.986147,STABLE,,continue
gv_runtime_recoverable,62,0.0,1.0,0.966689,1.0,0.997034,0.983722,0.978531,0.988512,STABLE,,continue
gv_runtime_recoverable,63,0.0,0.993026,0.981182,0.988217,1.0,0.983958,0.983587,0.988644,STABLE,,continue
gv_runtime_recoverable,64,0.0,1.0,0.991287,1.0,1.0,0.970349,0.982556,0.990408,STABLE,,continue
gv_runtime_recoverable,65,0.0,0.99933,0.98077,0.994817,1.0,0.980626,0.983726,0.990076,STABLE,,continue
gv_runtime_recoverable,66,0.0,0.99244,0.973286,0.996099,0.987834,0.976464,0.977656,0.984314,STABLE,,continue
gv_runtime_recoverable,67,0.0,0.996673,0.988526,1.0,0.966522,0.982605,0.976783,0.984838,STABLE,,continue
gv_runtime_recoverable,68,0.0,0.997883,0.994248,1.0,0.950296,0.978983,0.968542,0.980847,STABLE,,continue
gv_runtime_recoverable,69,0.0,1.0,0.979226,1.0,0.96052,0.990215,0.973357,0.983903,STABLE,,continue
gv_runtime_recoverable,70,0.0,0.994291,0.99023,1.0,0.968045,0.993847,0.979873,0.987713,STABLE,,continue
gv_runtime_recoverable,71,0.0,0.997834,0.982945,0.998525,0.970725,0.99849,0.980185,0.988391,STABLE,,continue
gv_runtime_recoverable,72,0.0,1.0,0.974713,0.997546,0.989392,0.991253,0.983065,0.989858,STABLE,,continue
gv_runtime_recoverable,73,0.0,0.991777,0.980226,1.0,0.990902,1.0,0.986379,0.992445,STABLE,,continue
gv_runtime_recoverable,74,0.0,1.0,0.991373,1.0,1.0,0.997948,0.995024,0.997685,STABLE,,continue
gv_runtime_recoverable,75,0.0,0.979965,1.0,0.995423,1.0,1.0,0.98848,0.994713,STABLE,,continue
gv_runtime_recoverable,76,0.0,0.966891,0.987484,0.980252,0.992059,1.0,0.975789,0.984962,STABLE,,continue
gv_runtime_recoverable,77,0.0,0.977007,0.991974,0.969758,0.970003,1.0,0.971394,0.980207,STABLE,,continue
gv_runtime_recoverable,78,0.0,0.975674,0.997675,0.982342,0.975333,1.0,0.977162,0.98503,STABLE,,continue
gv_runtime_recoverable,79,0.0,0.981547,1.0,0.978545,0.976783,1.0,0.978517,0.985921,STABLE,,continue
gv_runtime_recoverable,80,0.0,0.992468,0.996063,0.987704,0.97718,0.998825,0.983982,0.989245,STABLE,,continue
gv_runtime_recoverable,81,0.0,1.0,0.976675,0.977002,0.965361,0.975643,0.969262,0.976609,STABLE,,continue
gv_runtime_recoverable,82,0.0,0.993217,0.987388,0.978385,0.971897,0.989741,0.977462,0.982631,STABLE,,continue
gv_runtime_recoverable,83,0.0,1.0,0.988437,0.995898,0.976517,0.982717,0.981463,0.987088,STABLE,,continue
gv_runtime_recoverable,84,0.0,0.994056,0.975228,0.987771,0.976027,0.993027,0.978318,0.984391,STABLE,,continue
gv_runtime_recoverable,85,0.0,1.0,0.964825,0.99395,0.968777,0.998692,0.972288,0.983852,STABLE,,continue
gv_runtime_recoverable,86,0.0,0.998689,0.95137,1.0,0.966836,0.993525,0.965499,0.980582,STABLE,,continue
gv_runtime_recoverable,87,0.0,0.988185,0.951538,1.0,0.969308,0.997664,0.965691,0.980459,STABLE,,continue
gv_runtime_recoverable,88,0.0,0.993543,0.971432,0.996572,0.958578,1.0,0.97027,0.982413,STABLE,,continue
gv_runtime_recoverable,89,0.0,0.991179,0.98652,1.0,0.962718,1.0,0.976432,0.986495,STABLE,,continue
gv_runtime_recoverable,90,0.18535,0.929839,0.896399,0.923755,0.967266,0.980422,0.91363,0.93896,STABLE,,continue
gv_runtime_recoverable,91,0.0,0.943498,0.910438,0.940923,0.96324,0.967103,0.927893,0.944668,STABLE,,continue
gv_runtime_recoverable,92,0.0,0.931085,0.911623,0.947206,0.965145,0.990805,0.925959,0.949121,STABLE,,continue
gv_runtime_recoverable,93,0.0,0.952289,0.914198,0.960397,0.965662,0.989171,0.935615,0.95608,STABLE,,continue
gv_runtime_recoverable,94,0.0,0.961165,0.932231,0.964292,0.980819,0.979177,0.94867,0.963296,STABLE,,continue
gv_runtime_recoverable,95,0.0,0.966945,0.96756,0.973093,0.997675,0.982832,0.967818,0.977338,STABLE,,continue
gv_runtime_recoverable,96,0.0,0.977619,0.971469,0.97634,0.990186,0.989395,0.974654,0.980843,STABLE,,continue
gv_runtime_recoverable,97,0.0,0.972398,0.982062,0.991546,0.995143,0.987928,0.979032,0.985745,STABLE,,continue
gv_runtime_recoverable,98,0.0,0.981001,0.981451,1.0,0.977468,0.98616,0.978508,0.984685,STABLE,,continue
gv_runtime_recoverable,99,0.0,0.963889,0.96906,1.0,0.989385,0.980787,0.969438,0.980475,STABLE,,continue
gv_runtime_recoverable,100,0.0,0.95418,0.943684,0.994565,1.0,0.987664,0.956721,0.976142,STABLE,,continue
gv_runtime_recoverable,101,0.0,0.955329,0.956107,0.979955,0.997027,0.990282,0.961094,0.975837,STABLE,,continue
gv_runtime_recoverable,102,0.0,0.961043,0.970072,0.98709,1.0,0.984677,0.968994,0.980498,STABLE,,continue
gv_runtime_recoverable,103,0.0,0.975756,0.990491,0.979764,0.991123,1.0,0.980055,0.986951,STABLE,,continue
gv_runtime_recoverable,104,0.0,0.977411,1.0,0.979062,1.0,1.0,0.982221,0.99037,STABLE,,continue
gv_runtime_recoverable,105,0.0,0.983319,1.0,0.979297,0.990589,0.995514,0.983275,0.988704,STABLE,,continue
gv_runtime_recoverable,106,0.0,0.990297,0.984342,0.989481,0.98644,1.0,0.985535,0.989849,STABLE,,continue
gv_runtime_recoverable,107,0.0,0.967783,0.978637,0.974552,0.979962,1.0,0.971027,0.9798,STABLE,,continue
gv_runtime_recoverable,108,0.0,0.970733,0.979052,0.977642,0.984633,0.989915,0.974869,0.980267,STABLE,,continue
gv_runtime_recoverable,109,0.0,0.98211,0.988569,0.985607,0.99222,0.994206,0.984826,0.988399,STABLE,,continue
gv_runtime_recoverable,110,0.0,1.0,0.989276,0.985184,0.985709,0.984646,0.984074,0.987668,STABLE,,continue
gv_runtime_recoverable,111,0.0,0.987555,0.981868,0.987203,0.990933,0.987178,0.984479,0.986828,STABLE,,continue
gv_runtime_recoverable,112,0.0,0.981732,0.993372,0.996952,0.990529,0.982336,0.983857,0.988343,STABLE,,continue
gv_runtime_recoverable,113,0.0,0.989905,0.996166,0.983032,0.991096,0.987281,0.985812,0.988604,STABLE,,continue
gv_runtime_recoverable,114,0.0,0.982394,0.998594,0.971606,1.0,1.0,0.980689,0.98924,STABLE,,continue
gv_runtime_recoverable,115,0.0,0.982461,1.0,0.952731,0.988437,0.997062,0.969782,0.981548,STABLE,,continue
gv_runtime_recoverable,116,0.0,0.974321,1.0,0.981401,0.978192,0.989074,0.976862,0.983303,STABLE,,continue
gv_runtime_recoverable,117,0.0,0.980455,1.0,0.9726,0.983552,1.0,0.978014,0.985855,STABLE,,continue
gv_runtime_recoverable,118,0.0,0.966815,0.987189,0.973405,0.980511,1.0,0.971843,0.980863,STABLE,,continue
gv_runtime_recoverable,119,0.0,0.974116,0.971208,0.983453,0.9773,1.0,0.972516,0.981041,STABLE,,continue
gv_runtime_recoverable,120,0.0,0.97165,0.968815,0.991909,0.987917,1.0,0.97388,0.984175,STABLE,,continue
gv_runtime_recoverable,121,0.0,0.958968,0.978499,0.983055,0.99186,0.985763,0.970109,0.979447,STABLE,,continue
gv_runtime_recoverable,122,0.0,0.969471,0.9734,0.973346,1.0,0.990053,0.971255,0.980924,STABLE,,continue
gv_runtime_recoverable,123,0.0,0.967825,0.991582,0.973844,1.0,0.994051,0.974922,0.984647,STABLE,,continue
gv_runtime_recoverable,124,0.0,0.966364,0.997455,0.973322,0.995884,1.0,0.97477,0.985552,STABLE,,continue
gv_runtime_recoverable,125,0.142779,0.882937,0.942527,0.943757,0.983806,0.972065,0.915334,0.944362,STABLE,,continue
gv_runtime_recoverable,126,0.0,0.897064,0.947596,0.952207,0.974803,0.981537,0.925367,0.950243,STABLE,,continue
gv_runtime_recoverable,127,0.0,0.917461,0.939884,0.967993,0.998646,0.985686,0.936683,0.961962,STABLE,,continue
gv_runtime_recoverable,128,0.0,0.926238,0.94676,0.980035,0.981517,0.989214,0.944211,0.964947,STABLE,,continue
gv_runtime_recoverable,129,0.0,0.933191,0.972585,0.981966,1.0,0.979596,0.954703,0.97296,STABLE,,continue
gv_runtime_recoverable,130,0.0,0.948898,0.979562,0.976594,1.0,0.994406,0.964751,0.979484,STABLE,,continue
gv_runtime_recoverable,131,0.0,0.953182,0.965463,0.980725,0.990976,0.991719,0.963666,0.976491,STABLE,,continue
gv_runtime_recoverable,132,0.0,0.959258,0.953173,0.968115,0.996984,0.987582,0.958831,0.972862,STABLE,,continue
gv_runtime_recoverable,133,0.0,0.939608,0.967483,0.976706,0.990242,0.976048,0.955686,0.969718,STABLE,,continue
gv_runtime_recoverable,134,0.0,0.956856,0.975464,1.0,0.995728,0.983077,0.969121,0.982005,STABLE,,continue
gv_runtime_recoverable,135,0.0,0.961537,0.987018,1.0,1.0,0.980091,0.973553,0.985113,STABLE,,continue
gv_runtime_recoverable,136,0.0,0.962845,0.984018,1.0,1.0,0.978122,0.973042,0.984411,STABLE,,continue
gv_runtime_recoverable,137,0.0,0.964066,0.989365,0.997542,1.0,0.958484,0.967197,0.980118,STABLE,,continue
gv_runtime_recoverable,138,0.0,0.961089,0.983008,0.974791,0.990364,0.954796,0.961546,0.971128,STABLE,,continue
gv_runtime_recoverable,139,0.0,0.964805,0.996483,0.976979,0.981324,0.960175,0.965037,0.973798,STABLE,,continue
gv_runtime_recoverable,140,0.0,0.980478,0.987208,0.972109,0.989367,0.963201,0.970207,0.976626,STABLE,,continue
gv_runtime_recoverable,141,0.0,0.989826,0.988837,0.984258,0.980415,0.967923,0.975522,0.980458,STABLE,,continue
gv_runtime_recoverable,142,0.0,0.989217,0.978219,0.971519,0.98985,0.968634,0.97203,0.977912,STABLE,,continue
gv_runtime_recoverable,143,0.0,0.980581,0.980263,0.98804,0.968379,0.957796,0.965946,0.973029,STABLE,,continue
gv_runtime_recoverable,144,0.0,0.974211,0.997598,0.993067,0.980213,0.951948,0.965706,0.976565,STABLE,,continue
gv_runtime_recoverable,145,0.0,0.966812,1.0,0.994925,0.988304,0.956395,0.96699,0.978825,STABLE,,continue
gv_runtime_recoverable,146,0.0,0.974479,1.0,1.0,0.997914,0.945935,0.965656,0.980409,STABLE,,continue
gv_runtime_recoverable,147,0.0,0.955763,1.0,1.0,0.987982,0.934451,0.953374,0.971886,STABLE,,continue
gv_runtime_recoverable,148,0.0,0.963265,1.0,1.0,0.994727,0.93936,0.958834,0.975964,STABLE,,continue
gv_runtime_recoverable,149,0.0,0.959741,1.0,0.997007,0.98527,0.967828,0.968496,0.980151,STABLE,,continue
gv_runtime_recoverable,150,0.277237,0.852271,0.852173,0.889669,0.97697,0.959853,0.861229,0.905826,STABLE,,continue
gv_runtime_recoverable,151,0.0,0.886513,0.878927,0.91737,0.98637,0.968544,0.890902,0.927307,STABLE,,continue
gv_runtime_recoverable,152,0.0,0.885382,0.896471,0.927012,0.975365,0.989502,0.899475,0.934738,STABLE,,continue
gv_runtime_recoverable,153,0.0,0.919544,0.92435,0.942994,0.992114,0.991004,0.927097,0.95381,STABLE,,continue
gv_runtime_recoverable,154,0.0,0.933415,0.923855,0.957453,0.993755,0.979162,0.935053,0.957487,STABLE,,continue
gv_runtime_recoverable,155,0.0,0.942704,0.933566,0.983257,1.0,0.982018,0.946544,0.968417,STABLE,,continue
gv_runtime_recoverable,156,0.0,0.953626,0.943176,0.984309,0.989176,0.982874,0.95485,0.970768,STABLE,,continue
gv_runtime_recoverable,157,0.0,0.952991,0.938515,0.992308,0.994513,0.967261,0.950562,0.968838,STABLE,,continue
gv_runtime_recoverable,158,0.0,0.958684,0.956957,1.0,1.0,0.971958,0.961306,0.977164,STABLE,,continue
gv_runtime_recoverable,159,0.0,0.956315,0.95206,1.0,1.0,0.988522,0.9615,0.979487,STABLE,,continue
gv_runtime_recoverable,160,0.0,0.973746,0.957353,0.987558,0.996809,0.992205,0.969341,0.981532,STABLE,,continue
gv_runtime_recoverable,161,0.0,0.975589,0.957459,0.992376,0.992189,0.98695,0.969679,0.980839,STABLE,,continue
gv_runtime_recoverable,162,0.0,0.982297,0.95931,0.99622,0.995949,0.977273,0.970594,0.981675,STABLE,,continue
gv_runtime_recoverable,163,0.0,0.980091,0.979303,0.985295,0.975316,0.961646,0.96953,0.974894,STABLE,,continue
gv_runtime_recoverable,164,0.0,0.983312,0.982468,0.986824,0.990706,0.939965,0.960866,0.973454,STABLE,,continue
gv_runtime_recoverable,165,0.0,0.989728,1.0,0.977971,0.988131,0.940336,0.961668,0.974822,STABLE,,continue
gv_runtime_recoverable,166,0.0,0.982297,0.996737,0.996299,1.0,0.944829,0.966584,0.980649,STABLE,,continue
gv_runtime_recoverable,167,0.0,1.0,0.997543,1.0,0.999067,0.9534,0.974427,0.986579,STABLE,,continue
gv_runtime_recoverable,168,0.0,1.0,1.0,1.0,0.992117,0.969222,0.982136,0.989846,STABLE,,continue
gv_runtime_recoverable,169,0.0,0.996382,0.995102,1.0,0.993465,0.976058,0.985101,0.990692,STABLE,,continue
gv_runtime_recoverable,170,0.0,0.997054,0.999144,1.0,0.974956,0.985875,0.983192,0.989531,STABLE,,continue
gv_runtime_recoverable,171,0.0,0.987668,0.984839,0.999416,0.979091,0.980799,0.980254,0.985463,STABLE,,continue
gv_runtime_recoverable,172,0.0,0.997793,0.97351,0.995454,0.975994,0.98286,0.976703,0.983868,STABLE,,continue
gv_runtime_recoverable,173,0.0,1.0,0.967086,1.0,0.979783,0.966196,0.969873,0.980572,STABLE,,continue
gv_runtime_recoverable,174,0.0,0.980414,0.971505,0.99779,0.98141,0.970365,0.971941,0.979461,STABLE,,continue
gv_runtime_recoverable,175,0.0,0.985553,0.984914,0.987086,0.972136,0.963331,0.970675,0.976678,STABLE,,continue
gv_runtime_recoverable,176,0.0,0.990569,0.999445,0.985149,0.950786,0.951117,0.957998,0.970773,STABLE,,continue
gv_runtime_recoverable,177,0.0,0.983626,0.993945,0.983797,0.957649,0.954433,0.961335,0.971208,STABLE,,continue
gv_runtime_recoverable,178,0.0,0.99653,0.98802,0.978156,0.968011,0.945073,0.960013,0.971025,STABLE,,continue
gv_runtime_recoverable,179,0.0,1.0,0.990699,0.9807,0.988103,0.946079,0.965328,0.977132,STABLE,,continue
truth_drift_agent,0,0.0,1.0,0.997746,0.98723,1.0,0.989238,0.990172,0.99373,STABLE,,continue
truth_drift_agent,1,0.0,0.992482,1.0,0.994625,0.993778,0.999594,0.99346,0.995747,STABLE,,continue
truth_drift_agent,2,0.0,1.0,1.0,1.0,1.0,0.980804,0.989634,0.99471,STABLE,,continue
truth_drift_agent,3,0.0,0.996821,0.99133,1.0,0.994286,0.980002,0.986652,0.991387,STABLE,,continue
truth_drift_agent,4,0.0,1.0,0.990569,1.0,0.992635,0.981655,0.987173,0.991816,STABLE,,continue
truth_drift_agent,5,0.0,1.0,0.996071,1.0,1.0,0.985573,0.991578,0.995386,STABLE,,continue
truth_drift_agent,6,0.0,1.0,0.984987,0.999121,1.0,0.994879,0.990928,0.995437,STABLE,,continue
truth_drift_agent,7,0.0,1.0,0.995472,1.0,1.0,0.998002,0.997175,0.998571,STABLE,,continue
truth_drift_agent,8,0.0,0.996443,0.999319,0.970694,1.0,0.961608,0.971849,0.982219,STABLE,,continue
truth_drift_agent,9,0.0,0.979618,1.0,0.979689,0.988376,0.956207,0.968558,0.977918,STABLE,,continue
truth_drift_agent,10,0.0,0.995672,0.99516,1.0,0.989724,0.962249,0.977039,0.985999,STABLE,,continue
truth_drift_agent,11,0.0,1.0,0.996993,0.989977,0.989835,0.963584,0.977138,0.985259,STABLE,,continue
truth_drift_agent,12,0.0,0.986353,0.994759,0.983998,1.0,0.965562,0.976117,0.984084,STABLE,,continue
truth_drift_agent,13,0.0,0.985097,0.994263,0.988534,1.0,0.957107,0.972385,0.982487,STABLE,,continue
truth_drift_agent,14,0.0,0.976398,1.0,0.986061,0.985832,0.963467,0.972085,0.980141,STABLE,,continue
truth_drift_agent,15,0.0,0.98375,0.984693,0.990363,0.994854,0.968848,0.977022,0.983326,STABLE,,continue
truth_drift_agent,16,0.0,0.991942,0.972303,0.995061,0.992433,0.965415,0.97311,0.981937,STABLE,,continue
truth_drift_agent,17,0.0,1.0,0.990087,1.0,1.0,0.965867,0.979945,0.988978,STABLE,,continue
truth_drift_agent,18,0.0,1.0,0.998826,1.0,1.0,0.975634,0.986698,0.9931,STABLE,,continue
truth_drift_agent,19,0.0,0.999407,0.99166,0.995855,1.0,0.976756,0.985488,0.991281,STABLE,,continue
truth_drift_agent,20,0.0,1.0,0.999262,0.992704,1.0,0.981585,0.988664,0.99324,STABLE,,continue
truth_drift_agent,21,0.0,0.987652,1.0,0.988747,0.983449,0.97196,0.978672,0.984394,STABLE,,continue
truth_drift_agent,22,0.0,0.978864,1.0,0.987629,0.982027,0.979413,0.978916,0.984207,STABLE,,continue
truth_drift_agent,23,0.0,0.984698,1.0,0.993509,0.990302,0.959256,0.973611,0.982938,STABLE,,continue
truth_drift_agent,24,0.0,0.982816,0.978198,0.994804,0.991396,0.971537,0.976522,0.98294,STABLE,,continue
truth_drift_agent,25,0.275703,0.862757,0.837697,0.884608,0.943016,0.78532,0.818441,0.856958,WATCH,,monitor drift; preserve failed evidence; avoid irreversible steps
truth_drift_agent,26,0.0,0.888429,0.849648,0.909282,0.956492,0.785389,0.828829,0.870942,WATCH,,monitor drift; preserve failed evidence; avoid irreversible steps
truth_drift_agent,27,0.0,0.911021,0.872872,0.923364,0.953985,0.786412,0.840448,0.881387,STABLE,,continue
truth_drift_agent,28,0.0,0.915894,0.892028,0.924844,0.963771,0.783563,0.844347,0.886867,STABLE,,continue
truth_drift_agent,29,0.0,0.923543,0.904785,0.960117,0.954259,0.80798,0.863442,0.902175,STABLE,,continue
truth_drift_agent,30,0.0,0.933849,0.91918,0.967044,0.964085,0.815045,0.872722,0.911529,STABLE,,continue
truth_drift_agent,31,0.0,0.95601,0.923344,0.983112,0.961865,0.822729,0.881235,0.920574,STABLE,,continue
truth_drift_agent,32,0.0,0.950358,0.936173,0.999995,0.965576,0.828702,0.887053,0.927501,STABLE,,continue
truth_drift_agent,33,0.0,0.944931,0.940773,0.984068,0.960496,0.838644,0.891339,0.925982,STABLE,,continue
truth_drift_agent,34,0.0,0.964465,0.975262,0.980496,0.979494,0.84831,0.906285,0.940502,STABLE,,continue
truth_drift_agent,35,0.0,0.967046,0.98226,0.983924,0.98301,0.851022,0.909599,0.944169,STABLE,,continue
truth_drift_agent,36,0.0,0.956861,0.968739,0.992771,0.982241,0.851736,0.907258,0.9422,STABLE,,continue
truth_drift_agent,37,0.0,0.961916,0.980065,0.995616,0.977769,0.870641,0.919309,0.949652,STABLE,,continue
truth_drift_agent,38,0.0,0.982095,0.987163,1.0,0.992803,0.887737,0.93465,0.962727,STABLE,,continue
truth_drift_agent,39,0.0,0.990299,0.994533,1.0,0.982676,0.899774,0.941774,0.966388,STABLE,,continue
truth_drift_agent,40,0.0,0.977858,0.987178,1.0,0.993115,0.919138,0.950737,0.970728,STABLE,,continue
truth_drift_agent,41,0.0,0.977692,0.97704,0.997596,0.994945,0.92355,0.951473,0.970162,STABLE,,continue
truth_drift_agent,42,0.0,0.991599,0.975907,1.0,0.985653,0.931478,0.956491,0.972929,STABLE,,continue
truth_drift_agent,43,0.0,0.992598,0.971011,0.997642,0.985499,0.931847,0.955575,0.971852,STABLE,,continue
truth_drift_agent,44,0.0,1.0,0.973157,0.995542,0.96623,0.925958,0.949712,0.96713,STABLE,,continue
truth_drift_agent,45,0.0,0.997369,0.969198,1.0,0.968552,0.942159,0.957312,0.9718,STABLE,,continue
truth_drift_agent,46,0.0,0.998289,0.972897,0.999112,0.972288,0.961939,0.968116,0.978456,STABLE,,continue
truth_drift_agent,47,0.0,0.97529,0.955808,0.993808,0.975692,0.970545,0.963892,0.973613,STABLE,,continue
truth_drift_agent,48,0.0,0.982868,0.956739,1.0,0.988853,0.973705,0.968019,0.979691,STABLE,,continue
truth_drift_agent,49,0.0,0.994468,0.964137,0.994385,0.997142,0.975989,0.974198,0.98418,STABLE,,continue
truth_drift_agent,50,0.0,0.995119,0.98274,0.970685,0.983301,0.965194,0.970483,0.977064,STABLE,,continue
truth_drift_agent,51,0.0,0.992048,0.982058,0.959833,0.975413,0.958145,0.962459,0.970445,STABLE,,continue
truth_drift_agent,52,0.0,1.0,1.0,0.9615,0.974669,0.948528,0.95946,0.971902,STABLE,,continue
truth_drift_agent,53,0.0,0.980919,0.998831,0.957065,0.976799,0.934832,0.951066,0.964715,STABLE,,continue
truth_drift_agent,54,0.0,0.975497,1.0,0.96691,0.983702,0.924547,0.94865,0.964906,STABLE,,continue
truth_drift_agent,55,0.201537,0.879626,0.90556,0.886923,0.939609,0.78772,0.836931,0.871681,WATCH,,monitor drift; preserve failed evidence; avoid irreversible steps
truth_drift_agent,56,0.0,0.897147,0.921889,0.901796,0.962029,0.807305,0.85484,0.88993,STABLE,,continue
truth_drift_agent,57,0.0,0.906429,0.937826,0.935275,0.986099,0.803658,0.862222,0.9047,STABLE,,continue
truth_drift_agent,58,0.0,0.907943,0.95939,0.934013,0.974509,0.807592,0.866481,0.906871,STABLE,,continue
truth_drift_agent,59,0.0,0.92275,0.962752,0.937009,0.970764,0.809088,0.870907,0.910192,STABLE,,continue
truth_drift_agent,60,0.0,0.922854,0.989591,0.949055,0.98307,0.81275,0.877013,0.920178,STABLE,,continue
truth_drift_agent,61,0.0,0.929882,0.98358,0.929874,0.971281,0.803033,0.869122,0.911388,STABLE,,continue
truth_drift_agent,62,0.0,0.915462,0.9734,0.953222,0.974214,0.824763,0.880661,0.918898,STABLE,,continue
truth_drift_agent,63,0.0,0.92931,0.984098,0.950949,0.982486,0.839901,0.892421,0.928149,STABLE,,continue
truth_drift_agent,64,0.0,0.931687,0.991411,0.963674,0.97905,0.835845,0.892786,0.93051,STABLE,,continue
truth_drift_agent,65,0.0,0.927716,0.993204,0.972175,0.973588,0.843465,0.896345,0.932805,STABLE,,continue
truth_drift_agent,66,0.0,0.941748,1.0,0.991701,0.989464,0.840465,0.901922,0.942628,STABLE,,continue
truth_drift_agent,67,0.0,0.965295,0.99469,1.0,0.991383,0.843491,0.90885,0.948698,STABLE,,continue
truth_drift_agent,68,0.0,0.951216,0.993548,0.984406,1.0,0.86567,0.916825,0.950794,STABLE,,continue
truth_drift_agent,69,0.0,0.948867,0.997265,0.979398,0.993715,0.879433,0.922653,0.952408,STABLE,,continue
truth_drift_agent,70,0.0,0.954372,1.0,0.977542,1.0,0.885809,0.92752,0.95636,STABLE,,continue
truth_drift_agent,71,0.0,0.967586,0.995528,0.980281,0.998845,0.882564,0.928672,0.957397,STABLE,,continue
truth_drift_agent,72,0.0,0.977941,1.0,0.989056,1.0,0.902319,0.942673,0.96727,STABLE,,continue
truth_drift_agent,73,0.0,0.976733,1.0,0.984396,1.0,0.900697,0.940955,0.965651,STABLE,,continue
truth_drift_agent,74,0.0,0.995614,1.0,0.984462,1.0,0.88344,0.93446,0.963946,STABLE,,continue
truth_drift_agent,75,0.0,0.975978,1.0,0.987304,1.0,0.875398,0.92776,0.959191,STABLE,,continue
truth_drift_agent,76,0.0,0.978513,1.0,0.997375,1.0,0.876589,0.930004,0.962011,STABLE,,continue
truth_drift_agent,77,0.0,0.977043,0.978708,1.0,1.0,0.866362,0.921904,0.956144,STABLE,,continue
truth_drift_agent,78,0.0,0.973073,0.969433,0.990346,1.0,0.851505,0.911093,0.947971,STABLE,,continue
truth_drift_agent,79,0.0,0.982318,0.980273,0.989226,0.975193,0.848193,0.909469,0.944967,STABLE,,continue
truth_drift_agent,80,0.0,0.996684,0.954623,0.987302,0.96631,0.86304,0.913084,0.944809,STABLE,,continue
truth_drift_agent,81,0.0,0.990315,0.963564,0.994785,0.988634,0.867146,0.919984,0.95262,STABLE,,continue
truth_drift_agent,82,0.0,0.995191,0.952648,1.0,0.982366,0.867491,0.917985,0.951363,STABLE,,continue
truth_drift_agent,83,0.0,0.995522,0.942133,1.0,0.994114,0.876356,0.921167,0.954388,STABLE,,continue
truth_drift_agent,84,0.0,0.980149,0.947145,1.0,0.976027,0.871148,0.916517,0.947808,STABLE,,continue
truth_drift_agent,85,0.0,0.991201,0.955554,1.0,0.997441,0.881606,0.927133,0.958179,STABLE,,continue
truth_drift_agent,86,0.0,0.998794,0.987462,0.997862,0.989763,0.891188,0.938036,0.965287,STABLE,,continue
truth_drift_agent,87,0.0,1.0,0.983549,0.987846,1.0,0.899331,0.941867,0.967115,STABLE,,continue
truth_drift_agent,88,0.0,0.992677,0.994485,0.988505,0.997471,0.909464,0.947915,0.970139,STABLE,,continue
truth_drift_agent,89,0.0,0.980602,0.998607,1.0,1.0,0.909758,0.948211,0.97179,STABLE,,continue
truth_drift_agent,90,0.264834,0.859558,0.8638,0.884992,0.96679,0.716381,0.789612,0.846931,WATCH,,monitor drift; preserve failed evidence; avoid irreversible steps
truth_drift_agent,91,0.0,0.884357,0.874713,0.905322,0.959425,0.742374,0.812288,0.862767,WATCH,,monitor drift; preserve failed evidence; avoid irreversible steps
truth_drift_agent,92,0.0,0.910135,0.89784,0.903808,0.972488,0.757964,0.828484,0.877193,WATCH,,monitor drift; preserve failed evidence; avoid irreversible steps
truth_drift_agent,93,0.0,0.904435,0.90863,0.921305,0.981284,0.77058,0.838521,0.88683,STABLE,,continue
truth_drift_agent,94,0.0,0.918356,0.933234,0.944898,0.954815,0.777684,0.850377,0.894758,STABLE,,continue
truth_drift_agent,95,0.0,0.926115,0.922924,0.953774,0.972616,0.776778,0.851538,0.899451,STABLE,,continue
truth_drift_agent,96,0.0,0.937991,0.92209,0.953712,0.99061,0.781352,0.856291,0.905984,STABLE,,continue
truth_drift_agent,97,0.0,0.949756,0.911792,0.979,0.997741,0.789323,0.862598,0.914826,STABLE,,continue
truth_drift_agent,98,0.0,0.9613,0.90722,0.99385,0.994767,0.79672,0.867699,0.920252,STABLE,,continue
truth_drift_agent,99,0.0,0.960842,0.911434,1.0,0.997941,0.812345,0.877082,0.926988,STABLE,,continue
truth_drift_agent,100,0.0,0.965265,0.926131,0.995812,1.0,0.805073,0.87747,0.92786,STABLE,,continue
truth_drift_agent,101,0.0,0.981876,0.947788,0.987893,1.0,0.82376,0.893337,0.937672,STABLE,,continue
truth_drift_agent,102,0.0,0.993675,0.953707,0.987464,0.997906,0.835561,0.901751,0.943211,STABLE,,continue
truth_drift_agent,103,0.0,1.0,0.96052,0.980155,1.0,0.852139,0.911651,0.948761,STABLE,,continue
truth_drift_agent,104,0.0,1.0,0.972239,0.980303,0.99071,0.850082,0.911835,0.948279,STABLE,,continue
truth_drift_agent,105,0.0,0.983645,0.977606,0.982305,0.987403,0.827242,0.898704,0.940087,STABLE,,continue
truth_drift_agent,106,0.0,0.973056,0.991233,0.978207,0.99249,0.821075,0.895542,0.939024,STABLE,,continue
truth_drift_agent,107,0.0,0.990547,0.99074,0.984246,1.0,0.844255,0.911752,0.950883,STABLE,,continue
truth_drift_agent,108,0.0,0.988571,0.985808,0.983259,1.0,0.85018,0.913976,0.951225,STABLE,,continue
truth_drift_agent,109,0.0,0.985935,1.0,0.984527,1.0,0.857799,0.919471,0.955377,STABLE,,continue
truth_drift_agent,110,0.0,1.0,1.0,0.996385,0.992754,0.855632,0.920738,0.957966,STABLE,,continue
truth_drift_agent,111,0.0,1.0,1.0,0.997308,0.980742,0.848497,0.915291,0.95367,STABLE,,continue
truth_drift_agent,112,0.0,0.985729,0.982324,0.998791,0.994257,0.855151,0.917038,0.953622,STABLE,,continue
truth_drift_agent,113,0.0,0.964769,0.982325,0.997337,1.0,0.847068,0.909836,0.948878,STABLE,,continue
truth_drift_agent,114,0.0,0.96492,1.0,1.0,1.0,0.855066,0.916283,0.954382,STABLE,,continue
truth_drift_agent,115,0.0,0.972261,1.0,0.991905,1.0,0.847829,0.91295,0.951957,STABLE,,continue
truth_drift_agent,116,0.0,0.97874,1.0,0.986908,0.999773,0.84842,0.91369,0.952094,STABLE,,continue
truth_drift_agent,117,0.0,0.970472,0.996464,0.977753,1.0,0.84371,0.908335,0.947053,STABLE,,continue
truth_drift_agent,118,0.0,0.980994,0.985031,0.975294,0.993754,0.863964,0.918754,0.950781,STABLE,,continue
truth_drift_agent,119,0.0,0.986486,0.98453,0.983839,0.973417,0.869627,0.921154,0.950708,STABLE,,continue
truth_drift_agent,120,0.0,1.0,0.987524,0.986845,0.982024,0.884424,0.932218,0.959734,STABLE,,continue
truth_drift_agent,121,0.0,0.980025,0.972049,0.990842,0.976989,0.902722,0.937742,0.959006,STABLE,,continue
truth_drift_agent,122,0.0,0.979175,0.955722,0.979481,0.952199,0.904738,0.931092,0.949205,STABLE,,continue
truth_drift_agent,123,0.0,0.97969,0.956259,0.993224,0.969805,0.907302,0.936125,0.956526,STABLE,,continue
truth_drift_agent,124,0.0,0.960683,0.967156,0.999754,0.97645,0.92127,0.94331,0.961694,STABLE,,continue
truth_drift_agent,125,0.25059,0.872534,0.835814,0.902033,0.922252,0.745093,0.802478,0.847148,WATCH,,monitor drift; preserve failed evidence; avoid irreversible steps
truth_drift_agent,126,0.0,0.902382,0.850937,0.92454,0.933764,0.755463,0.817662,0.864108,WATCH,,monitor drift; preserve failed evidence; avoid irreversible steps
truth_drift_agent,127,0.0,0.927266,0.864669,0.917599,0.933521,0.77193,0.83146,0.873374,WATCH,,monitor drift; preserve failed evidence; avoid irreversible steps
truth_drift_agent,128,0.0,0.9396,0.863614,0.922221,0.935522,0.778493,0.835938,0.878151,WATCH,,monitor drift; preserve failed evidence; avoid irreversible steps
truth_drift_agent,129,0.0,0.932799,0.87206,0.926135,0.95082,0.796508,0.847975,0.88732,STABLE,,continue
truth_drift_agent,130,0.0,0.939082,0.881957,0.938171,0.948438,0.794156,0.851004,0.891373,STABLE,,continue
truth_drift_agent,131,0.0,0.936698,0.888358,0.93544,0.956122,0.810675,0.860936,0.897571,STABLE,,continue
truth_drift_agent,132,0.0,0.928119,0.900666,0.942537,0.964697,0.819027,0.868109,0.903745,STABLE,,continue
truth_drift_agent,133,0.0,0.921864,0.898771,0.951106,0.979137,0.804993,0.860521,0.903106,STABLE,,continue
truth_drift_agent,134,0.0,0.934322,0.9216,0.956616,0.987092,0.806699,0.869035,0.912138,STABLE,,continue
truth_drift_agent,135,0.0,0.940695,0.913858,0.93942,0.998038,0.805509,0.865691,0.910053,STABLE,,continue
truth_drift_agent,136,0.0,0.942972,0.909297,0.934044,0.99653,0.806926,0.864924,0.908601,STABLE,,continue
truth_drift_agent,137,0.0,0.953321,0.923618,0.94675,0.999324,0.831353,0.883703,0.922515,STABLE,,continue
truth_drift_agent,138,0.0,0.948022,0.931318,0.965745,1.0,0.824691,0.883646,0.925248,STABLE,,continue
truth_drift_agent,139,0.0,0.950887,0.952317,0.975759,1.0,0.830368,0.892084,0.932808,STABLE,,continue
truth_drift_agent,140,0.0,0.952707,0.960349,0.976726,0.999574,0.838754,0.898195,0.936823,STABLE,,continue
truth_drift_agent,141,0.0,0.951374,0.969952,1.0,0.981854,0.849218,0.905389,0.942136,STABLE,,continue
truth_drift_agent,142,0.0,0.949374,0.978972,1.0,0.991607,0.867728,0.916673,0.950253,STABLE,,continue
truth_drift_agent,143,0.0,0.95713,0.992563,0.976557,1.0,0.877404,0.923173,0.953228,STABLE,,continue
truth_drift_agent,144,0.0,0.972847,0.981168,0.971625,1.0,0.882726,0.92703,0.9545,STABLE,,continue
truth_drift_agent,145,0.0,0.978806,0.994047,0.958059,1.0,0.888063,0.929331,0.955949,STABLE,,continue
truth_drift_agent,146,0.0,0.97921,0.979978,0.969129,0.975859,0.899561,0.93454,0.954582,STABLE,,continue
truth_drift_agent,147,0.0,0.966684,0.982675,0.972383,0.990393,0.902275,0.936201,0.957361,STABLE,,continue
truth_drift_agent,148,0.0,0.96358,0.97948,0.989088,0.996886,0.902796,0.937746,0.961207,STABLE,,continue
truth_drift_agent,149,0.0,0.965411,0.966025,0.994544,0.979654,0.914669,0.941197,0.9602,STABLE,,continue
truth_drift_agent,150,0.265215,0.873919,0.826085,0.882913,0.957595,0.75006,0.799887,0.849693,WATCH,,monitor drift; preserve failed evidence; avoid irreversible steps
truth_drift_agent,151,0.0,0.881481,0.847108,0.899794,0.965402,0.75427,0.810675,0.860738,WATCH,,monitor drift; preserve failed evidence; avoid irreversible steps
truth_drift_agent,152,0.0,0.894241,0.84764,0.915575,0.973971,0.763005,0.818749,0.870103,WATCH,,monitor drift; preserve failed evidence; avoid irreversible steps
truth_drift_agent,153,0.0,0.890274,0.87398,0.931377,0.969771,0.770816,0.830225,0.878609,WATCH,,monitor drift; preserve failed evidence; avoid irreversible steps
truth_drift_agent,154,0.0,0.887908,0.877336,0.935881,0.985611,0.774689,0.832564,0.883714,STABLE,,continue
truth_drift_agent,155,0.0,0.907223,0.8852,0.947593,0.985889,0.793513,0.848565,0.895803,STABLE,,continue
truth_drift_agent,156,0.0,0.912563,0.881874,0.94132,0.98223,0.790273,0.846589,0.893273,STABLE,,continue
truth_drift_agent,157,0.0,0.926738,0.889974,0.973516,0.966942,0.801705,0.858462,0.903552,STABLE,,continue
truth_drift_agent,158,0.0,0.923898,0.896922,0.978744,0.947576,0.812957,0.864089,0.90448,STABLE,,continue
truth_drift_agent,159,0.0,0.951694,0.90352,0.984403,0.96399,0.819697,0.874646,0.916315,STABLE,,continue
truth_drift_agent,160,0.0,0.951449,0.891183,0.993059,0.967093,0.817648,0.870641,0.915817,STABLE,,continue
truth_drift_agent,161,0.0,0.958308,0.897098,0.988774,0.977026,0.812433,0.871226,0.917717,STABLE,,continue
truth_drift_agent,162,0.0,0.973584,0.894235,0.983764,0.998957,0.83211,0.882512,0.928185,STABLE,,continue
truth_drift_agent,163,0.0,0.977603,0.896252,0.980809,0.999813,0.840007,0.887105,0.930854,STABLE,,continue
truth_drift_agent,164,0.0,0.979275,0.907149,0.981429,0.985415,0.842009,0.890975,0.930938,STABLE,,continue
truth_drift_agent,165,0.0,0.990809,0.903493,0.982207,0.978933,0.850201,0.894156,0.933041,STABLE,,continue
truth_drift_agent,166,0.0,0.987981,0.92869,0.989835,0.968292,0.863624,0.907362,0.940134,STABLE,,continue
truth_drift_agent,167,0.0,0.981619,0.930621,0.994437,0.967103,0.878662,0.91497,0.944235,STABLE,,continue
truth_drift_agent,168,0.0,0.975992,0.931925,0.988675,0.965316,0.89509,0.922605,0.946549,STABLE,,continue
truth_drift_agent,169,0.0,0.985045,0.956376,1.0,0.959087,0.900494,0.931296,0.954506,STABLE,,continue
truth_drift_agent,170,0.0,0.975006,0.953312,0.993699,0.953327,0.894433,0.925594,0.948369,STABLE,,continue
truth_drift_agent,171,0.0,0.976443,0.946187,1.0,0.949638,0.927258,0.938266,0.956408,STABLE,,continue
truth_drift_agent,172,0.0,0.974643,0.952719,0.987047,0.972622,0.941712,0.951898,0.963776,STABLE,,continue
truth_drift_agent,173,0.0,0.980533,0.944357,0.991019,0.964627,0.958947,0.953986,0.966405,STABLE,,continue
truth_drift_agent,174,0.0,0.990867,0.951321,0.967948,0.958953,0.967664,0.956068,0.9654,STABLE,,continue
truth_drift_agent,175,0.0,1.0,0.96767,0.956643,0.966796,0.979268,0.961485,0.971389,STABLE,,continue
truth_drift_agent,176,0.0,0.983417,0.971083,0.965625,0.967693,0.961675,0.963596,0.968199,STABLE,,continue
truth_drift_agent,177,0.0,0.98207,0.970933,0.969094,0.965857,0.958962,0.962972,0.96767,STABLE,,continue
truth_drift_agent,178,0.0,0.983739,0.978496,0.970501,0.965776,0.961724,0.965178,0.970075,STABLE,,continue
truth_drift_agent,179,0.0,0.966403,0.985589,0.974743,0.970198,0.973046,0.968514,0.973019,STABLE,,continue
constraint_drift_agent,0,0.0,0.980472,0.980262,1.0,0.999929,1.0,0.983967,0.992244,STABLE,,continue
constraint_drift_agent,1,0.0,0.9781,0.989037,1.0,1.0,0.997392,0.985744,0.992882,STABLE,,continue
constraint_drift_agent,2,0.0,0.959546,0.997913,1.0,1.0,0.988902,0.976167,0.988488,STABLE,,continue
constraint_drift_agent,3,0.0,0.970944,1.0,1.0,0.991239,0.987943,0.980959,0.98919,STABLE,,continue
constraint_drift_agent,4,0.0,0.981764,1.0,0.988827,0.995778,0.995147,0.986893,0.991716,STABLE,,continue
constraint_drift_agent,5,0.0,0.984745,1.0,0.987849,1.0,0.986711,0.986149,0.990959,STABLE,,continue
constraint_drift_agent,6,0.0,0.980629,1.0,0.998388,0.985026,0.975171,0.979518,0.986303,STABLE,,continue
constraint_drift_agent,7,0.0,0.962483,1.0,0.987437,0.981852,0.984704,0.973001,0.982073,STABLE,,continue
constraint_drift_agent,8,0.0,0.96039,1.0,0.986253,0.989386,0.991255,0.974119,0.984453,STABLE,,continue
constraint_drift_agent,9,0.0,0.958033,0.998313,0.99867,0.993795,0.978313,0.972189,0.984226,STABLE,,continue
constraint_drift_agent,10,0.0,0.969424,0.98765,1.0,1.0,0.983763,0.978468,0.987728,STABLE,,continue
constraint_drift_agent,11,0.0,0.974519,0.986893,1.0,0.996292,0.988028,0.981647,0.988929,STABLE,,continue
constraint_drift_agent,12,0.0,0.986174,0.982691,0.993838,0.984515,0.978791,0.980979,0.984623,STABLE,,continue
constraint_drift_agent,13,0.0,0.969482,0.991858,1.0,0.999462,0.965024,0.972439,0.983632,STABLE,,continue
constraint_drift_agent,14,0.0,0.980247,1.0,0.995432,1.0,0.949059,0.968495,0.981768,STABLE,,continue
constraint_drift_agent,15,0.0,0.98519,0.989364,0.998086,0.984388,0.960478,0.972879,0.981406,STABLE,,continue
constraint_drift_agent,16,0.0,0.997141,0.982681,0.986992,0.963527,0.962461,0.96704,0.975652,STABLE,,continue
constraint_drift_agent,17,0.0,0.991654,0.969041,0.993396,0.960661,0.956119,0.960952,0.971525,STABLE,,continue
constraint_drift_agent,18,0.0,0.98707,0.983098,1.0,0.961124,0.96747,0.967897,0.977437,STABLE,,continue
constraint_drift_agent,19,0.0,0.97695,0.985247,1.0,0.958167,0.97565,0.967615,0.977356,STABLE,,continue
constraint_drift_agent,20,0.0,0.971801,0.991939,1.0,0.930869,0.990417,0.955884,0.973696,STABLE,,continue
constraint_drift_agent,21,0.0,0.944574,0.986649,1.0,0.930794,0.976882,0.945668,0.964992,STABLE,,continue
constraint_drift_agent,22,0.0,0.940021,0.99836,0.980785,0.945184,0.97905,0.949642,0.966067,STABLE,,continue
constraint_drift_agent,23,0.0,0.935007,0.992706,0.97338,0.956302,0.988838,0.951051,0.967434,STABLE,,continue
constraint_drift_agent,24,0.0,0.925302,0.989458,0.968581,0.971195,0.976649,0.947796,0.964645,STABLE,,continue
constraint_drift_agent,25,0.254721,0.81895,0.851616,0.85935,0.791259,0.925894,0.810904,0.8462,WATCH,,monitor drift; preserve failed evidence; avoid irreversible steps
constraint_drift_agent,26,0.0,0.840755,0.855363,0.8578,0.796814,0.91658,0.820813,0.850063,WATCH,,monitor drift; preserve failed evidence; avoid irreversible steps
constraint_drift_agent,27,0.0,0.851579,0.861892,0.869565,0.825926,0.926954,0.838859,0.86486,WATCH,,monitor drift; preserve failed evidence; avoid irreversible steps
constraint_drift_agent,28,0.0,0.871131,0.859044,0.881808,0.835877,0.925299,0.849486,0.872573,WATCH,,monitor drift; preserve failed evidence; avoid irreversible steps
constraint_drift_agent,29,0.0,0.895057,0.86224,0.895964,0.83737,0.935727,0.856874,0.882463,STABLE,,continue
constraint_drift_agent,30,0.0,0.900742,0.874409,0.908584,0.837312,0.948137,0.862522,0.890622,STABLE,,continue
constraint_drift_agent,31,0.0,0.91456,0.887087,0.917443,0.852565,0.951878,0.876481,0.901615,STABLE,,continue
constraint_drift_agent,32,0.0,0.921336,0.900329,0.946297,0.845767,0.965235,0.880646,0.911863,STABLE,,continue
constraint_drift_agent,33,0.0,0.911466,0.913266,0.969781,0.857563,0.97103,0.888575,0.921264,STABLE,,continue
constraint_drift_agent,34,0.0,0.916061,0.922944,0.971612,0.856085,0.971538,0.891312,0.923814,STABLE,,continue
constraint_drift_agent,35,0.0,0.927714,0.923594,0.967637,0.84893,0.978792,0.890542,0.924765,STABLE,,continue
constraint_drift_agent,36,0.0,0.941495,0.934162,0.981949,0.856576,0.985207,0.900375,0.935006,STABLE,,continue
constraint_drift_agent,37,0.0,0.951273,0.940357,0.97924,0.885143,0.982427,0.917803,0.944039,STABLE,,continue
constraint_drift_agent,38,0.0,0.950228,0.951139,0.984748,0.876241,0.99572,0.916105,0.947178,STABLE,,continue
constraint_drift_agent,39,0.0,0.955019,0.945306,0.998832,0.888042,0.983578,0.921651,0.950298,STABLE,,continue
constraint_drift_agent,40,0.0,0.977973,0.957801,0.998898,0.90896,0.987102,0.93929,0.962423,STABLE,,continue
constraint_drift_agent,41,0.0,0.98023,0.955756,1.0,0.917805,0.988766,0.943663,0.965287,STABLE,,continue
constraint_drift_agent,42,0.0,0.974607,0.961833,0.999302,0.908152,0.975369,0.938039,0.959917,STABLE,,continue
constraint_drift_agent,43,0.0,0.983184,0.939937,1.0,0.907486,0.991348,0.934498,0.960759,STABLE,,continue
constraint_drift_agent,44,0.0,0.980187,0.953018,0.996031,0.912768,0.999734,0.940895,0.964993,STABLE,,continue
constraint_drift_agent,45,0.0,0.977844,0.968058,0.986665,0.919622,1.0,0.947067,0.96721,STABLE,,continue
constraint_drift_agent,46,0.0,0.986996,0.990672,0.980951,0.909432,0.990057,0.945029,0.966362,STABLE,,continue
constraint_drift_agent,47,0.0,0.995099,0.996659,0.984717,0.902259,0.998895,0.944114,0.969326,STABLE,,continue
constraint_drift_agent,48,0.0,0.983416,1.0,1.0,0.910303,1.0,0.949148,0.973517,STABLE,,continue
constraint_drift_agent,49,0.0,0.980398,0.981898,0.993973,0.903392,0.98553,0.940853,0.964046,STABLE,,continue
constraint_drift_agent,50,0.0,0.99988,0.986582,0.998638,0.90463,0.985503,0.944697,0.969084,STABLE,,continue
constraint_drift_agent,51,0.0,1.0,0.987707,1.0,0.906943,0.983786,0.945954,0.969789,STABLE,,continue
constraint_drift_agent,52,0.0,0.985931,0.969257,0.997384,0.911677,0.972832,0.942257,0.96293,STABLE,,continue
constraint_drift_agent,53,0.0,0.987207,0.973115,0.976201,0.906482,0.980099,0.93959,0.959717,STABLE,,continue
constraint_drift_agent,54,0.0,0.992551,0.964482,0.981212,0.920896,0.99021,0.947432,0.966068,STABLE,,continue
constraint_drift_agent,55,0.190759,0.902888,0.866645,0.908477,0.796674,0.967134,0.840735,0.882843,STABLE,,continue
constraint_drift_agent,56,0.0,0.915394,0.889235,0.922602,0.81363,0.979707,0.858195,0.898621,STABLE,,continue
constraint_drift_agent,57,0.0,0.917095,0.883116,0.949183,0.824546,0.964949,0.865099,0.903142,STABLE,,continue
constraint_drift_agent,58,0.0,0.919508,0.903458,0.953703,0.827286,0.98308,0.872508,0.91237,STABLE,,continue
constraint_drift_agent,59,0.0,0.918308,0.905903,0.962484,0.838928,0.990033,0.879071,0.918734,STABLE,,continue
constraint_drift_agent,60,0.0,0.936831,0.918051,0.97278,0.843552,0.991832,0.8888,0.927585,STABLE,,continue
constraint_drift_agent,61,0.0,0.945183,0.929053,0.984425,0.856112,0.993235,0.899998,0.936742,STABLE,,continue
constraint_drift_agent,62,0.0,0.943407,0.937392,0.986388,0.86449,1.0,0.905978,0.941816,STABLE,,continue
constraint_drift_agent,63,0.0,0.944689,0.948376,0.999033,0.871541,1.0,0.912762,0.948225,STABLE,,continue
constraint_drift_agent,64,0.0,0.94728,0.957193,0.991184,0.873781,1.0,0.915895,0.949195,STABLE,,continue
constraint_drift_agent,65,0.0,0.961817,0.965007,1.0,0.878486,0.996678,0.923119,0.95524,STABLE,,continue
constraint_drift_agent,66,0.0,0.993255,0.972728,0.992805,0.876987,0.987642,0.926881,0.95779,STABLE,,continue
constraint_drift_agent,67,0.0,1.0,0.97203,0.995115,0.881863,0.99641,0.931077,0.962343,STABLE,,continue
constraint_drift_agent,68,0.0,0.991533,0.964295,0.998061,0.893165,1.0,0.93523,0.964081,STABLE,,continue
constraint_drift_agent,69,0.0,0.984413,0.974926,0.990902,0.892736,0.99056,0.934887,0.961195,STABLE,,continue
constraint_drift_agent,70,0.0,0.999221,0.983968,0.998262,0.910013,1.0,0.948842,0.973057,STABLE,,continue
constraint_drift_agent,71,0.0,0.982218,0.978316,0.99235,0.905537,0.989224,0.942007,0.964799,STABLE,,continue
constraint_drift_agent,72,0.0,0.98127,0.968492,0.996802,0.910286,0.995302,0.94341,0.966451,STABLE,,continue
constraint_drift_agent,73,0.0,0.988505,0.977925,0.993529,0.935516,0.998199,0.959495,0.975788,STABLE,,continue
constraint_drift_agent,74,0.0,0.971204,0.970285,0.977056,0.938578,0.997192,0.954851,0.968897,STABLE,,continue
constraint_drift_agent,75,0.0,0.969837,0.993604,0.985849,0.948591,0.988212,0.963315,0.974932,STABLE,,continue
constraint_drift_agent,76,0.0,0.963321,0.994662,0.989617,0.932331,0.987795,0.953755,0.970372,STABLE,,continue
constraint_drift_agent,77,0.0,0.967687,0.993087,0.982978,0.929967,0.987462,0.952893,0.968865,STABLE,,continue
constraint_drift_agent,78,0.0,0.972317,0.999882,0.996238,0.930161,0.984375,0.955216,0.972729,STABLE,,continue
constraint_drift_agent,79,0.0,0.979883,1.0,0.992438,0.941194,0.996008,0.963679,0.97869,STABLE,,continue
constraint_drift_agent,80,0.0,0.995117,1.0,0.984863,0.943967,0.99659,0.966517,0.980425,STABLE,,continue
constraint_drift_agent,81,0.0,0.994699,0.993507,0.972187,0.947405,0.989308,0.964183,0.975918,STABLE,,continue
constraint_drift_agent,82,0.0,0.99617,0.986268,0.965195,0.952104,0.992074,0.963985,0.975201,STABLE,,continue
constraint_drift_agent,83,0.0,1.0,1.0,0.97298,0.9591,0.982231,0.969422,0.979261,STABLE,,continue
constraint_drift_agent,84,0.0,0.987131,1.0,0.967636,0.950493,0.983929,0.963281,0.974288,STABLE,,continue
constraint_drift_agent,85,0.0,0.987712,0.990975,0.969247,0.965005,0.977759,0.969571,0.975816,STABLE,,continue
constraint_drift_agent,86,0.0,0.97519,1.0,0.978598,0.960367,0.964553,0.963973,0.972797,STABLE,,continue
constraint_drift_agent,87,0.0,0.970602,0.999453,0.993337,0.951777,0.967877,0.961737,0.973598,STABLE,,continue
constraint_drift_agent,88,0.0,0.98074,0.975699,1.0,0.942113,0.974974,0.958851,0.972137,STABLE,,continue
constraint_drift_agent,89,0.0,0.985426,0.98917,1.0,0.920933,0.970069,0.949489,0.968363,STABLE,,continue
constraint_drift_agent,90,0.169243,0.908996,0.910494,0.936812,0.815475,0.944368,0.864079,0.897508,STABLE,,continue
constraint_drift_agent,91,0.0,0.901016,0.915606,0.950074,0.812837,0.957223,0.863424,0.901604,STABLE,,continue
constraint_drift_agent,92,0.0,0.921503,0.925989,0.926626,0.808441,0.981115,0.864654,0.905586,STABLE,,continue
constraint_drift_agent,93,0.0,0.92508,0.914141,0.949544,0.817157,0.994386,0.870436,0.913902,STABLE,,continue
constraint_drift_agent,94,0.0,0.936481,0.927999,0.96044,0.832323,1.0,0.884271,0.92545,STABLE,,continue
constraint_drift_agent,95,0.0,0.953508,0.919972,0.970603,0.85125,1.0,0.895738,0.933842,STABLE,,continue
constraint_drift_agent,96,0.0,0.954598,0.940264,0.984114,0.883639,0.9925,0.918137,0.947193,STABLE,,continue
constraint_drift_agent,97,0.0,0.954754,0.943655,0.981499,0.879952,0.965755,0.915455,0.940768,STABLE,,continue
constraint_drift_agent,98,0.0,0.95562,0.953433,0.979231,0.904684,0.969916,0.930691,0.949491,STABLE,,continue
constraint_drift_agent,99,0.0,0.973643,0.961077,0.990486,0.911746,0.987142,0.94058,0.961394,STABLE,,continue
constraint_drift_agent,100,0.0,0.977238,0.970242,0.995519,0.912817,0.992704,0.944236,0.965965,STABLE,,continue
constraint_drift_agent,101,0.0,1.0,0.970752,1.0,0.929301,1.0,0.956406,0.976369,STABLE,,continue
constraint_drift_agent,102,0.0,1.0,0.950077,1.0,0.910273,1.0,0.941088,0.967715,STABLE,,continue
constraint_drift_agent,103,0.0,1.0,0.965465,0.990979,0.898768,1.0,0.938499,0.965607,STABLE,,continue
constraint_drift_agent,104,0.0,0.999664,0.964279,0.993125,0.930977,1.0,0.954862,0.974212,STABLE,,continue
constraint_drift_agent,105,0.0,1.0,0.976577,1.0,0.932169,0.979452,0.956571,0.973643,STABLE,,continue
constraint_drift_agent,106,0.0,0.998114,0.987224,0.990302,0.933444,0.974951,0.957318,0.972474,STABLE,,continue
constraint_drift_agent,107,0.0,1.0,0.996098,0.998214,0.942642,0.977524,0.964465,0.978746,STABLE,,continue
constraint_drift_agent,108,0.0,1.0,0.984668,0.976607,0.946712,0.983407,0.96337,0.974837,STABLE,,continue
constraint_drift_agent,109,0.0,1.0,1.0,0.995675,0.939119,0.981836,0.963702,0.978897,STABLE,,continue
constraint_drift_agent,110,0.0,1.0,1.0,1.0,0.953041,0.980094,0.970921,0.983025,STABLE,,continue
constraint_drift_agent,111,0.0,0.991168,1.0,0.988993,0.95276,0.981287,0.969089,0.979627,STABLE,,continue
constraint_drift_agent,112,0.0,1.0,0.996453,0.966186,0.959921,0.976498,0.966229,0.976035,STABLE,,continue
constraint_drift_agent,113,0.0,1.0,0.995969,0.968318,0.96962,0.963933,0.966641,0.97576,STABLE,,continue
constraint_drift_agent,114,0.0,0.99483,1.0,0.966739,0.954893,0.97486,0.963852,0.974298,STABLE,,continue
constraint_drift_agent,115,0.0,1.0,0.99955,0.95192,0.963973,0.961218,0.958032,0.970325,STABLE,,continue
constraint_drift_agent,116,0.0,1.0,0.990724,0.947246,0.961168,0.963945,0.955927,0.967919,STABLE,,continue
constraint_drift_agent,117,0.0,0.993558,0.997613,0.950381,0.97271,0.970997,0.962517,0.973103,STABLE,,continue
constraint_drift_agent,118,0.0,0.987324,0.989211,0.941052,0.97684,0.970862,0.958296,0.969448,STABLE,,continue
constraint_drift_agent,119,0.0,0.965063,0.985019,0.94053,0.993634,0.957261,0.952063,0.965244,STABLE,,continue
constraint_drift_agent,120,0.0,0.954674,0.997737,0.962661,0.986469,0.955966,0.956706,0.968804,STABLE,,continue
constraint_drift_agent,121,0.0,0.966058,0.97471,0.949426,0.984268,0.976643,0.960103,0.968853,STABLE,,continue
constraint_drift_agent,122,0.0,0.965611,0.978451,0.968047,1.0,0.973622,0.96672,0.976163,STABLE,,continue
constraint_drift_agent,123,0.0,0.969404,0.998999,0.957426,1.0,0.966541,0.963497,0.975685,STABLE,,continue
constraint_drift_agent,124,0.0,0.973953,0.996681,0.953976,0.990169,0.97324,0.964925,0.975014,STABLE,,continue
constraint_drift_agent,125,0.10917,0.92653,0.943155,0.920464,0.906658,0.966316,0.915183,0.930298,STABLE,,continue
constraint_drift_agent,126,0.0,0.943187,0.975331,0.928156,0.906259,0.977967,0.922785,0.941915,STABLE,,continue
constraint_drift_agent,127,0.0,0.957923,0.972644,0.93447,0.91587,0.972282,0.931722,0.946742,STABLE,,continue
constraint_drift_agent,128,0.0,0.958665,0.976495,0.953866,0.913593,0.957118,0.934325,0.947969,STABLE,,continue
constraint_drift_agent,129,0.0,0.944261,0.966439,0.947377,0.915918,0.950272,0.930942,0.94191,STABLE,,continue
constraint_drift_agent,130,0.0,0.943654,0.962323,0.95055,0.932909,0.96274,0.940775,0.948951,STABLE,,continue
constraint_drift_agent,131,0.0,0.950307,0.961782,0.953339,0.939193,0.972963,0.945885,0.95429,STABLE,,continue
constraint_drift_agent,132,0.0,0.946955,0.966274,0.939742,0.944034,0.983764,0.942106,0.954417,STABLE,,continue
constraint_drift_agent,133,0.0,0.950265,0.988082,0.939606,0.948716,0.985315,0.945233,0.959545,STABLE,,continue
constraint_drift_agent,134,0.0,0.954992,0.988226,0.949374,0.959493,1.0,0.953449,0.968218,STABLE,,continue
constraint_drift_agent,135,0.0,0.960154,0.99765,0.949647,0.968967,0.99238,0.958054,0.971233,STABLE,,continue
constraint_drift_agent,136,0.0,0.975651,1.0,0.955677,0.948432,0.987795,0.957129,0.969929,STABLE,,continue
constraint_drift_agent,137,0.0,0.990775,1.0,0.964548,0.960829,0.994075,0.968342,0.978913,STABLE,,continue
constraint_drift_agent,138,0.0,1.0,1.0,0.98487,0.966172,1.0,0.978843,0.987736,STABLE,,continue
constraint_drift_agent,139,0.0,0.996929,0.993985,1.0,0.969849,1.0,0.982485,0.990547,STABLE,,continue
constraint_drift_agent,140,0.0,0.99852,0.98877,1.0,0.98556,1.0,0.989338,0.993984,STABLE,,continue
constraint_drift_agent,141,0.0,0.981576,0.98783,1.0,0.984069,0.981995,0.981295,0.98647,STABLE,,continue
constraint_drift_agent,142,0.0,1.0,0.995968,0.9993,0.981068,0.994936,0.988418,0.993071,STABLE,,continue
constraint_drift_agent,143,0.0,0.99458,1.0,1.0,0.984363,0.996987,0.990272,0.994306,STABLE,,continue
constraint_drift_agent,144,0.0,0.993455,1.0,0.991347,0.968845,1.0,0.980973,0.988856,STABLE,,continue
constraint_drift_agent,145,0.0,1.0,1.0,0.99667,0.967035,1.0,0.981761,0.99055,STABLE,,continue
constraint_drift_agent,146,0.0,0.999544,0.995129,0.994031,0.988718,0.98265,0.987072,0.990697,STABLE,,continue
constraint_drift_agent,147,0.0,1.0,0.978864,0.993808,0.984887,0.96384,0.973627,0.982069,STABLE,,continue
constraint_drift_agent,148,0.0,1.0,0.977346,0.973707,0.99396,0.982443,0.977019,0.983957,STABLE,,continue
constraint_drift_agent,149,0.0,1.0,0.983382,0.977954,1.0,1.0,0.984086,0.991257,STABLE,,continue
constraint_drift_agent,150,0.267728,0.870107,0.853326,0.873078,0.799849,0.961857,0.827259,0.867324,WATCH,,monitor drift; preserve failed evidence; avoid irreversible steps
constraint_drift_agent,151,0.0,0.9078,0.875566,0.906089,0.810644,0.96561,0.850221,0.888004,STABLE,,continue
constraint_drift_agent,152,0.0,0.922235,0.880847,0.909974,0.831791,0.983378,0.863305,0.900905,STABLE,,continue
constraint_drift_agent,153,0.0,0.921282,0.903396,0.922068,0.842725,0.989935,0.875905,0.911379,STABLE,,continue
constraint_drift_agent,154,0.0,0.940294,0.914656,0.947392,0.852865,0.997361,0.89041,0.925871,STABLE,,continue
constraint_drift_agent,155,0.0,0.938839,0.94546,0.959666,0.866586,0.981589,0.905453,0.933871,STABLE,,continue
constraint_drift_agent,156,0.0,0.937658,0.963729,0.968343,0.853425,0.994137,0.902274,0.937476,STABLE,,continue
constraint_drift_agent,157,0.0,0.939402,0.981759,0.972023,0.862039,1.0,0.909686,0.94479,STABLE,,continue
constraint_drift_agent,158,0.0,0.937408,0.973801,0.974087,0.876491,0.986691,0.91558,0.944699,STABLE,,continue
constraint_drift_agent,159,0.0,0.927938,0.984868,0.971789,0.878102,0.969688,0.913181,0.941055,STABLE,,continue
constraint_drift_agent,160,0.0,0.92945,0.986426,0.985155,0.875851,0.989827,0.915303,0.947922,STABLE,,continue
constraint_drift_agent,161,0.0,0.930732,0.981061,1.0,0.883527,0.985503,0.919457,0.951346,STABLE,,continue
constraint_drift_agent,162,0.0,0.93716,0.996637,1.0,0.880578,0.986783,0.9213,0.95438,STABLE,,continue
constraint_drift_agent,163,0.0,0.945301,0.987138,0.999443,0.885981,0.99974,0.926461,0.958425,STABLE,,continue
constraint_drift_agent,164,0.0,0.963676,0.985235,0.997384,0.897732,0.993918,0.936271,0.962781,STABLE,,continue
constraint_drift_agent,165,0.0,0.973747,0.985951,0.988067,0.892745,1.0,0.935302,0.962654,STABLE,,continue
constraint_drift_agent,166,0.0,0.975207,1.0,0.984649,0.900462,1.0,0.940589,0.966382,STABLE,,continue
constraint_drift_agent,167,0.0,0.96749,0.981022,0.999725,0.896653,0.999793,0.936518,0.964175,STABLE,,continue
constraint_drift_agent,168,0.0,0.965376,0.985753,0.990259,0.899484,1.0,0.937443,0.963451,STABLE,,continue
constraint_drift_agent,169,0.0,0.959281,0.980291,0.988188,0.889699,0.995774,0.92996,0.957688,STABLE,,continue
constraint_drift_agent,170,0.0,0.96516,0.978424,0.987175,0.894441,0.989714,0.932953,0.958165,STABLE,,continue
constraint_drift_agent,171,0.0,0.976084,0.995114,0.984378,0.904022,0.988527,0.941255,0.964245,STABLE,,continue
constraint_drift_agent,172,0.0,0.982494,1.0,0.991714,0.890588,0.994417,0.936976,0.965247,STABLE,,continue
constraint_drift_agent,173,0.0,0.99684,0.997784,1.0,0.888589,0.980218,0.936447,0.965225,STABLE,,continue
constraint_drift_agent,174,0.0,0.998615,0.980459,0.997602,0.906448,0.963446,0.94044,0.963191,STABLE,,continue
constraint_drift_agent,175,0.0,0.98598,0.972249,0.997314,0.906982,0.981737,0.941682,0.964151,STABLE,,continue
constraint_drift_agent,176,0.0,0.997138,0.980199,0.999157,0.915082,0.975265,0.94737,0.968217,STABLE,,continue
constraint_drift_agent,177,0.0,1.0,0.971217,1.0,0.930747,0.980282,0.954812,0.972542,STABLE,,continue
constraint_drift_agent,178,0.0,0.998238,0.978328,0.971385,0.936872,0.981467,0.95607,0.969431,STABLE,,continue
constraint_drift_agent,179,0.0,0.997935,0.987734,0.974758,0.928299,0.982233,0.953656,0.969533,STABLE,,continue
low_recovery_agent,0,0.0,1.0,1.0,1.0,1.0,0.98914,0.994135,0.997007,STABLE,,continue
low_recovery_agent,1,0.0,1.0,1.0,0.982654,1.0,0.984274,0.986486,0.991667,STABLE,,continue
low_recovery_agent,2,0.0,0.996293,0.990952,0.982277,1.0,0.973061,0.980222,0.98669,STABLE,,continue
low_recovery_agent,3,0.0,0.984822,0.978448,1.0,0.995377,0.975256,0.978675,0.986045,STABLE,,continue
low_recovery_agent,4,0.0,0.981717,0.970233,0.997648,1.0,0.991428,0.978865,0.988153,STABLE,,continue
low_recovery_agent,5,0.0,0.974299,0.978405,0.989512,0.982236,1.0,0.977185,0.984817,STABLE,,continue
low_recovery_agent,6,0.0,0.987463,0.990096,0.98561,0.982185,1.0,0.983936,0.988491,STABLE,,continue
low_recovery_agent,7,0.0,0.99214,0.986725,0.970513,0.984945,1.0,0.978611,0.985584,STABLE,,continue
low_recovery_agent,8,0.0,0.980642,0.993869,0.97607,0.993816,1.0,0.981231,0.988082,STABLE,,continue
low_recovery_agent,9,0.0,0.974874,0.978049,0.972553,1.0,0.99458,0.974564,0.983549,STABLE,,continue
low_recovery_agent,10,0.0,0.969462,0.961086,0.992166,1.0,1.0,0.970765,0.984695,STABLE,,continue
low_recovery_agent,11,0.0,0.980996,0.969072,0.990318,0.998362,0.995724,0.97779,0.986894,STABLE,,continue
low_recovery_agent,12,0.0,1.0,0.976394,0.986416,1.0,0.986005,0.982031,0.988799,STABLE,,continue
low_recovery_agent,13,0.0,1.0,0.971129,0.992459,1.0,0.991126,0.981955,0.990224,STABLE,,continue
low_recovery_agent,14,0.0,1.0,0.972882,0.992468,0.994233,0.987439,0.981597,0.988588,STABLE,,continue
low_recovery_agent,15,0.0,1.0,0.973343,0.985182,0.989595,0.999585,0.981112,0.988748,STABLE,,continue
low_recovery_agent,16,0.0,1.0,0.980465,0.983733,0.996275,0.993188,0.984405,0.989921,STABLE,,continue
low_recovery_agent,17,0.0,0.997404,0.991277,0.993712,0.986795,0.985252,0.987104,0.989957,STABLE,,continue
low_recovery_agent,18,0.0,0.998649,1.0,0.975034,0.99078,0.972834,0.97768,0.984758,STABLE,,continue
low_recovery_agent,19,0.0,0.992388,0.996356,0.972727,0.986281,0.975378,0.976764,0.982458,STABLE,,continue
low_recovery_agent,20,0.0,0.987498,0.981939,0.982598,0.995058,0.98605,0.982635,0.986255,STABLE,,continue
low_recovery_agent,21,0.0,0.972851,0.985958,0.99068,0.985196,0.987412,0.979249,0.984227,STABLE,,continue
low_recovery_agent,22,0.0,0.973339,1.0,1.0,0.9699,1.0,0.976793,0.987299,STABLE,,continue
low_recovery_agent,23,0.0,0.965807,1.0,1.0,0.962682,1.0,0.970785,0.984033,STABLE,,continue
low_recovery_agent,24,0.0,0.966811,1.0,1.0,0.978041,1.0,0.977098,0.987975,STABLE,,continue
low_recovery_agent,25,0.216779,0.882239,0.897414,0.916271,0.897521,0.913675,0.890876,0.901229,STABLE,,continue
low_recovery_agent,26,0.0,0.883721,0.897053,0.930496,0.916606,0.919979,0.895244,0.909588,STABLE,,continue
low_recovery_agent,27,0.0,0.9051,0.916606,0.938212,0.915976,0.943015,0.911526,0.923551,STABLE,,continue
low_recovery_agent,28,0.0,0.91026,0.922621,0.939512,0.914724,0.933514,0.914755,0.923677,STABLE,,continue
low_recovery_agent,29,0.0,0.922045,0.919198,0.974705,0.911624,0.92699,0.911826,0.92923,STABLE,,continue
low_recovery_agent,30,0.0,0.931886,0.939097,0.977273,0.925388,0.915199,0.919699,0.935241,STABLE,,continue
low_recovery_agent,31,0.0,0.929252,0.931832,0.96005,0.933348,0.900487,0.914937,0.928486,STABLE,,continue
low_recovery_agent,32,0.0,0.920332,0.930346,0.954773,0.943377,0.912599,0.919322,0.930968,STABLE,,continue
low_recovery_agent,33,0.0,0.934114,0.94184,0.969619,0.948511,0.923587,0.930395,0.942051,STABLE,,continue
low_recovery_agent,34,0.0,0.943235,0.946571,0.967956,0.949872,0.922365,0.933602,0.944137,STABLE,,continue
low_recovery_agent,35,0.0,0.950902,0.948677,0.963759,0.947811,0.917326,0.932684,0.94318,STABLE,,continue
low_recovery_agent,36,0.0,0.963676,0.952388,0.957885,0.960646,0.919245,0.937003,0.947799,STABLE,,continue
low_recovery_agent,37,0.0,0.951819,0.965314,0.955715,0.960138,0.927005,0.940709,0.949511,STABLE,,continue
low_recovery_agent,38,0.0,0.966174,0.967492,0.94709,0.969204,0.928798,0.942425,0.952508,STABLE,,continue
low_recovery_agent,39,0.0,0.98711,0.969334,0.928761,0.97558,0.954723,0.946015,0.959114,STABLE,,continue
low_recovery_agent,40,0.0,1.0,0.989391,0.923977,0.986924,0.951623,0.946289,0.964391,STABLE,,continue
low_recovery_agent,41,0.0,1.0,0.977266,0.92331,0.981351,0.965011,0.947602,0.96437,STABLE,,continue
low_recovery_agent,42,0.0,1.0,0.98133,0.915635,0.979932,0.960734,0.943074,0.961721,STABLE,,continue
low_recovery_agent,43,0.0,1.0,0.994176,0.93261,0.974206,0.936912,0.943642,0.960972,STABLE,,continue
low_recovery_agent,44,0.0,0.98233,1.0,0.933719,0.969046,0.95908,0.949898,0.963853,STABLE,,continue
low_recovery_agent,45,0.0,0.996056,1.0,0.935823,0.970542,0.965075,0.953709,0.968191,STABLE,,continue
low_recovery_agent,46,0.0,1.0,1.0,0.94796,0.984915,0.956556,0.959349,0.972867,STABLE,,continue
low_recovery_agent,47,0.0,1.0,0.997054,0.926754,0.965006,0.950329,0.944119,0.961264,STABLE,,continue
low_recovery_agent,48,0.0,1.0,0.99836,0.934165,0.9877,0.942158,0.948296,0.966118,STABLE,,continue
low_recovery_agent,49,0.0,0.999726,1.0,0.931805,0.989103,0.931422,0.943278,0.963277,STABLE,,continue
low_recovery_agent,50,0.0,1.0,0.993184,0.957302,0.98977,0.947943,0.959874,0.97296,STABLE,,continue
low_recovery_agent,51,0.0,0.999467,0.993265,0.954707,0.991892,0.95586,0.962407,0.974745,STABLE,,continue
low_recovery_agent,52,0.0,0.991657,0.992398,0.952048,1.0,0.95898,0.962413,0.975191,STABLE,,continue
low_recovery_agent,53,0.0,1.0,0.990875,0.958285,0.986786,0.958242,0.964103,0.974909,STABLE,,continue
low_recovery_agent,54,0.0,1.0,1.0,0.963676,1.0,0.968449,0.972235,0.982901,STABLE,,continue
low_recovery_agent,55,0.144006,0.934607,0.951899,0.9011,0.941933,0.908818,0.911102,0.923605,STABLE,,continue
low_recovery_agent,56,0.0,0.961893,0.962836,0.905275,0.959708,0.923992,0.922577,0.937768,STABLE,,continue
low_recovery_agent,57,0.0,0.983871,0.949476,0.909821,0.958749,0.911172,0.918356,0.936501,STABLE,,continue
low_recovery_agent,58,0.0,0.995455,0.949652,0.924071,0.986101,0.915723,0.926977,0.948169,STABLE,,continue
low_recovery_agent,59,0.0,0.99152,0.953708,0.939714,0.981698,0.917083,0.933608,0.951522,STABLE,,continue
low_recovery_agent,60,0.0,1.0,0.960133,0.923848,0.97111,0.93964,0.936653,0.95352,STABLE,,continue
low_recovery_agent,61,0.0,1.0,0.954784,0.927932,0.973871,0.95249,0.941387,0.957305,STABLE,,continue
low_recovery_agent,62,0.0,0.986417,0.948951,0.936138,0.975251,0.962532,0.9466,0.959146,STABLE,,continue
low_recovery_agent,63,0.0,0.974948,0.955432,0.951908,0.982371,0.967333,0.956638,0.965162,STABLE,,continue
low_recovery_agent,64,0.0,0.975512,0.949624,0.954843,0.996572,0.969116,0.95502,0.967814,STABLE,,continue
low_recovery_agent,65,0.0,0.968103,0.947573,0.960283,0.993149,0.976779,0.956123,0.96856,STABLE,,continue
low_recovery_agent,66,0.0,0.975271,0.959451,0.977537,1.0,0.96955,0.964998,0.975603,STABLE,,continue
low_recovery_agent,67,0.0,0.967739,0.961005,0.974733,0.988617,0.967904,0.964031,0.971606,STABLE,,continue
low_recovery_agent,68,0.0,0.964956,0.956509,0.973495,1.0,0.972817,0.961154,0.973094,STABLE,,continue
low_recovery_agent,69,0.0,0.991804,0.960693,0.972609,1.0,0.977856,0.968756,0.979342,STABLE,,continue
low_recovery_agent,70,0.0,0.996655,0.983701,0.966237,1.0,0.981948,0.975499,0.983794,STABLE,,continue
low_recovery_agent,71,0.0,0.981148,0.992337,0.98148,0.991428,0.983502,0.981817,0.985295,STABLE,,continue
low_recovery_agent,72,0.0,0.96504,0.980186,0.993367,0.987544,0.973915,0.971541,0.979503,STABLE,,continue
low_recovery_agent,73,0.0,0.96946,0.976091,0.989163,0.996071,0.964671,0.969038,0.978171,STABLE,,continue
low_recovery_agent,74,0.0,0.962264,0.978995,0.999681,1.0,0.961236,0.96594,0.979194,STABLE,,continue
low_recovery_agent,75,0.0,0.973932,0.97235,1.0,0.988662,0.978048,0.973762,0.982262,STABLE,,continue
low_recovery_agent,76,0.0,0.968952,0.994059,1.0,0.979534,0.974823,0.973514,0.98219,STABLE,,continue
low_recovery_agent,77,0.0,0.978651,1.0,0.999293,0.981843,0.984698,0.981259,0.987743,STABLE,,continue
low_recovery_agent,78,0.0,0.981267,0.987065,0.991217,0.985846,0.998245,0.983867,0.988599,STABLE,,continue
low_recovery_agent,79,0.0,0.998566,0.995598,0.994757,0.994622,0.991737,0.993198,0.99456,STABLE,,continue
low_recovery_agent,80,0.0,0.997121,0.987607,0.982668,0.998447,0.994344,0.986942,0.991315,STABLE,,continue
low_recovery_agent,81,0.0,1.0,0.993775,0.986412,1.0,0.994432,0.990664,0.994126,STABLE,,continue
low_recovery_agent,82,0.0,1.0,0.986868,0.991142,1.0,0.988242,0.988421,0.992506,STABLE,,continue
low_recovery_agent,83,0.0,1.0,0.981381,0.98655,0.988751,1.0,0.984989,0.990599,STABLE,,continue
low_recovery_agent,84,0.0,1.0,0.987816,1.0,0.987882,1.0,0.99008,0.994603,STABLE,,continue
low_recovery_agent,85,0.0,0.997725,0.991063,0.996022,0.992708,1.0,0.992737,0.995272,STABLE,,continue
low_recovery_agent,86,0.0,0.996724,1.0,0.998716,0.996076,0.99091,0.993834,0.995871,STABLE,,continue
low_recovery_agent,87,0.0,1.0,0.99866,0.992731,0.988669,1.0,0.992145,0.995179,STABLE,,continue
low_recovery_agent,88,0.0,0.997365,0.984166,0.986301,0.989184,1.0,0.986126,0.990814,STABLE,,continue
low_recovery_agent,89,0.0,1.0,0.991835,0.980894,0.993573,0.991239,0.986279,0.990333,STABLE,,continue
low_recovery_agent,90,0.265449,0.871371,0.847692,0.8815,0.908137,0.908896,0.863821,0.883414,STABLE,,continue
low_recovery_agent,91,0.0,0.879585,0.864142,0.872893,0.925127,0.918958,0.87091,0.891464,STABLE,,continue
low_recovery_agent,92,0.0,0.893177,0.875686,0.872682,0.91696,0.919212,0.878794,0.894547,STABLE,,continue
low_recovery_agent,93,0.0,0.905321,0.889673,0.868679,0.914706,0.919331,0.883846,0.897747,STABLE,,continue
low_recovery_agent,94,0.0,0.907505,0.882341,0.864439,0.914249,0.927535,0.879865,0.897217,STABLE,,continue
low_recovery_agent,95,0.0,0.901322,0.887889,0.885327,0.909035,0.932065,0.88878,0.902261,STABLE,,continue
low_recovery_agent,96,0.0,0.917569,0.890097,0.888306,0.928948,0.935185,0.895465,0.910753,STABLE,,continue
low_recovery_agent,97,0.0,0.933626,0.900651,0.893366,0.94021,0.944287,0.904444,0.920658,STABLE,,continue
low_recovery_agent,98,0.0,0.947871,0.900831,0.901882,0.945036,0.956399,0.909993,0.928411,STABLE,,continue
low_recovery_agent,99,0.0,0.940788,0.916653,0.914002,0.936868,0.972449,0.918281,0.934756,STABLE,,continue
low_recovery_agent,100,0.0,0.966729,0.931422,0.934808,0.943467,0.958341,0.935413,0.94524,STABLE,,continue
low_recovery_agent,101,0.0,0.950311,0.937882,0.933843,0.939466,0.961505,0.936054,0.943624,STABLE,,continue
low_recovery_agent,102,0.0,0.959488,0.926895,0.934382,0.960073,0.954255,0.935346,0.945839,STABLE,,continue
low_recovery_agent,103,0.0,0.970649,0.926215,0.944827,0.97468,0.965831,0.9409,0.955159,STABLE,,continue
low_recovery_agent,104,0.0,0.981525,0.918905,0.960157,0.968457,0.971535,0.941662,0.958636,STABLE,,continue
low_recovery_agent,105,0.0,0.985231,0.928378,0.966554,0.962889,0.960627,0.94513,0.958943,STABLE,,continue
low_recovery_agent,106,0.0,0.994852,0.934319,0.98059,0.965819,0.950158,0.946932,0.962504,STABLE,,continue
low_recovery_agent,107,0.0,1.0,0.934359,0.985485,0.962455,0.971137,0.951811,0.9684,STABLE,,continue
low_recovery_agent,108,0.0,0.991234,0.934726,0.987663,0.95495,0.977069,0.950978,0.967282,STABLE,,continue
low_recovery_agent,109,0.0,1.0,0.933542,0.992552,0.931555,0.978766,0.942485,0.963977,STABLE,,continue
low_recovery_agent,110,0.0,0.99687,0.929145,1.0,0.934521,0.978924,0.94209,0.964878,STABLE,,continue
low_recovery_agent,111,0.0,0.993288,0.914016,0.98868,0.950091,0.959742,0.936714,0.958477,STABLE,,continue
low_recovery_agent,112,0.0,0.986033,0.91492,1.0,0.962318,0.957834,0.939495,0.96207,STABLE,,continue
low_recovery_agent,113,0.0,0.999927,0.912364,1.0,0.952159,0.972404,0.939419,0.96463,STABLE,,continue
low_recovery_agent,114,0.0,0.99587,0.907074,0.997829,0.959286,0.969967,0.937972,0.963574,STABLE,,continue
low_recovery_agent,115,0.0,1.0,0.906541,1.0,0.967413,0.972091,0.940172,0.966767,STABLE,,continue
low_recovery_agent,116,0.0,0.995586,0.913384,1.0,0.990996,0.984025,0.949475,0.975277,STABLE,,continue
low_recovery_agent,117,0.0,1.0,0.949206,1.0,0.996662,0.992519,0.971161,0.986721,STABLE,,continue
low_recovery_agent,118,0.0,0.98991,0.947662,0.994938,1.0,0.991458,0.96874,0.984214,STABLE,,continue
low_recovery_agent,119,0.0,0.991906,0.96152,1.0,0.998383,0.985535,0.975612,0.986865,STABLE,,continue
low_recovery_agent,120,0.0,1.0,0.971452,0.983937,0.995398,0.988507,0.979451,0.986902,STABLE,,continue
low_recovery_agent,121,0.0,1.0,0.982181,0.987997,1.0,0.990194,0.98614,0.991323,STABLE,,continue
low_recovery_agent,122,0.0,0.993261,0.980584,0.989099,0.999653,0.972231,0.978786,0.985677,STABLE,,continue
low_recovery_agent,123,0.0,0.989696,0.982252,0.987114,0.997217,0.979638,0.981968,0.986499,STABLE,,continue
low_recovery_agent,124,0.0,0.979533,0.966984,0.984612,1.0,0.998366,0.975459,0.985826,STABLE,,continue
low_recovery_agent,125,0.254938,0.851373,0.839073,0.881274,0.912548,0.914679,0.853569,0.879924,WATCH,,monitor drift; preserve failed evidence; avoid irreversible steps
low_recovery_agent,126,0.0,0.851239,0.848895,0.8945,0.928762,0.914386,0.859936,0.887707,STABLE,,continue
low_recovery_agent,127,0.0,0.856832,0.83047,0.896303,0.930001,0.911981,0.854124,0.885194,STABLE,,continue
low_recovery_agent,128,0.0,0.867193,0.839574,0.881592,0.938526,0.910708,0.858353,0.887081,STABLE,,continue
low_recovery_agent,129,0.0,0.880124,0.835899,0.890891,0.941288,0.921864,0.863154,0.893572,STABLE,,continue
low_recovery_agent,130,0.0,0.88866,0.842702,0.883821,0.931859,0.923136,0.867033,0.893382,STABLE,,continue
low_recovery_agent,131,0.0,0.895346,0.845585,0.898903,0.935268,0.92048,0.873214,0.898569,STABLE,,continue
low_recovery_agent,132,0.0,0.898928,0.856645,0.909835,0.959942,0.921028,0.880874,0.908566,STABLE,,continue
low_recovery_agent,133,0.0,0.904339,0.869078,0.916453,0.958581,0.912722,0.887921,0.911388,STABLE,,continue
low_recovery_agent,134,0.0,0.905047,0.865803,0.905537,0.954394,0.910193,0.884297,0.907146,STABLE,,continue
low_recovery_agent,135,0.0,0.916658,0.879463,0.903677,0.955941,0.899783,0.889515,0.909273,STABLE,,continue
low_recovery_agent,136,0.0,0.916781,0.890324,0.919247,0.95282,0.919421,0.902852,0.918971,STABLE,,continue
low_recovery_agent,137,0.0,0.906684,0.884099,0.932481,0.973825,0.931688,0.900284,0.925285,STABLE,,continue
low_recovery_agent,138,0.0,0.911954,0.868754,0.917388,0.977501,0.934324,0.892078,0.921084,STABLE,,continue
low_recovery_agent,139,0.0,0.906249,0.87689,0.924818,0.988992,0.941667,0.895915,0.927025,STABLE,,continue
low_recovery_agent,140,0.0,0.924233,0.883987,0.929378,1.0,0.93719,0.9032,0.933619,STABLE,,continue
low_recovery_agent,141,0.0,0.956984,0.894353,0.938554,1.0,0.961677,0.921085,0.9488,STABLE,,continue
low_recovery_agent,142,0.0,0.967525,0.884324,0.957258,0.996591,0.966236,0.922557,0.952895,STABLE,,continue
low_recovery_agent,143,0.0,0.956707,0.896179,0.953993,0.997903,0.966468,0.926231,0.95323,STABLE,,continue
low_recovery_agent,144,0.0,0.978589,0.92192,0.957955,0.998734,0.965785,0.942999,0.963019,STABLE,,continue
low_recovery_agent,145,0.0,0.990951,0.923081,0.956937,1.0,0.963515,0.943759,0.964612,STABLE,,continue
low_recovery_agent,146,0.0,0.991124,0.911652,0.967251,1.0,0.974048,0.942568,0.966935,STABLE,,continue
low_recovery_agent,147,0.0,1.0,0.908227,0.972104,0.990568,0.974132,0.941712,0.966726,STABLE,,continue
low_recovery_agent,148,0.0,1.0,0.914476,0.960097,0.978276,0.962674,0.939168,0.960336,STABLE,,continue
low_recovery_agent,149,0.0,1.0,0.93999,0.976754,0.961293,0.980282,0.954605,0.969529,STABLE,,continue
low_recovery_agent,150,0.199576,0.894738,0.840591,0.905655,0.900469,0.899133,0.867703,0.887414,STABLE,,continue
low_recovery_agent,151,0.0,0.907245,0.828302,0.910597,0.920905,0.908496,0.866423,0.89396,STABLE,,continue
low_recovery_agent,152,0.0,0.907895,0.846982,0.927139,0.941203,0.925567,0.881604,0.909206,STABLE,,continue
low_recovery_agent,153,0.0,0.924309,0.863034,0.935331,0.947449,0.929967,0.894942,0.919242,STABLE,,continue
low_recovery_agent,154,0.0,0.916787,0.861288,0.937426,0.954646,0.950748,0.89518,0.923899,STABLE,,continue
low_recovery_agent,155,0.0,0.921429,0.879229,0.952975,0.956458,0.961177,0.908026,0.934243,STABLE,,continue
low_recovery_agent,156,0.0,0.923771,0.899334,0.962907,0.948516,0.966325,0.918643,0.94028,STABLE,,continue
low_recovery_agent,157,0.0,0.944886,0.90326,0.970203,0.95866,0.959024,0.927322,0.946854,STABLE,,continue
low_recovery_agent,158,0.0,0.953344,0.894836,0.966212,0.973179,0.96632,0.926385,0.950187,STABLE,,continue
low_recovery_agent,159,0.0,0.953136,0.905295,0.968179,0.975745,0.975953,0.933125,0.955354,STABLE,,continue
low_recovery_agent,160,0.0,0.948712,0.911096,0.967474,0.962097,0.968937,0.933387,0.951453,STABLE,,continue
low_recovery_agent,161,0.0,0.967512,0.920011,0.956711,0.950142,0.970642,0.937647,0.951954,STABLE,,continue
low_recovery_agent,162,0.0,0.985099,0.922703,0.973071,0.958199,0.978026,0.944559,0.961877,STABLE,,continue
low_recovery_agent,163,0.0,0.972648,0.936484,0.971768,0.970633,0.971884,0.952686,0.964088,STABLE,,continue
low_recovery_agent,164,0.0,0.976082,0.943624,0.972373,0.977351,0.971778,0.957625,0.96763,STABLE,,continue
low_recovery_agent,165,0.0,0.971045,0.962893,0.984962,0.971804,0.980031,0.967636,0.974012,STABLE,,continue
low_recovery_agent,166,0.0,0.965379,0.953161,0.996443,0.957329,0.991117,0.957602,0.9721,STABLE,,continue
low_recovery_agent,167,0.0,0.964957,0.953715,1.0,0.967024,0.983662,0.960107,0.973496,STABLE,,continue
low_recovery_agent,168,0.0,0.974265,0.957487,0.987439,0.968326,0.998961,0.964953,0.976926,STABLE,,continue
low_recovery_agent,169,0.0,0.992595,0.967084,0.976491,0.976114,1.0,0.972238,0.981463,STABLE,,continue
low_recovery_agent,170,0.0,1.0,0.97681,0.98191,0.977564,0.993916,0.978148,0.984777,STABLE,,continue
low_recovery_agent,171,0.0,0.981021,0.981528,0.985145,0.985181,0.981095,0.981143,0.982698,STABLE,,continue
low_recovery_agent,172,0.0,0.988625,1.0,0.987059,0.985913,0.985905,0.984958,0.988347,STABLE,,continue
low_recovery_agent,173,0.0,1.0,0.989764,0.990074,0.979198,0.981718,0.981925,0.986542,STABLE,,continue
low_recovery_agent,174,0.0,0.999504,1.0,1.0,0.985573,0.979615,0.985581,0.991094,STABLE,,continue
low_recovery_agent,175,0.0,1.0,0.995724,0.994289,0.969136,0.995431,0.981514,0.98895,STABLE,,continue
low_recovery_agent,176,0.0,1.0,1.0,0.980827,0.986526,0.996548,0.986192,0.991174,STABLE,,continue
low_recovery_agent,177,0.0,1.0,0.983522,0.996965,0.995618,0.996473,0.989678,0.994133,STABLE,,continue
low_recovery_agent,178,0.0,1.0,0.976807,0.991402,0.991382,0.978267,0.980102,0.986349,STABLE,,continue
low_recovery_agent,179,0.0,1.0,0.990044,0.985042,0.995648,0.977589,0.982972,0.988071,STABLE,,continue
