agent,step,gv,mode,truth,constraint,coherence,autonomy,escalation,reasons
recoverable_runtime,0,1.0,STABLE,1.0,1.0,1.0,1.0,0,
recoverable_runtime,1,0.9896,STABLE,0.9896,0.9896,0.9896,1.0,0,
recoverable_runtime,2,0.998212,STABLE,0.998093,0.998093,0.998077,1.0,0,
recoverable_runtime,3,1.0,STABLE,1.0,1.0,1.0,1.0,0,
recoverable_runtime,4,0.98049,STABLE,0.98049,0.98049,0.98049,1.0,0,
recoverable_runtime,5,0.969545,STABLE,0.969321,0.969321,0.969291,1.0,0,
recoverable_runtime,6,0.97406,STABLE,0.973514,0.973514,0.973444,1.0,0,
recoverable_runtime,7,0.973646,STABLE,0.972868,0.972868,0.972773,1.0,0,
recoverable_runtime,8,0.976266,STABLE,0.975277,0.975277,0.975163,1.0,0,
recoverable_runtime,9,0.97024,STABLE,0.969096,0.969096,0.968971,1.0,0,
recoverable_runtime,10,0.982177,STABLE,0.980826,0.980826,0.980685,1.0,0,
recoverable_runtime,11,0.991823,STABLE,0.990425,0.990425,0.990291,1.0,0,
recoverable_runtime,12,0.993323,STABLE,0.991995,0.991995,0.991882,1.0,0,
recoverable_runtime,13,1.0,STABLE,1.0,1.0,1.0,1.0,0,
recoverable_runtime,14,1.0,STABLE,1.0,1.0,1.0,1.0,0,
recoverable_runtime,15,0.991407,STABLE,0.991407,0.991407,0.991407,1.0,0,
recoverable_runtime,16,0.996009,STABLE,0.995911,0.995911,0.995898,1.0,0,
recoverable_runtime,17,0.986843,STABLE,0.986711,0.986711,0.986694,1.0,0,
recoverable_runtime,18,0.997025,STABLE,0.996758,0.996758,0.996725,1.0,0,
recoverable_runtime,19,0.996837,STABLE,0.996566,0.996566,0.996536,1.0,0,
recoverable_runtime,20,0.903298,STABLE,0.976744,0.976744,0.849245,1.0,0,
recoverable_runtime,21,0.926689,STABLE,0.991179,0.991179,0.878768,1.0,0,
recoverable_runtime,22,0.933654,STABLE,0.990472,0.990472,0.891043,1.0,0,
recoverable_runtime,23,0.937038,STABLE,0.987094,0.987094,0.899124,1.0,0,
recoverable_runtime,24,0.940744,STABLE,0.984798,0.984798,0.907005,1.0,0,
recoverable_runtime,25,0.952829,STABLE,0.991566,0.991566,0.922797,1.0,0,
recoverable_runtime,26,0.961875,STABLE,0.996021,0.996021,0.93509,1.0,0,
recoverable_runtime,27,0.970156,STABLE,1.0,1.0,0.946453,1.0,0,
recoverable_runtime,28,0.976172,STABLE,1.0,1.0,0.956749,1.0,0,
recoverable_runtime,29,0.991674,STABLE,1.0,1.0,0.982386,1.0,0,
recoverable_runtime,30,0.9885,STABLE,0.995936,0.995936,0.980159,1.0,0,
recoverable_runtime,31,0.98461,STABLE,0.9912,0.9912,0.977116,1.0,0,
recoverable_runtime,32,0.978124,STABLE,0.983898,0.983898,0.971384,1.0,0,
recoverable_runtime,33,0.986634,STABLE,0.991587,0.991587,0.980554,1.0,0,
recoverable_runtime,34,0.99705,STABLE,1.0,1.0,0.993151,1.0,0,
recoverable_runtime,35,0.996216,STABLE,0.998861,0.998861,0.992715,1.0,0,
recoverable_runtime,36,0.988211,STABLE,0.990567,0.990567,0.985065,1.0,0,
recoverable_runtime,37,0.981227,STABLE,0.983219,0.983219,0.978374,1.0,0,
recoverable_runtime,38,0.989743,STABLE,0.991319,0.991319,0.98712,1.0,0,
recoverable_runtime,39,0.99808,STABLE,0.999576,0.999576,0.995844,1.0,0,
recoverable_runtime,40,0.999906,STABLE,1.0,1.0,0.999745,1.0,0,
recoverable_runtime,41,0.99326,STABLE,0.993345,0.993345,0.993116,1.0,0,
recoverable_runtime,42,0.996305,STABLE,0.996299,0.996299,0.996132,1.0,0,
recoverable_runtime,43,0.997864,STABLE,0.997817,0.997817,0.997675,1.0,0,
recoverable_runtime,44,0.999996,STABLE,1.0,1.0,0.99999,1.0,0,
recoverable_runtime,45,0.920539,STABLE,0.989729,0.989729,0.869687,1.0,0,
recoverable_runtime,46,0.936581,STABLE,0.997493,0.997493,0.891427,1.0,0,
recoverable_runtime,47,0.944666,STABLE,0.998407,0.998407,0.904486,1.0,0,
recoverable_runtime,48,0.953433,STABLE,1.0,1.0,0.918269,1.0,0,
recoverable_runtime,49,0.962664,STABLE,1.0,1.0,0.934004,1.0,0,
recoverable_runtime,50,0.952416,STABLE,0.985428,0.985428,0.926829,1.0,0,
recoverable_runtime,51,0.954619,STABLE,0.983616,0.983616,0.931837,1.0,0,
recoverable_runtime,52,0.955034,STABLE,0.980469,0.980469,0.934746,1.0,0,
recoverable_runtime,53,0.953685,STABLE,0.975935,0.975935,0.93562,1.0,0,
recoverable_runtime,54,0.956089,STABLE,0.97547,0.97547,0.940009,1.0,0,
recoverable_runtime,55,0.975903,STABLE,0.99275,0.99275,0.96158,1.0,0,
recoverable_runtime,56,0.969934,STABLE,0.98478,0.98478,0.957113,1.0,0,
recoverable_runtime,57,0.982938,STABLE,0.995909,0.995909,0.97148,1.0,0,
recoverable_runtime,58,0.968005,STABLE,0.979469,0.979469,0.957733,1.0,0,
recoverable_runtime,59,0.968162,STABLE,0.978071,0.978071,0.958981,1.0,0,
recoverable_runtime,60,0.973264,STABLE,0.981781,0.981781,0.965049,1.0,0,
recoverable_runtime,61,0.982036,STABLE,0.989374,0.989374,0.97467,1.0,0,
recoverable_runtime,62,0.991098,STABLE,0.997496,0.997496,0.984484,1.0,0,
recoverable_runtime,63,0.997052,STABLE,1.0,1.0,0.993256,1.0,0,
recoverable_runtime,64,0.993871,STABLE,0.996513,0.996513,0.990465,1.0,0,
recoverable_runtime,65,0.989898,STABLE,0.992221,0.992221,0.986832,1.0,0,
recoverable_runtime,66,0.998497,STABLE,1.0,1.0,0.99642,1.0,0,
recoverable_runtime,67,0.996739,STABLE,0.998087,0.998087,0.994873,1.0,0,
recoverable_runtime,68,0.984327,STABLE,0.985512,0.985512,0.982646,1.0,0,
recoverable_runtime,69,0.974676,STABLE,0.975555,0.975555,0.973112,1.0,0,
recoverable_runtime,70,0.94563,STABLE,0.977208,0.977208,0.92202,1.0,0,
recoverable_runtime,71,0.953228,STABLE,0.980797,0.980797,0.932334,1.0,0,
recoverable_runtime,72,0.965431,STABLE,0.989526,0.989526,0.946906,1.0,0,
recoverable_runtime,73,0.965089,STABLE,0.986249,0.986249,0.948604,1.0,0,
recoverable_runtime,74,0.970612,STABLE,0.989141,0.989141,0.955949,1.0,0,
recoverable_runtime,75,0.980177,STABLE,0.996428,0.996428,0.967113,1.0,0,
recoverable_runtime,76,0.979331,STABLE,0.993674,0.993674,0.967653,1.0,0,
recoverable_runtime,77,0.986221,STABLE,0.998843,0.998843,0.975789,1.0,0,
recoverable_runtime,78,0.981162,STABLE,0.992333,0.992333,0.971818,1.0,0,
recoverable_runtime,79,0.97963,STABLE,0.989431,0.989431,0.971281,1.0,0,
recoverable_runtime,80,0.978066,STABLE,0.986618,0.986618,0.970609,1.0,0,
recoverable_runtime,81,0.968519,STABLE,0.975931,0.975931,0.961862,1.0,0,
recoverable_runtime,82,0.976826,STABLE,0.983087,0.983087,0.97089,1.0,0,
recoverable_runtime,83,0.974654,STABLE,0.98,0.98,0.969338,1.0,0,
recoverable_runtime,84,0.977527,STABLE,0.982025,0.982025,0.972753,1.0,0,
recoverable_runtime,85,0.984763,STABLE,0.98854,0.98854,0.98046,1.0,0,
recoverable_runtime,86,0.990868,STABLE,0.994094,0.994094,0.986988,1.0,0,
recoverable_runtime,87,0.997695,STABLE,1.0,1.0,0.994767,1.0,0,
recoverable_runtime,88,0.99695,STABLE,0.999015,0.999015,0.994323,1.0,0,
recoverable_runtime,89,0.993039,STABLE,0.994876,0.994876,0.990679,1.0,0,
recoverable_runtime,90,0.992985,STABLE,0.994565,0.994565,0.990854,1.0,0,
recoverable_runtime,91,0.97686,STABLE,0.978208,0.978208,0.974932,1.0,0,
recoverable_runtime,92,0.964871,STABLE,0.965807,0.965807,0.963046,1.0,0,
recoverable_runtime,93,0.9554,STABLE,0.955829,0.955829,0.953539,1.0,0,
recoverable_runtime,94,0.950178,STABLE,0.950052,0.950052,0.948126,1.0,0,
recoverable_runtime,95,0.848801,STABLE,0.930748,0.930748,0.787885,1.0,0,
recoverable_runtime,96,0.862163,STABLE,0.933546,0.933546,0.808367,1.0,0,
recoverable_runtime,97,0.890715,STABLE,0.952851,0.952851,0.84315,1.0,0,
recoverable_runtime,98,0.899491,STABLE,0.953768,0.953768,0.857295,1.0,0,
recoverable_runtime,99,0.918163,STABLE,0.965535,0.965535,0.880697,1.0,0,
recoverable_runtime,100,0.918018,STABLE,0.959473,0.959473,0.884672,1.0,0,
recoverable_runtime,101,0.925112,STABLE,0.961269,0.961269,0.895437,1.0,0,
recoverable_runtime,102,0.923936,STABLE,0.955448,0.955448,0.8975,1.0,0,
recoverable_runtime,103,0.928953,STABLE,0.95629,0.95629,0.905401,1.0,0,
recoverable_runtime,104,0.945177,STABLE,0.968845,0.968845,0.924169,1.0,0,
recoverable_runtime,105,0.93393,STABLE,0.954532,0.954532,0.915144,1.0,0,
recoverable_runtime,106,0.945494,STABLE,0.963196,0.963196,0.9287,1.0,0,
recoverable_runtime,107,0.95381,STABLE,0.969069,0.969069,0.938764,1.0,0,
recoverable_runtime,108,0.952887,STABLE,0.966066,0.966066,0.939385,1.0,0,
recoverable_runtime,109,0.943528,STABLE,0.954829,0.954829,0.931395,1.0,0,
recoverable_runtime,110,0.950347,STABLE,0.959842,0.959842,0.939409,1.0,0,
recoverable_runtime,111,0.950396,STABLE,0.958362,0.958362,0.940508,1.0,0,
recoverable_runtime,112,0.958046,STABLE,0.964644,0.964644,0.94907,1.0,0,
recoverable_runtime,113,0.962751,STABLE,0.968222,0.968222,0.95459,1.0,0,
recoverable_runtime,114,0.982739,STABLE,0.987258,0.987258,0.975307,1.0,0,
recoverable_runtime,115,0.98216,STABLE,0.986075,0.986075,0.975461,1.0,0,
recoverable_runtime,116,0.973804,STABLE,0.977163,0.977163,0.967754,1.0,0,
recoverable_runtime,117,0.978373,STABLE,0.981125,0.981125,0.972853,1.0,0,
recoverable_runtime,118,0.982857,STABLE,0.985118,0.985118,0.977826,1.0,0,
recoverable_runtime,119,0.99724,STABLE,1.0,1.0,0.993611,1.0,0,
recoverable_runtime,120,0.944854,STABLE,0.99494,0.99494,0.907384,1.0,0,
recoverable_runtime,121,0.961904,STABLE,1.0,1.0,0.932851,1.0,0,
recoverable_runtime,122,0.954437,STABLE,0.988112,0.988112,0.928509,1.0,0,
recoverable_runtime,123,0.953231,STABLE,0.982844,0.982844,0.93014,1.0,0,
recoverable_runtime,124,0.949248,STABLE,0.975208,0.975208,0.928696,1.0,0,
recoverable_runtime,125,0.951029,STABLE,0.973665,0.973665,0.932759,1.0,0,
recoverable_runtime,126,0.942712,STABLE,0.9624,0.9624,0.926464,1.0,0,
recoverable_runtime,127,0.955387,STABLE,0.972324,0.972324,0.940961,1.0,0,
recoverable_runtime,128,0.958081,STABLE,0.972731,0.972731,0.945223,1.0,0,
recoverable_runtime,129,0.947974,STABLE,0.960613,0.960613,0.936497,1.0,0,
recoverable_runtime,130,0.943495,STABLE,0.954199,0.954199,0.93325,1.0,0,
recoverable_runtime,131,0.952767,STABLE,0.961685,0.961685,0.94359,1.0,0,
recoverable_runtime,132,0.96626,STABLE,0.973707,0.973707,0.957998,1.0,0,
recoverable_runtime,133,0.989864,STABLE,0.996172,0.996172,0.982412,1.0,0,
recoverable_runtime,134,1.0,STABLE,1.0,1.0,1.0,1.0,0,
recoverable_runtime,135,1.0,STABLE,1.0,1.0,1.0,1.0,0,
recoverable_runtime,136,0.990105,STABLE,0.990105,0.990105,0.990105,1.0,0,
recoverable_runtime,137,0.969837,STABLE,0.969724,0.969724,0.969709,1.0,0,
recoverable_runtime,138,0.975723,STABLE,0.975278,0.975278,0.975219,1.0,0,
recoverable_runtime,139,0.970167,STABLE,0.969497,0.969497,0.969414,1.0,0,
recoverable_runtime,140,0.969174,STABLE,0.968241,0.968241,0.968131,1.0,0,
recoverable_runtime,141,0.966314,STABLE,0.965137,0.965137,0.965005,1.0,0,
recoverable_runtime,142,0.968466,STABLE,0.967041,0.967041,0.966888,1.0,0,
recoverable_runtime,143,0.982451,STABLE,0.980832,0.980832,0.980666,1.0,0,
recoverable_runtime,144,0.985855,STABLE,0.984224,0.984224,0.984071,1.0,0,
recoverable_runtime,145,0.985739,STABLE,0.984136,0.984136,0.984,1.0,0,
recoverable_runtime,146,0.976866,STABLE,0.975286,0.975286,0.975165,1.0,0,
recoverable_runtime,147,0.962548,STABLE,0.960887,0.960887,0.960765,1.0,0,
recoverable_runtime,148,0.961636,STABLE,0.95974,0.95974,0.959596,1.0,0,
recoverable_runtime,149,0.965141,STABLE,0.963027,0.963027,0.962865,1.0,0,
recoverable_runtime,150,0.885745,STABLE,0.954845,0.954845,0.834339,1.0,0,
recoverable_runtime,151,0.908583,STABLE,0.968962,0.968962,0.863095,1.0,0,
recoverable_runtime,152,0.914007,STABLE,0.966918,0.966918,0.873642,1.0,0,
recoverable_runtime,153,0.911902,STABLE,0.958211,0.958211,0.876067,1.0,0,
recoverable_runtime,154,0.912152,STABLE,0.95253,0.95253,0.880361,1.0,0,
recoverable_runtime,155,0.91471,STABLE,0.949787,0.949787,0.886509,1.0,0,
recoverable_runtime,156,0.945467,STABLE,0.975842,0.975842,0.920437,1.0,0,
recoverable_runtime,157,0.943332,STABLE,0.969923,0.969923,0.920998,1.0,0,
recoverable_runtime,158,0.957994,STABLE,0.981166,0.981166,0.938072,1.0,0,
recoverable_runtime,159,0.953618,STABLE,0.973926,0.973926,0.935804,1.0,0,
recoverable_runtime,160,0.968039,STABLE,0.985718,0.985718,0.952118,1.0,0,
recoverable_runtime,161,0.975408,STABLE,0.990925,0.990925,0.961146,1.0,0,
recoverable_runtime,162,0.976548,STABLE,0.99022,0.99022,0.963759,1.0,0,
recoverable_runtime,163,0.978712,STABLE,0.990742,0.990742,0.967242,1.0,0,
recoverable_runtime,164,0.974492,STABLE,0.985074,0.985074,0.964201,1.0,0,
recoverable_runtime,165,0.98173,STABLE,0.990952,0.990952,0.972498,1.0,0,
recoverable_runtime,166,0.979166,STABLE,0.987262,0.987262,0.970876,1.0,0,
recoverable_runtime,167,0.969167,STABLE,0.976216,0.976216,0.961721,1.0,0,
recoverable_runtime,168,0.95972,STABLE,0.965696,0.965696,0.953016,1.0,0,
recoverable_runtime,169,0.965788,STABLE,0.970681,0.970681,0.959713,1.0,0,
recoverable_runtime,170,0.985252,STABLE,0.989257,0.989257,0.979725,1.0,0,
recoverable_runtime,171,0.988419,STABLE,0.991878,0.991878,0.983433,1.0,0,
recoverable_runtime,172,0.988458,STABLE,0.991463,0.991463,0.983966,1.0,0,
recoverable_runtime,173,0.992537,STABLE,0.995132,0.995132,0.988484,1.0,0,
recoverable_runtime,174,0.999934,STABLE,1.0,1.0,0.999821,1.0,0,
recoverable_runtime,175,0.907711,STABLE,0.982399,0.982399,0.852805,1.0,0,
recoverable_runtime,176,0.929472,STABLE,0.995134,0.995134,0.88076,1.0,0,
recoverable_runtime,177,0.941981,STABLE,0.999883,0.999883,0.898646,1.0,0,
recoverable_runtime,178,0.958068,STABLE,1.0,1.0,0.925989,1.0,0,
recoverable_runtime,179,0.964035,STABLE,1.0,1.0,0.936177,1.0,0,
recoverable_runtime,180,0.955944,STABLE,0.987755,0.987755,0.931058,1.0,0,
recoverable_runtime,181,0.94726,STABLE,0.975237,0.975237,0.925076,1.0,0,
recoverable_runtime,182,0.969675,STABLE,0.994099,0.994099,0.949945,1.0,0,
recoverable_runtime,183,0.985583,STABLE,1.0,1.0,0.972691,1.0,0,
recoverable_runtime,184,0.985397,STABLE,0.998205,0.998205,0.973825,1.0,0,
recoverable_runtime,185,0.983186,STABLE,0.994543,0.994543,0.972801,1.0,0,
recoverable_runtime,186,0.995388,STABLE,1.0,1.0,0.989489,1.0,0,
recoverable_runtime,187,0.984797,STABLE,0.98893,0.98893,0.979504,1.0,0,
recoverable_runtime,188,0.977474,STABLE,0.981034,0.981034,0.972694,1.0,0,
recoverable_runtime,189,0.986318,STABLE,0.989269,0.989269,0.981969,1.0,0,
recoverable_runtime,190,0.983825,STABLE,0.986342,0.986342,0.979888,1.0,0,
recoverable_runtime,191,0.985494,STABLE,0.987589,0.987589,0.981911,1.0,0,
recoverable_runtime,192,0.985398,STABLE,0.987133,0.987133,0.982133,1.0,0,
recoverable_runtime,193,0.990321,STABLE,0.991731,0.991731,0.987335,1.0,0,
recoverable_runtime,194,1.0,STABLE,1.0,1.0,1.0,1.0,0,
recoverable_runtime,195,1.0,STABLE,1.0,1.0,1.0,1.0,0,
recoverable_runtime,196,1.0,STABLE,1.0,1.0,1.0,1.0,0,
recoverable_runtime,197,0.979498,STABLE,0.979498,0.979498,0.979498,1.0,0,
recoverable_runtime,198,0.981193,STABLE,0.980959,0.980959,0.980927,1.0,0,
recoverable_runtime,199,0.974758,STABLE,0.974335,0.974335,0.974282,1.0,0,
truth_drift_runtime,0,0.987812,STABLE,0.987812,0.987812,0.987812,1.0,0,
truth_drift_runtime,1,0.979922,STABLE,0.979372,0.98003,0.979676,1.0,0,
truth_drift_runtime,2,0.978039,STABLE,0.976608,0.978326,0.977403,1.0,0,
truth_drift_runtime,3,0.988778,STABLE,0.986422,0.989262,0.987736,1.0,0,
truth_drift_runtime,4,0.976292,STABLE,0.973538,0.976879,0.975084,1.0,0,
truth_drift_runtime,5,0.978282,STABLE,0.974585,0.979081,0.976666,1.0,0,
truth_drift_runtime,6,0.974962,STABLE,0.970455,0.975955,0.973,1.0,0,
truth_drift_runtime,7,0.973435,STABLE,0.968006,0.97465,0.971079,1.0,0,
truth_drift_runtime,8,0.985307,STABLE,0.978929,0.986756,0.982549,1.0,0,
truth_drift_runtime,9,0.991648,STABLE,0.9849,0.993223,0.988748,1.0,0,
truth_drift_runtime,10,0.999652,STABLE,0.998697,1.0,0.99927,1.0,0,
truth_drift_runtime,11,0.998117,STABLE,0.997189,0.998455,0.997746,1.0,0,
truth_drift_runtime,12,0.99128,STABLE,0.990308,0.991622,0.990891,1.0,0,
truth_drift_runtime,13,0.989664,STABLE,0.988341,0.990071,0.989125,1.0,0,
truth_drift_runtime,14,0.992823,STABLE,0.991092,0.99331,0.992108,1.0,0,
truth_drift_runtime,15,0.995084,STABLE,0.993107,0.995624,0.994262,1.0,0,
truth_drift_runtime,16,0.984565,STABLE,0.982456,0.985139,0.983688,1.0,0,
truth_drift_runtime,17,0.986562,STABLE,0.983853,0.987263,0.985423,1.0,0,
truth_drift_runtime,18,0.98978,STABLE,0.986587,0.990589,0.988432,1.0,0,
truth_drift_runtime,19,1.0,STABLE,1.0,1.0,1.0,1.0,0,
truth_drift_runtime,20,0.875858,STABLE,0.825054,0.949864,0.842784,1.0,0,
truth_drift_runtime,21,0.881477,STABLE,0.827079,0.951102,0.849121,1.0,0,
truth_drift_runtime,22,0.874815,STABLE,0.817286,0.940477,0.842948,1.0,0,
truth_drift_runtime,23,0.877284,STABLE,0.816495,0.939451,0.845562,1.0,0,
truth_drift_runtime,24,0.888544,STABLE,0.82479,0.947572,0.856802,1.0,0,
truth_drift_runtime,25,0.907799,STABLE,0.841754,0.963929,0.876062,1.0,0,
truth_drift_runtime,26,0.906227,STABLE,0.838894,0.959596,0.874703,1.0,0,
truth_drift_runtime,27,0.905484,STABLE,0.836864,0.956368,0.874055,1.0,0,
truth_drift_runtime,28,0.889829,STABLE,0.819958,0.938473,0.85841,1.0,0,
truth_drift_runtime,29,0.895137,STABLE,0.823373,0.941891,0.86339,1.0,0,
truth_drift_runtime,30,0.891015,STABLE,0.817694,0.936032,0.858996,1.0,0,
truth_drift_runtime,31,0.892488,STABLE,0.817505,0.935983,0.860093,1.0,0,
truth_drift_runtime,32,0.890343,STABLE,0.813846,0.932464,0.857581,1.0,0,
truth_drift_runtime,33,0.896148,STABLE,0.818115,0.937059,0.862969,1.0,0,
truth_drift_runtime,34,0.88486,STABLE,0.805631,0.924643,0.851371,1.0,0,
truth_drift_runtime,35,0.877282,STABLE,0.796403,0.916152,0.843263,1.0,0,
truth_drift_runtime,36,0.906188,STABLE,0.823396,0.94432,0.871505,1.0,0,
truth_drift_runtime,37,0.898773,STABLE,0.815467,0.936012,0.864,1.0,0,
truth_drift_runtime,38,0.893797,STABLE,0.809666,0.930291,0.858786,1.0,0,
truth_drift_runtime,39,0.918506,STABLE,0.833364,0.954376,0.883164,1.0,0,
truth_drift_runtime,40,0.952067,STABLE,0.867081,0.987168,0.916882,1.0,0,
truth_drift_runtime,41,0.942406,STABLE,0.859087,0.976504,0.908012,1.0,0,
truth_drift_runtime,42,0.941518,STABLE,0.85935,0.974749,0.90768,1.0,0,
truth_drift_runtime,43,0.947813,STABLE,0.866704,0.980235,0.914482,1.0,0,
truth_drift_runtime,44,0.96652,STABLE,0.887723,0.999142,0.934416,1.0,0,
truth_drift_runtime,45,0.881572,STABLE,0.767257,0.966471,0.830281,1.0,0,
truth_drift_runtime,46,0.896216,STABLE,0.781547,0.976994,0.845514,1.0,0,
truth_drift_runtime,47,0.906334,STABLE,0.792011,0.983228,0.856378,1.0,0,
truth_drift_runtime,48,0.907591,STABLE,0.794074,0.980841,0.858472,1.0,0,
truth_drift_runtime,49,0.911182,STABLE,0.798501,0.981074,0.86284,1.0,0,
truth_drift_runtime,50,0.902103,STABLE,0.790394,0.968877,0.85453,1.0,0,
truth_drift_runtime,51,0.905066,STABLE,0.793881,0.969048,0.858029,1.0,0,
truth_drift_runtime,52,0.90753,STABLE,0.796989,0.968922,0.861031,1.0,0,
truth_drift_runtime,53,0.914803,STABLE,0.804995,0.973792,0.868839,1.0,0,
truth_drift_runtime,54,0.913673,STABLE,0.804902,0.970388,0.868335,1.0,0,
truth_drift_runtime,55,0.922908,STABLE,0.81508,0.977531,0.878129,1.0,0,
truth_drift_runtime,56,0.936889,STABLE,0.830385,0.989501,0.892803,1.0,0,
truth_drift_runtime,57,0.941291,STABLE,0.836688,0.991916,0.898116,1.0,0,
truth_drift_runtime,58,0.947364,STABLE,0.844779,0.996097,0.905131,1.0,0,
truth_drift_runtime,59,0.950039,STABLE,0.849656,0.996948,0.90881,1.0,0,
truth_drift_runtime,60,0.952024,STABLE,0.853867,0.997199,0.911795,1.0,0,
truth_drift_runtime,61,0.946684,STABLE,0.850743,0.990213,0.90744,1.0,0,
truth_drift_runtime,62,0.952153,STABLE,0.858087,0.994181,0.913742,1.0,0,
truth_drift_runtime,63,0.953115,STABLE,0.861088,0.993685,0.915596,1.0,0,
truth_drift_runtime,64,0.969395,STABLE,0.885909,1.0,0.936022,1.0,0,
truth_drift_runtime,65,0.974572,STABLE,0.904837,1.0,0.946709,1.0,0,
truth_drift_runtime,66,0.976315,STABLE,0.91136,1.0,0.950362,1.0,0,
truth_drift_runtime,67,0.969348,STABLE,0.906212,0.992369,0.944121,1.0,0,
truth_drift_runtime,68,0.959428,STABLE,0.897714,0.981871,0.934766,1.0,0,
truth_drift_runtime,69,0.973294,STABLE,0.912489,0.995269,0.948987,1.0,0,
truth_drift_runtime,70,0.923763,STABLE,0.83951,0.980401,0.887439,1.0,0,
truth_drift_runtime,71,0.910574,STABLE,0.826558,0.964562,0.87469,1.0,0,
truth_drift_runtime,72,0.925066,STABLE,0.840689,0.976742,0.889334,1.0,0,
truth_drift_runtime,73,0.933744,STABLE,0.849693,0.983194,0.898384,1.0,0,
truth_drift_runtime,74,0.926134,STABLE,0.842798,0.973467,0.891263,1.0,0,
truth_drift_runtime,75,0.925476,STABLE,0.842484,0.970928,0.890915,1.0,0,
truth_drift_runtime,76,0.932218,STABLE,0.849532,0.975949,0.897925,1.0,0,
truth_drift_runtime,77,0.936351,STABLE,0.85427,0.978446,0.902425,1.0,0,
truth_drift_runtime,78,0.93674,STABLE,0.855428,0.977292,0.90323,1.0,0,
truth_drift_runtime,79,0.938996,STABLE,0.858441,0.978119,0.905882,1.0,0,
truth_drift_runtime,80,0.939611,STABLE,0.859885,0.977393,0.90691,1.0,0,
truth_drift_runtime,81,0.944237,STABLE,0.865334,0.980773,0.911936,1.0,0,
truth_drift_runtime,82,0.961724,STABLE,0.88382,0.997064,0.929886,1.0,0,
truth_drift_runtime,83,0.937563,STABLE,0.861406,0.971638,0.906492,1.0,0,
truth_drift_runtime,84,0.9385,STABLE,0.862918,0.971595,0.907702,1.0,0,
truth_drift_runtime,85,0.943509,STABLE,0.868522,0.97569,0.912986,1.0,0,
truth_drift_runtime,86,0.949354,STABLE,0.875163,0.980643,0.919185,1.0,0,
truth_drift_runtime,87,0.948103,STABLE,0.874939,0.978511,0.918381,1.0,0,
truth_drift_runtime,88,0.933112,STABLE,0.860874,0.962706,0.903791,1.0,0,
truth_drift_runtime,89,0.940081,STABLE,0.868049,0.969044,0.910856,1.0,0,
truth_drift_runtime,90,0.960535,STABLE,0.889017,0.988856,0.931533,1.0,0,
truth_drift_runtime,91,0.946884,STABLE,0.876786,0.974431,0.918484,1.0,0,
truth_drift_runtime,92,0.958236,STABLE,0.888875,0.985166,0.930147,1.0,0,
truth_drift_runtime,93,0.956843,STABLE,0.888701,0.983097,0.929267,1.0,0,
truth_drift_runtime,94,0.958245,STABLE,0.891204,0.98387,0.93113,1.0,0,
truth_drift_runtime,95,0.832035,WATCH,0.710284,0.936693,0.774508,1.0,0,truth drift
truth_drift_runtime,96,0.857406,STABLE,0.731396,0.954884,0.799414,1.0,0,
truth_drift_runtime,97,0.871674,STABLE,0.744744,0.96441,0.814304,1.0,0,
truth_drift_runtime,98,0.896355,STABLE,0.769214,0.984652,0.839728,1.0,0,
truth_drift_runtime,99,0.913655,STABLE,0.78745,0.997685,0.858099,1.0,0,
truth_drift_runtime,100,0.921847,STABLE,0.797793,1.0,0.86798,1.0,0,
truth_drift_runtime,101,0.939393,STABLE,0.820894,1.0,0.88964,1.0,0,
truth_drift_runtime,102,0.945317,STABLE,0.830299,1.0,0.897473,1.0,0,
truth_drift_runtime,103,0.952909,STABLE,0.84333,1.0,0.908032,1.0,0,
truth_drift_runtime,104,0.951545,STABLE,0.844751,0.997034,0.907895,1.0,0,
truth_drift_runtime,105,0.953961,STABLE,0.849764,0.997943,0.911446,1.0,0,
truth_drift_runtime,106,0.948606,STABLE,0.846996,0.991137,0.907214,1.0,0,
truth_drift_runtime,107,0.959745,STABLE,0.861176,1.0,0.919775,1.0,0,
truth_drift_runtime,108,0.949259,STABLE,0.85328,0.988217,0.910382,1.0,0,
truth_drift_runtime,109,0.959193,STABLE,0.865212,0.997007,0.921157,1.0,0,
truth_drift_runtime,110,0.958703,STABLE,0.867079,0.995346,0.921654,1.0,0,
truth_drift_runtime,111,0.968153,STABLE,0.882513,1.0,0.933869,1.0,0,
truth_drift_runtime,112,0.971493,STABLE,0.893312,1.0,0.940255,1.0,0,
truth_drift_runtime,113,0.977156,STABLE,0.914506,1.0,0.952123,1.0,0,
truth_drift_runtime,114,0.979748,STABLE,0.924207,1.0,0.957556,1.0,0,
truth_drift_runtime,115,0.964595,STABLE,0.910609,0.98428,0.943024,1.0,0,
truth_drift_runtime,116,0.96563,STABLE,0.912442,0.984899,0.944371,1.0,0,
truth_drift_runtime,117,0.95555,STABLE,0.903174,0.974417,0.934608,1.0,0,
truth_drift_runtime,118,0.952758,STABLE,0.900702,0.971332,0.931932,1.0,0,
truth_drift_runtime,119,0.970469,STABLE,0.918595,0.988795,0.949701,1.0,0,
truth_drift_runtime,120,0.8293,WATCH,0.717917,0.933733,0.774822,1.0,0,truth drift
truth_drift_runtime,121,0.831959,WATCH,0.715678,0.92903,0.777097,1.0,0,truth drift
truth_drift_runtime,122,0.844693,STABLE,0.723967,0.935177,0.789057,1.0,0,
truth_drift_runtime,123,0.841954,WATCH,0.71953,0.928327,0.786576,1.0,0,truth drift
truth_drift_runtime,124,0.846696,STABLE,0.720672,0.927493,0.790279,1.0,0,
truth_drift_runtime,125,0.858936,STABLE,0.731614,0.936558,0.802685,1.0,0,
truth_drift_runtime,126,0.878681,STABLE,0.750681,0.953314,0.822748,1.0,0,
truth_drift_runtime,127,0.891494,STABLE,0.76375,0.96323,0.83618,1.0,0,
truth_drift_runtime,128,0.874368,STABLE,0.747452,0.943332,0.819841,1.0,0,
truth_drift_runtime,129,0.884466,STABLE,0.757567,0.951022,0.83033,1.0,0,
truth_drift_runtime,130,0.891497,STABLE,0.765076,0.955759,0.837892,1.0,0,
truth_drift_runtime,131,0.901438,STABLE,0.775792,0.963526,0.848446,1.0,0,
truth_drift_runtime,132,0.922686,STABLE,0.798232,0.982679,0.870443,1.0,0,
truth_drift_runtime,133,0.905603,STABLE,0.783249,0.963467,0.854457,1.0,0,
truth_drift_runtime,134,0.90453,STABLE,0.783407,0.960551,0.854086,1.0,0,
truth_drift_runtime,135,0.915376,STABLE,0.795381,0.969695,0.865566,1.0,0,
truth_drift_runtime,136,0.903722,STABLE,0.785294,0.956364,0.85471,1.0,0,
truth_drift_runtime,137,0.923525,STABLE,0.806066,0.974702,0.875037,1.0,0,
truth_drift_runtime,138,0.930817,STABLE,0.815179,0.98046,0.883199,1.0,0,
truth_drift_runtime,139,0.942388,STABLE,0.82882,0.990528,0.89573,1.0,0,
truth_drift_runtime,140,0.938974,STABLE,0.827904,0.985595,0.893442,1.0,0,
truth_drift_runtime,141,0.949701,STABLE,0.84086,0.994914,0.905168,1.0,0,
truth_drift_runtime,142,0.959078,STABLE,0.856001,1.0,0.917478,1.0,0,
truth_drift_runtime,143,0.961696,STABLE,0.862362,1.0,0.921758,1.0,0,
truth_drift_runtime,144,0.964085,STABLE,0.868559,1.0,0.925792,1.0,0,
truth_drift_runtime,145,0.966271,STABLE,0.874943,1.0,0.929738,1.0,0,
truth_drift_runtime,146,0.958598,STABLE,0.869811,0.991367,0.923084,1.0,0,
truth_drift_runtime,147,0.958688,STABLE,0.871981,0.990599,0.924004,1.0,0,
truth_drift_runtime,148,0.958756,STABLE,0.874041,0.989845,0.924866,1.0,0,
truth_drift_runtime,149,0.96421,STABLE,0.881401,0.994512,0.93108,1.0,0,
truth_drift_runtime,150,0.802733,CONSTRAIN,0.693854,0.979306,0.733188,0.82,2,truth drift
truth_drift_runtime,151,0.838574,WATCH,0.701176,0.979752,0.766097,0.82,2,truth drift
truth_drift_runtime,152,0.865042,STABLE,0.724358,0.996227,0.793542,0.82,2,
truth_drift_runtime,153,0.865272,STABLE,0.72464,0.989101,0.795757,0.82,2,
truth_drift_runtime,154,0.864678,STABLE,0.724128,0.981772,0.796896,0.82,2,
truth_drift_runtime,155,0.874356,STABLE,0.733875,0.98529,0.808072,0.82,2,
truth_drift_runtime,156,0.889728,STABLE,0.74977,0.99494,0.824912,0.82,2,
truth_drift_runtime,157,0.895635,STABLE,0.756891,0.995469,0.832383,0.82,2,
truth_drift_runtime,158,0.912456,STABLE,0.776988,1.0,0.852447,0.82,2,
truth_drift_runtime,159,0.923439,STABLE,0.7918,1.0,0.866431,0.82,2,
truth_drift_runtime,160,0.933521,STABLE,0.806048,1.0,0.87931,0.82,2,
truth_drift_runtime,161,0.94062,STABLE,0.81702,1.0,0.88866,0.82,2,
truth_drift_runtime,162,0.956526,STABLE,0.84542,1.0,0.911727,0.82,2,
truth_drift_runtime,163,0.955805,STABLE,0.847696,0.997948,0.912244,0.82,2,
truth_drift_runtime,164,0.937205,STABLE,0.831926,0.978081,0.894808,0.82,2,
truth_drift_runtime,165,0.956095,STABLE,0.852674,0.995921,0.914457,0.82,2,
truth_drift_runtime,166,0.953009,STABLE,0.852222,0.991679,0.912452,0.82,2,
truth_drift_runtime,167,0.955851,STABLE,0.857439,0.99344,0.916264,0.82,2,
truth_drift_runtime,168,0.966371,STABLE,0.874526,1.0,0.92966,0.82,2,
truth_drift_runtime,169,0.951295,STABLE,0.862017,0.983977,0.915611,0.82,2,
truth_drift_runtime,170,0.940874,STABLE,0.853364,0.972775,0.90589,0.82,2,
truth_drift_runtime,171,0.927748,STABLE,0.841457,0.958994,0.893239,0.82,2,
truth_drift_runtime,172,0.923674,STABLE,0.837955,0.954416,0.889374,0.82,2,
truth_drift_runtime,173,0.932242,STABLE,0.846888,0.96255,0.898065,0.82,2,
truth_drift_runtime,174,0.94103,STABLE,0.856417,0.970863,0.907132,0.82,2,
truth_drift_runtime,175,0.794697,CONSTRAIN,0.690553,0.960185,0.72878,0.6724,4,truth drift
truth_drift_runtime,176,0.809366,CONSTRAIN,0.716116,0.990349,0.740398,0.551368,6,truth drift
truth_drift_runtime,177,0.846408,STABLE,0.724609,0.991684,0.772761,0.551368,6,
truth_drift_runtime,178,0.851083,STABLE,0.727602,0.987648,0.780071,0.551368,6,
truth_drift_runtime,179,0.864668,STABLE,0.739823,0.993255,0.795965,0.551368,6,
truth_drift_runtime,180,0.879468,STABLE,0.754127,1.0,0.813141,0.551368,6,
truth_drift_runtime,181,0.887401,STABLE,0.762394,1.0,0.823488,0.551368,6,
truth_drift_runtime,182,0.899729,STABLE,0.776649,1.0,0.839437,0.551368,6,
truth_drift_runtime,183,0.906882,STABLE,0.785195,1.0,0.848813,0.551368,6,
truth_drift_runtime,184,0.915924,STABLE,0.79651,1.0,0.860544,0.551368,6,
truth_drift_runtime,185,0.913035,STABLE,0.795161,0.992953,0.859181,0.551368,6,
truth_drift_runtime,186,0.915632,STABLE,0.7991,0.991735,0.86311,0.551368,6,
truth_drift_runtime,187,0.921822,STABLE,0.806693,0.99438,0.870554,0.551368,6,
truth_drift_runtime,188,0.933197,STABLE,0.820311,1.0,0.883711,0.551368,6,
truth_drift_runtime,189,0.932245,STABLE,0.821405,0.996063,0.884075,0.551368,6,
truth_drift_runtime,190,0.94022,STABLE,0.831617,1.0,0.893506,0.551368,6,
truth_drift_runtime,191,0.940102,STABLE,0.833674,0.997342,0.894629,0.551368,6,
truth_drift_runtime,192,0.941514,STABLE,0.837155,0.996384,0.897193,0.551368,6,
truth_drift_runtime,193,0.951297,STABLE,0.85001,1.0,0.908799,0.551368,6,
truth_drift_runtime,194,0.933212,STABLE,0.834279,0.980069,0.891877,0.551368,6,
truth_drift_runtime,195,0.923462,STABLE,0.825955,0.968739,0.882873,0.551368,6,
truth_drift_runtime,196,0.912593,STABLE,0.816006,0.956481,0.872518,0.551368,6,
truth_drift_runtime,197,0.894022,STABLE,0.797822,0.936713,0.854218,0.551368,6,
truth_drift_runtime,198,0.893371,STABLE,0.7967,0.93512,0.85346,0.551368,6,
truth_drift_runtime,199,0.907034,STABLE,0.809887,0.947934,0.867002,0.551368,6,
constraint_drift_runtime,0,0.997151,STABLE,0.997151,0.997151,0.997151,1.0,0,
constraint_drift_runtime,1,0.999337,STABLE,0.999363,0.999209,0.99928,1.0,0,
constraint_drift_runtime,2,1.0,STABLE,1.0,1.0,1.0,1.0,0,
constraint_drift_runtime,3,1.0,STABLE,1.0,1.0,1.0,1.0,0,
constraint_drift_runtime,4,0.999309,STABLE,0.999309,0.999309,0.999309,1.0,0,
constraint_drift_runtime,5,1.0,STABLE,1.0,1.0,1.0,1.0,0,
constraint_drift_runtime,6,1.0,STABLE,1.0,1.0,1.0,1.0,0,
constraint_drift_runtime,7,0.991626,STABLE,0.991626,0.991626,0.991626,1.0,0,
constraint_drift_runtime,8,0.986294,STABLE,0.986369,0.985916,0.986126,1.0,0,
constraint_drift_runtime,9,0.972485,STABLE,0.972681,0.971505,0.972049,1.0,0,
constraint_drift_runtime,10,0.965598,STABLE,0.96604,0.963422,0.964633,1.0,0,
constraint_drift_runtime,11,0.964494,STABLE,0.965244,0.960866,0.962892,1.0,0,
constraint_drift_runtime,12,0.975061,STABLE,0.97613,0.969998,0.972836,1.0,0,
constraint_drift_runtime,13,0.994,STABLE,0.995295,0.988045,0.9914,1.0,0,
constraint_drift_runtime,14,0.980509,STABLE,0.981859,0.974558,0.977935,1.0,0,
constraint_drift_runtime,15,0.985755,STABLE,0.987275,0.979199,0.982933,1.0,0,
constraint_drift_runtime,16,0.976274,STABLE,0.977913,0.969376,0.97332,1.0,0,
constraint_drift_runtime,17,0.982633,STABLE,0.984471,0.97498,0.979364,1.0,0,
constraint_drift_runtime,18,0.982455,STABLE,0.984434,0.97437,0.979015,1.0,0,
constraint_drift_runtime,19,0.965285,STABLE,0.967401,0.956779,0.961679,1.0,0,
constraint_drift_runtime,20,0.892749,STABLE,0.939168,0.852515,0.870322,1.0,0,
constraint_drift_runtime,21,0.894726,STABLE,0.938817,0.851306,0.872135,1.0,0,
constraint_drift_runtime,22,0.891114,STABLE,0.933137,0.844772,0.868219,1.0,0,
constraint_drift_runtime,23,0.891849,STABLE,0.932077,0.842575,0.868464,1.0,0,
constraint_drift_runtime,24,0.90328,STABLE,0.941925,0.851262,0.879329,1.0,0,
constraint_drift_runtime,25,0.907636,STABLE,0.944795,0.853534,0.883263,1.0,0,
constraint_drift_runtime,26,0.916804,STABLE,0.952609,0.860922,0.892049,1.0,0,
constraint_drift_runtime,27,0.925592,STABLE,0.960114,0.868435,0.900597,1.0,0,
constraint_drift_runtime,28,0.943295,STABLE,0.976591,0.885326,0.918203,1.0,0,
constraint_drift_runtime,29,0.943046,STABLE,0.975083,0.885109,0.918169,1.0,0,
constraint_drift_runtime,30,0.931473,STABLE,0.962357,0.873557,0.90678,1.0,0,
constraint_drift_runtime,31,0.946188,STABLE,0.976116,0.88777,0.921436,1.0,0,
constraint_drift_runtime,32,0.945826,STABLE,0.97476,0.887597,0.921284,1.0,0,
constraint_drift_runtime,33,0.959953,STABLE,0.987976,0.901891,0.935593,1.0,0,
constraint_drift_runtime,34,0.965735,STABLE,0.992795,0.908471,0.941809,1.0,0,
constraint_drift_runtime,35,0.965961,STABLE,0.992075,0.909723,0.942552,1.0,0,
constraint_drift_runtime,36,0.970989,STABLE,0.996212,0.915738,0.948067,1.0,0,
constraint_drift_runtime,37,0.983329,STABLE,1.0,0.937608,0.96506,1.0,0,
constraint_drift_runtime,38,0.989345,STABLE,1.0,0.960125,0.97767,1.0,0,
constraint_drift_runtime,39,0.989829,STABLE,1.0,0.961935,0.978684,1.0,0,
constraint_drift_runtime,40,0.990542,STABLE,1.0,0.964603,0.980178,1.0,0,
constraint_drift_runtime,41,0.993682,STABLE,1.0,0.976356,0.986759,1.0,0,
constraint_drift_runtime,42,0.985403,STABLE,0.991543,0.968562,0.978674,1.0,0,
constraint_drift_runtime,43,0.989526,STABLE,0.995568,0.972773,0.982828,1.0,0,
constraint_drift_runtime,44,0.989757,STABLE,0.995672,0.973276,0.983166,1.0,0,
constraint_drift_runtime,45,0.886824,STABLE,0.953386,0.82846,0.854963,1.0,0,
constraint_drift_runtime,46,0.878425,STABLE,0.941313,0.817368,0.846885,1.0,0,
constraint_drift_runtime,47,0.865733,STABLE,0.925395,0.801751,0.834187,1.0,0,
constraint_drift_runtime,48,0.863452,STABLE,0.920339,0.796129,0.83153,1.0,0,
constraint_drift_runtime,49,0.86784,STABLE,0.922284,0.79725,0.835372,1.0,0,
constraint_drift_runtime,50,0.87348,STABLE,0.925725,0.799995,0.840448,1.0,0,
constraint_drift_runtime,51,0.90094,STABLE,0.951188,0.824968,0.867382,1.0,0,
constraint_drift_runtime,52,0.918015,STABLE,0.96625,0.840929,0.884386,1.0,0,
constraint_drift_runtime,53,0.913127,STABLE,0.959397,0.835762,0.879704,1.0,0,
constraint_drift_runtime,54,0.921685,STABLE,0.966204,0.843837,0.888337,1.0,0,
constraint_drift_runtime,55,0.922053,STABLE,0.964904,0.844139,0.888911,1.0,0,
constraint_drift_runtime,56,0.923616,STABLE,0.964938,0.84566,0.890656,1.0,0,
constraint_drift_runtime,57,0.929757,STABLE,0.969667,0.851834,0.896983,1.0,0,
constraint_drift_runtime,58,0.939783,STABLE,0.978346,0.862175,0.907288,1.0,0,
constraint_drift_runtime,59,0.939494,STABLE,0.976729,0.862641,0.907442,1.0,0,
constraint_drift_runtime,60,0.953269,STABLE,0.989275,0.877126,0.921624,1.0,0,
constraint_drift_runtime,61,0.943987,STABLE,0.978736,0.869147,0.912983,1.0,0,
constraint_drift_runtime,62,0.946891,STABLE,0.980543,0.872874,0.916313,1.0,0,
constraint_drift_runtime,63,0.972181,STABLE,1.0,0.90241,0.943986,1.0,0,
constraint_drift_runtime,64,0.974338,STABLE,1.0,0.907374,0.947415,1.0,0,
constraint_drift_runtime,65,0.979773,STABLE,1.0,0.924299,0.957608,1.0,0,
constraint_drift_runtime,66,0.980584,STABLE,1.0,0.927334,0.959307,1.0,0,
constraint_drift_runtime,67,0.982679,STABLE,1.0,0.935177,0.963699,1.0,0,
constraint_drift_runtime,68,0.982596,STABLE,0.999432,0.936424,0.964148,1.0,0,
constraint_drift_runtime,69,0.981405,STABLE,0.997775,0.9365,0.963463,1.0,0,
constraint_drift_runtime,70,0.848883,STABLE,0.952585,0.743881,0.79626,1.0,0,
constraint_drift_runtime,71,0.849917,STABLE,0.947958,0.742537,0.797966,1.0,0,
constraint_drift_runtime,72,0.865967,STABLE,0.958881,0.756402,0.814484,1.0,0,
constraint_drift_runtime,73,0.884961,STABLE,0.973106,0.774076,0.834034,1.0,0,
constraint_drift_runtime,74,0.895322,STABLE,0.978976,0.784067,0.845128,1.0,0,
constraint_drift_runtime,75,0.898367,STABLE,0.977838,0.787251,0.848964,1.0,0,
constraint_drift_runtime,76,0.908577,STABLE,0.984195,0.797747,0.859915,1.0,0,
constraint_drift_runtime,77,0.910402,STABLE,0.982404,0.800324,0.862569,1.0,0,
constraint_drift_runtime,78,0.924537,STABLE,0.993202,0.81527,0.877483,1.0,0,
constraint_drift_runtime,79,0.909968,STABLE,0.975446,0.802128,0.863875,1.0,0,
constraint_drift_runtime,80,0.911445,STABLE,0.974103,0.804313,0.865973,1.0,0,
constraint_drift_runtime,81,0.896266,STABLE,0.956319,0.789884,0.851385,1.0,0,
constraint_drift_runtime,82,0.887163,STABLE,0.94495,0.780817,0.842543,1.0,0,
constraint_drift_runtime,83,0.907311,STABLE,0.963103,0.800592,0.862746,1.0,0,
constraint_drift_runtime,84,0.92128,STABLE,0.97508,0.815128,0.877125,1.0,0,
constraint_drift_runtime,85,0.918083,STABLE,0.969929,0.813109,0.874566,1.0,0,
constraint_drift_runtime,86,0.907307,STABLE,0.957369,0.803317,0.864326,1.0,0,
constraint_drift_runtime,87,0.882714,STABLE,0.93122,0.779179,0.840032,1.0,0,
constraint_drift_runtime,88,0.884139,STABLE,0.931425,0.779927,0.841266,1.0,0,
constraint_drift_runtime,89,0.915081,STABLE,0.961252,0.810293,0.872046,1.0,0,
constraint_drift_runtime,90,0.923885,STABLE,0.968778,0.819954,0.881278,1.0,0,
constraint_drift_runtime,91,0.922113,STABLE,0.965743,0.819399,0.880075,1.0,0,
constraint_drift_runtime,92,0.930737,STABLE,0.973203,0.829107,0.889204,1.0,0,
constraint_drift_runtime,93,0.918486,STABLE,0.959791,0.818282,0.877594,1.0,0,
constraint_drift_runtime,94,0.919793,STABLE,0.960114,0.820397,0.879274,1.0,0,
constraint_drift_runtime,95,0.803356,CONSTRAIN,0.959145,0.701048,0.73438,0.82,2,constraint erosion
constraint_drift_runtime,96,0.84898,WATCH,0.970403,0.717327,0.781884,0.82,2,constraint erosion
constraint_drift_runtime,97,0.863283,STABLE,0.976276,0.728688,0.796594,0.82,2,
constraint_drift_runtime,98,0.877782,STABLE,0.984905,0.742968,0.812625,0.82,2,
constraint_drift_runtime,99,0.87763,STABLE,0.979259,0.743282,0.814048,0.82,2,
constraint_drift_runtime,100,0.89335,STABLE,0.989938,0.759448,0.831151,0.82,2,
constraint_drift_runtime,101,0.913805,STABLE,1.0,0.782473,0.854449,0.82,2,
constraint_drift_runtime,102,0.908209,STABLE,0.990299,0.778862,0.850449,0.82,2,
constraint_drift_runtime,103,0.90388,STABLE,0.982217,0.776177,0.847477,0.82,2,
constraint_drift_runtime,104,0.92213,STABLE,0.997033,0.795802,0.866885,0.82,2,
constraint_drift_runtime,105,0.923791,STABLE,0.995363,0.799606,0.869942,0.82,2,
constraint_drift_runtime,106,0.939301,STABLE,1.0,0.819255,0.88829,0.82,2,
constraint_drift_runtime,107,0.937277,STABLE,0.995575,0.819891,0.887667,0.82,2,
constraint_drift_runtime,108,0.950545,STABLE,1.0,0.839484,0.90471,0.82,2,
constraint_drift_runtime,109,0.953051,STABLE,1.0,0.845293,0.908805,0.82,2,
constraint_drift_runtime,110,0.956167,STABLE,1.0,0.852207,0.913768,0.82,2,
constraint_drift_runtime,111,0.965554,STABLE,1.0,0.871993,0.928139,0.82,2,
constraint_drift_runtime,112,0.962913,STABLE,0.996382,0.871959,0.926543,0.82,2,
constraint_drift_runtime,113,0.954716,STABLE,0.987268,0.866133,0.919293,0.82,2,
constraint_drift_runtime,114,0.952085,STABLE,0.983826,0.865396,0.917415,0.82,2,
constraint_drift_runtime,115,0.958686,STABLE,0.989676,0.873688,0.924686,0.82,2,
constraint_drift_runtime,116,0.944648,STABLE,0.974865,0.861567,0.911412,0.82,2,
constraint_drift_runtime,117,0.953703,STABLE,0.983301,0.871818,0.920935,0.82,2,
constraint_drift_runtime,118,0.95035,STABLE,0.979282,0.870019,0.918198,0.82,2,
constraint_drift_runtime,119,0.964133,STABLE,0.992459,0.885137,0.932508,0.82,2,
constraint_drift_runtime,120,0.854009,STABLE,0.947678,0.73035,0.798658,0.82,2,
constraint_drift_runtime,121,0.845925,STABLE,0.935103,0.721036,0.790912,0.82,2,
constraint_drift_runtime,122,0.84699,STABLE,0.932163,0.720585,0.792065,0.82,2,
constraint_drift_runtime,123,0.858667,STABLE,0.940202,0.730885,0.80376,0.82,2,
constraint_drift_runtime,124,0.865173,STABLE,0.943313,0.736628,0.810426,0.82,2,
constraint_drift_runtime,125,0.87043,STABLE,0.945428,0.741469,0.815904,0.82,2,
constraint_drift_runtime,126,0.876223,STABLE,0.948311,0.747116,0.821963,0.82,2,
constraint_drift_runtime,127,0.885203,STABLE,0.954583,0.75623,0.831271,0.82,2,
constraint_drift_runtime,128,0.881397,STABLE,0.948222,0.75297,0.827921,0.82,2,
constraint_drift_runtime,129,0.895026,STABLE,0.959536,0.766956,0.841894,0.82,2,
constraint_drift_runtime,130,0.907213,STABLE,0.969481,0.780108,0.854646,0.82,2,
constraint_drift_runtime,131,0.915742,STABLE,0.975834,0.790115,0.863929,0.82,2,
constraint_drift_runtime,132,0.925381,STABLE,0.983381,0.801557,0.874438,0.82,2,
constraint_drift_runtime,133,0.931742,STABLE,0.987708,0.810078,0.881799,0.82,2,
constraint_drift_runtime,134,0.952289,STABLE,1.0,0.835746,0.905031,0.82,2,
constraint_drift_runtime,135,0.952961,STABLE,0.999129,0.839474,0.906992,0.82,2,
constraint_drift_runtime,136,0.951436,STABLE,0.99613,0.840898,0.906706,0.82,2,
constraint_drift_runtime,137,0.945609,STABLE,0.988912,0.837818,0.902029,0.82,2,
constraint_drift_runtime,138,0.937469,STABLE,0.979498,0.832036,0.894872,0.82,2,
constraint_drift_runtime,139,0.927844,STABLE,0.968735,0.824295,0.886029,0.82,2,
constraint_drift_runtime,140,0.922512,STABLE,0.962411,0.820326,0.88126,0.82,2,
constraint_drift_runtime,141,0.925773,STABLE,0.964786,0.82465,0.884958,0.82,2,
constraint_drift_runtime,142,0.93286,STABLE,0.971017,0.832903,0.892523,0.82,2,
constraint_drift_runtime,143,0.936615,STABLE,0.973905,0.838093,0.896867,0.82,2,
constraint_drift_runtime,144,0.931951,STABLE,0.968389,0.834971,0.892837,0.82,2,
constraint_drift_runtime,145,0.944311,STABLE,0.979983,0.848594,0.905713,0.82,2,
constraint_drift_runtime,146,0.954178,STABLE,0.989019,0.860227,0.916306,0.82,2,
constraint_drift_runtime,147,0.954361,STABLE,0.988323,0.862545,0.917368,0.82,2,
constraint_drift_runtime,148,0.949634,STABLE,0.982751,0.859864,0.913482,0.82,2,
constraint_drift_runtime,149,0.957303,STABLE,0.98965,0.869272,0.921861,0.82,2,
constraint_drift_runtime,150,0.86126,STABLE,0.945839,0.737738,0.807405,0.82,2,
constraint_drift_runtime,151,0.868786,STABLE,0.9496,0.744401,0.815168,0.82,2,
constraint_drift_runtime,152,0.879024,STABLE,0.956353,0.754179,0.825704,0.82,2,
constraint_drift_runtime,153,0.87687,STABLE,0.950935,0.752065,0.823967,0.82,2,
constraint_drift_runtime,154,0.885757,STABLE,0.956857,0.760905,0.833173,0.82,2,
constraint_drift_runtime,155,0.877532,STABLE,0.945847,0.753052,0.825384,0.82,2,
constraint_drift_runtime,156,0.897818,STABLE,0.963649,0.773328,0.845908,0.82,2,
constraint_drift_runtime,157,0.915725,STABLE,0.979109,0.792154,0.864395,0.82,2,
constraint_drift_runtime,158,0.917322,STABLE,0.978297,0.795449,0.866864,0.82,2,
constraint_drift_runtime,159,0.924988,STABLE,0.983711,0.804811,0.875377,0.82,2,
constraint_drift_runtime,160,0.904383,STABLE,0.960948,0.786177,0.855713,0.82,2,
constraint_drift_runtime,161,0.897855,STABLE,0.952587,0.7806,0.849686,0.82,2,
constraint_drift_runtime,162,0.900445,STABLE,0.953537,0.783806,0.852621,0.82,2,
constraint_drift_runtime,163,0.895066,STABLE,0.946625,0.779138,0.847614,0.82,2,
constraint_drift_runtime,164,0.907956,STABLE,0.958146,0.792466,0.860749,0.82,2,
constraint_drift_runtime,165,0.932734,STABLE,0.981551,0.81825,0.886001,0.82,2,
constraint_drift_runtime,166,0.923971,STABLE,0.971298,0.811573,0.878156,0.82,2,
constraint_drift_runtime,167,0.919277,STABLE,0.965277,0.808474,0.874166,0.82,2,
constraint_drift_runtime,168,0.925683,STABLE,0.970478,0.816191,0.881151,0.82,2,
constraint_drift_runtime,169,0.945397,STABLE,0.98901,0.837449,0.901535,0.82,2,
constraint_drift_runtime,170,0.935356,STABLE,0.977688,0.829777,0.892506,0.82,2,
constraint_drift_runtime,171,0.940807,STABLE,0.982008,0.837033,0.898727,0.82,2,
constraint_drift_runtime,172,0.960293,STABLE,1.0,0.85981,0.919775,0.82,2,
constraint_drift_runtime,173,0.945008,STABLE,0.983482,0.847217,0.905601,0.82,2,
constraint_drift_runtime,174,0.934597,STABLE,0.972026,0.838684,0.89596,0.82,2,
constraint_drift_runtime,175,0.797873,CONSTRAIN,0.960331,0.692864,0.727225,0.6724,4,constraint erosion
constraint_drift_runtime,176,0.844121,WATCH,0.97171,0.70959,0.775442,0.6724,4,constraint erosion
constraint_drift_runtime,177,0.857754,STABLE,0.976447,0.720138,0.789608,0.6724,4,
constraint_drift_runtime,178,0.848206,WATCH,0.960628,0.710225,0.781588,0.6724,4,constraint erosion
constraint_drift_runtime,179,0.864114,STABLE,0.969011,0.723492,0.797504,0.6724,4,
constraint_drift_runtime,180,0.865954,STABLE,0.965777,0.725459,0.800662,0.6724,4,
constraint_drift_runtime,181,0.886173,STABLE,0.981327,0.745891,0.822062,0.6724,4,
constraint_drift_runtime,182,0.885884,STABLE,0.976583,0.74673,0.823172,0.6724,4,
constraint_drift_runtime,183,0.88554,STABLE,0.972137,0.747456,0.82408,0.6724,4,
constraint_drift_runtime,184,0.897013,STABLE,0.979833,0.759938,0.836673,0.6724,4,
constraint_drift_runtime,185,0.909876,STABLE,0.989116,0.774289,0.850759,0.6724,4,
constraint_drift_runtime,186,0.918671,STABLE,0.994489,0.78509,0.860909,0.6724,4,
constraint_drift_runtime,187,0.905518,STABLE,0.978085,0.774251,0.84917,0.6724,4,
constraint_drift_runtime,188,0.915605,STABLE,0.985263,0.785953,0.860322,0.6724,4,
constraint_drift_runtime,189,0.909255,STABLE,0.976128,0.781603,0.855145,0.6724,4,
constraint_drift_runtime,190,0.916101,STABLE,0.980438,0.790071,0.862961,0.6724,4,
constraint_drift_runtime,191,0.905881,STABLE,0.967805,0.781712,0.853772,0.6724,4,
constraint_drift_runtime,192,0.915143,STABLE,0.974908,0.792287,0.863801,0.6724,4,
constraint_drift_runtime,193,0.911218,STABLE,0.9689,0.790037,0.860766,0.6724,4,
constraint_drift_runtime,194,0.902848,STABLE,0.958624,0.783089,0.853154,0.6724,4,
constraint_drift_runtime,195,0.91508,STABLE,0.969155,0.796301,0.865936,0.6724,4,
constraint_drift_runtime,196,0.921709,STABLE,0.9741,0.804421,0.873311,0.6724,4,
constraint_drift_runtime,197,0.919322,STABLE,0.970084,0.803758,0.87175,0.6724,4,
constraint_drift_runtime,198,0.93779,STABLE,0.987049,0.823764,0.890952,0.6724,4,
constraint_drift_runtime,199,0.936013,STABLE,0.983705,0.824292,0.890219,0.6724,4,
collapse_prone_runtime,0,1.0,STABLE,1.0,1.0,1.0,1.0,0,
collapse_prone_runtime,1,1.0,STABLE,1.0,1.0,1.0,1.0,0,
collapse_prone_runtime,2,0.993803,STABLE,0.993803,0.993803,0.993803,1.0,0,
collapse_prone_runtime,3,0.998777,STABLE,0.998763,0.998763,0.99875,1.0,0,
collapse_prone_runtime,4,0.993494,STABLE,0.993478,0.993478,0.993464,1.0,0,
collapse_prone_runtime,5,0.989653,STABLE,0.989622,0.989622,0.989596,1.0,0,
collapse_prone_runtime,6,1.0,STABLE,1.0,1.0,1.0,1.0,0,
collapse_prone_runtime,7,0.989594,STABLE,0.989594,0.989594,0.989594,1.0,0,
collapse_prone_runtime,8,0.965907,STABLE,0.965883,0.965883,0.965862,1.0,0,
collapse_prone_runtime,9,0.983459,STABLE,0.983357,0.983357,0.98327,1.0,0,
collapse_prone_runtime,10,1.0,STABLE,1.0,1.0,1.0,1.0,0,
collapse_prone_runtime,11,0.995947,STABLE,0.995947,0.995947,0.995947,1.0,0,
collapse_prone_runtime,12,0.97675,STABLE,0.976741,0.976741,0.976733,1.0,0,
collapse_prone_runtime,13,0.97463,STABLE,0.974567,0.974567,0.974513,1.0,0,
collapse_prone_runtime,14,0.972841,STABLE,0.972722,0.972722,0.972621,1.0,0,
collapse_prone_runtime,15,0.97209,STABLE,0.971914,0.971914,0.971764,1.0,0,
collapse_prone_runtime,16,0.962136,STABLE,0.961903,0.961903,0.961706,1.0,0,
collapse_prone_runtime,17,0.969532,STABLE,0.969223,0.969223,0.968961,1.0,0,
collapse_prone_runtime,18,0.976064,STABLE,0.975699,0.975699,0.97539,1.0,0,
collapse_prone_runtime,19,0.962129,STABLE,0.961727,0.961727,0.961386,1.0,0,
collapse_prone_runtime,20,0.830506,STABLE,0.817204,0.817204,0.819624,1.0,0,
collapse_prone_runtime,21,0.839363,STABLE,0.826235,0.826235,0.828414,1.0,0,
collapse_prone_runtime,22,0.842749,STABLE,0.829812,0.829812,0.831755,1.0,0,
collapse_prone_runtime,23,0.847941,STABLE,0.8352,0.8352,0.836909,1.0,0,
collapse_prone_runtime,24,0.860484,STABLE,0.847944,0.847944,0.849426,1.0,0,
collapse_prone_runtime,25,0.849034,STABLE,0.83672,0.83672,0.837992,1.0,0,
collapse_prone_runtime,26,0.857018,STABLE,0.844895,0.844895,0.845943,1.0,0,
collapse_prone_runtime,27,0.859114,STABLE,0.847195,0.847195,0.848033,1.0,0,
collapse_prone_runtime,28,0.883503,STABLE,0.871785,0.871785,0.872419,1.0,0,
collapse_prone_runtime,29,0.886638,STABLE,0.875172,0.875172,0.875641,1.0,0,
collapse_prone_runtime,30,0.908059,STABLE,0.896844,0.896844,0.897156,1.0,0,
collapse_prone_runtime,31,0.900857,STABLE,0.889933,0.889933,0.890123,1.0,0,
collapse_prone_runtime,32,0.91087,STABLE,0.900208,0.900208,0.900269,1.0,0,
collapse_prone_runtime,33,0.917781,STABLE,0.907394,0.907394,0.907344,1.0,0,
collapse_prone_runtime,34,0.912515,STABLE,0.902408,0.902408,0.90226,1.0,0,
collapse_prone_runtime,35,0.917937,STABLE,0.908085,0.908085,0.907834,1.0,0,
collapse_prone_runtime,36,0.933482,STABLE,0.923887,0.923887,0.923544,1.0,0,
collapse_prone_runtime,37,0.933005,STABLE,0.923694,0.923694,0.923286,1.0,0,
collapse_prone_runtime,38,0.918868,STABLE,0.909826,0.909826,0.909354,1.0,0,
collapse_prone_runtime,39,0.922076,STABLE,0.913258,0.913258,0.9127,1.0,0,
collapse_prone_runtime,40,0.916299,STABLE,0.907703,0.907703,0.907067,1.0,0,
collapse_prone_runtime,41,0.916368,STABLE,0.907971,0.907971,0.907249,1.0,0,
collapse_prone_runtime,42,0.919043,STABLE,0.910837,0.910837,0.91003,1.0,0,
collapse_prone_runtime,43,0.905364,STABLE,0.897347,0.897347,0.896463,1.0,0,
collapse_prone_runtime,44,0.893165,STABLE,0.885296,0.885296,0.884314,1.0,0,
collapse_prone_runtime,45,0.726315,RECOVER,0.704661,0.704661,0.706891,1.0,1,truth drift; constraint erosion; global coherence degradation
collapse_prone_runtime,46,0.722193,CONSTRAIN,0.730827,0.740827,0.690686,0.82,3,truth drift; constraint erosion; global coherence degradation; intent drift
collapse_prone_runtime,47,0.767456,RECOVER,0.749442,0.759042,0.734351,0.82,4,
collapse_prone_runtime,48,0.789916,RECOVER,0.762188,0.771404,0.745764,0.82,5,
collapse_prone_runtime,49,0.801461,RECOVER,0.764562,0.773409,0.746641,0.82,6,
collapse_prone_runtime,50,0.806409,RECOVER,0.760811,0.769305,0.741375,0.82,7,
collapse_prone_runtime,51,0.831959,STABLE,0.778737,0.78689,0.758253,0.82,7,
collapse_prone_runtime,52,0.841501,STABLE,0.791081,0.798908,0.771754,0.82,7,
collapse_prone_runtime,53,0.867217,STABLE,0.823264,0.830778,0.807456,0.82,7,
collapse_prone_runtime,54,0.875921,STABLE,0.834535,0.841749,0.819744,0.82,7,
collapse_prone_runtime,55,0.884011,STABLE,0.845031,0.851956,0.831173,0.82,7,
collapse_prone_runtime,56,0.886956,STABLE,0.84956,0.856208,0.836174,0.82,7,
collapse_prone_runtime,57,0.898393,STABLE,0.863745,0.870128,0.851514,0.82,7,
collapse_prone_runtime,58,0.90751,STABLE,0.875446,0.881574,0.864262,0.82,7,
collapse_prone_runtime,59,0.921339,STABLE,0.892946,0.898828,0.883297,0.82,7,
collapse_prone_runtime,60,0.91925,STABLE,0.892015,0.897662,0.882684,0.82,7,
collapse_prone_runtime,61,0.918116,STABLE,0.89198,0.897401,0.88295,0.82,7,
collapse_prone_runtime,62,0.916601,STABLE,0.89151,0.896714,0.882764,0.82,7,
collapse_prone_runtime,63,0.927857,STABLE,0.903758,0.908753,0.89528,0.82,7,
collapse_prone_runtime,64,0.94376,STABLE,0.922591,0.927387,0.915183,0.82,7,
collapse_prone_runtime,65,0.941402,STABLE,0.921099,0.925703,0.913934,0.82,7,
collapse_prone_runtime,66,0.93949,STABLE,0.920007,0.924427,0.913071,0.82,7,
collapse_prone_runtime,67,0.945054,STABLE,0.926348,0.930591,0.919628,0.82,7,
collapse_prone_runtime,68,0.944789,STABLE,0.926836,0.93091,0.920331,0.82,7,
collapse_prone_runtime,69,0.955999,STABLE,0.939283,0.943194,0.933159,0.82,7,
collapse_prone_runtime,70,0.777308,RECOVER,0.746755,0.750509,0.745172,0.82,8,
collapse_prone_runtime,71,0.788777,RECOVER,0.74906,0.752664,0.745304,0.82,9,
collapse_prone_runtime,72,0.784295,RECOVER,0.735894,0.739354,0.729945,0.82,10,
collapse_prone_runtime,73,0.793497,RECOVER,0.736822,0.740144,0.728721,0.82,11,
collapse_prone_runtime,74,0.802729,RECOVER,0.738198,0.741386,0.728037,0.82,12,
collapse_prone_runtime,75,0.817354,RECOVER,0.746659,0.74972,0.735225,0.82,13,
collapse_prone_runtime,76,0.836835,STABLE,0.767922,0.770861,0.758836,0.82,13,
collapse_prone_runtime,77,0.840868,STABLE,0.774755,0.777576,0.765919,0.82,13,
collapse_prone_runtime,78,0.836889,STABLE,0.773456,0.776164,0.764861,0.82,13,
collapse_prone_runtime,79,0.842834,STABLE,0.781948,0.784548,0.773575,0.82,13,
collapse_prone_runtime,80,0.859604,STABLE,0.801162,0.803658,0.793004,0.82,13,
collapse_prone_runtime,81,0.855426,STABLE,0.799356,0.801752,0.791425,0.82,13,
collapse_prone_runtime,82,0.852094,STABLE,0.798276,0.800576,0.790553,0.82,13,
collapse_prone_runtime,83,0.863609,STABLE,0.811931,0.814139,0.804398,0.82,13,
collapse_prone_runtime,84,0.866847,STABLE,0.817238,0.819358,0.809901,0.82,13,
collapse_prone_runtime,85,0.878651,STABLE,0.831023,0.833058,0.823875,0.82,13,
collapse_prone_runtime,86,0.883355,STABLE,0.837646,0.8396,0.830692,0.82,13,
collapse_prone_runtime,87,0.894957,STABLE,0.851157,0.853032,0.84442,0.82,13,
collapse_prone_runtime,88,0.888779,STABLE,0.84676,0.84856,0.840216,0.82,13,
collapse_prone_runtime,89,0.893104,STABLE,0.852768,0.854497,0.8464,0.82,13,
collapse_prone_runtime,90,0.89527,STABLE,0.856551,0.85821,0.850353,0.82,13,
collapse_prone_runtime,91,0.887303,STABLE,0.85013,0.851723,0.844097,0.82,13,
collapse_prone_runtime,92,0.876206,STABLE,0.84049,0.842019,0.834601,0.82,13,
collapse_prone_runtime,93,0.888082,STABLE,0.853728,0.855196,0.847959,0.82,13,
collapse_prone_runtime,94,0.889095,STABLE,0.856069,0.857479,0.850431,0.82,13,
collapse_prone_runtime,95,0.734829,CONSTRAIN,0.729826,0.741179,0.687808,0.6724,15,truth drift; constraint erosion; global coherence degradation; intent drift
collapse_prone_runtime,96,0.783116,RECOVER,0.751913,0.762812,0.736769,0.6724,16,
collapse_prone_runtime,97,0.779266,RECOVER,0.739029,0.749492,0.722243,0.6724,17,intent drift
collapse_prone_runtime,98,0.783345,RECOVER,0.734501,0.744546,0.716059,0.6724,18,global coherence degradation; intent drift
collapse_prone_runtime,99,0.792921,RECOVER,0.735893,0.745535,0.715839,0.6724,19,global coherence degradation; intent drift
collapse_prone_runtime,100,0.822565,STABLE,0.761069,0.770326,0.741404,0.6724,19,
collapse_prone_runtime,101,0.831919,STABLE,0.773452,0.782338,0.754743,0.6724,19,
collapse_prone_runtime,102,0.844836,STABLE,0.790187,0.798718,0.772887,0.6724,19,
collapse_prone_runtime,103,0.839604,STABLE,0.787178,0.795368,0.770453,0.6724,19,
collapse_prone_runtime,104,0.834815,STABLE,0.784495,0.792358,0.768309,0.6724,19,
collapse_prone_runtime,105,0.845918,STABLE,0.797594,0.805141,0.781911,0.6724,19,
collapse_prone_runtime,106,0.85267,STABLE,0.806273,0.813519,0.791086,0.6724,19,
collapse_prone_runtime,107,0.864053,STABLE,0.819509,0.826465,0.804805,0.6724,19,
collapse_prone_runtime,108,0.867604,STABLE,0.824852,0.83153,0.810625,0.6724,19,
collapse_prone_runtime,109,0.875675,STABLE,0.834639,0.84105,0.820871,0.6724,19,
collapse_prone_runtime,110,0.882216,STABLE,0.842835,0.848989,0.829516,0.6724,19,
collapse_prone_runtime,111,0.894085,STABLE,0.856899,0.862807,0.844329,0.6724,19,
collapse_prone_runtime,112,0.90484,STABLE,0.870693,0.876365,0.859287,0.6724,19,
collapse_prone_runtime,113,0.892421,STABLE,0.859667,0.865112,0.848638,0.6724,19,
collapse_prone_runtime,114,0.874264,STABLE,0.842808,0.848035,0.832119,0.6724,19,
collapse_prone_runtime,115,0.889376,STABLE,0.859113,0.864131,0.84872,0.6724,19,
collapse_prone_runtime,116,0.905716,STABLE,0.876625,0.881443,0.866538,0.6724,19,
collapse_prone_runtime,117,0.899288,STABLE,0.871354,0.875979,0.861582,0.6724,19,
collapse_prone_runtime,118,0.884749,STABLE,0.857902,0.862341,0.848421,0.6724,19,
collapse_prone_runtime,119,0.890422,STABLE,0.864576,0.868838,0.85535,0.6724,19,
collapse_prone_runtime,120,0.753645,RECOVER,0.715324,0.719416,0.710461,0.6724,20,truth drift; constraint erosion; global coherence degradation; intent drift
collapse_prone_runtime,121,0.779015,RECOVER,0.731874,0.735802,0.724779,0.6724,21,
collapse_prone_runtime,122,0.794358,RECOVER,0.738882,0.742653,0.729653,0.6724,22,
collapse_prone_runtime,123,0.803772,RECOVER,0.740395,0.744015,0.729141,0.6724,23,
collapse_prone_runtime,124,0.820255,STABLE,0.750894,0.754369,0.738532,0.6724,23,
collapse_prone_runtime,125,0.824414,STABLE,0.757866,0.761202,0.745884,0.6724,23,
collapse_prone_runtime,126,0.821257,STABLE,0.7574,0.760603,0.745784,0.6724,23,
collapse_prone_runtime,127,0.847348,STABLE,0.787592,0.790667,0.777101,0.6724,23,
collapse_prone_runtime,128,0.86789,STABLE,0.81394,0.816892,0.805346,0.6724,23,
collapse_prone_runtime,129,0.882335,STABLE,0.832743,0.835576,0.825286,0.6724,23,
collapse_prone_runtime,130,0.8778,STABLE,0.830225,0.832945,0.82298,0.6724,23,
collapse_prone_runtime,131,0.891228,STABLE,0.845566,0.848177,0.838515,0.6724,23,
collapse_prone_runtime,132,0.900751,STABLE,0.858139,0.860646,0.851727,0.6724,23,
collapse_prone_runtime,133,0.908266,STABLE,0.868239,0.870646,0.862292,0.6724,23,
collapse_prone_runtime,134,0.921984,STABLE,0.886006,0.888317,0.880896,0.6724,23,
collapse_prone_runtime,135,0.93019,STABLE,0.89692,0.899138,0.892204,0.6724,23,
collapse_prone_runtime,136,0.9389,STABLE,0.908443,0.910572,0.904064,0.6724,23,
collapse_prone_runtime,137,0.945582,STABLE,0.918475,0.920519,0.914472,0.6724,23,
collapse_prone_runtime,138,0.950001,STABLE,0.925143,0.927106,0.921392,0.6724,23,
collapse_prone_runtime,139,0.934143,STABLE,0.910302,0.912185,0.906658,0.6724,23,
collapse_prone_runtime,140,0.937637,STABLE,0.914726,0.916534,0.911171,0.6724,23,
collapse_prone_runtime,141,0.934589,STABLE,0.912575,0.914311,0.909109,0.6724,23,
collapse_prone_runtime,142,0.924439,STABLE,0.903273,0.90494,0.89989,0.6724,23,
collapse_prone_runtime,143,0.944341,STABLE,0.923961,0.925561,0.920648,0.6724,23,
collapse_prone_runtime,144,0.962649,STABLE,0.944292,0.945828,0.941208,0.6724,23,
collapse_prone_runtime,145,0.973163,STABLE,0.960113,0.961587,0.95766,0.6724,23,
collapse_prone_runtime,146,0.97592,STABLE,0.96426,0.965676,0.961981,0.6724,23,
collapse_prone_runtime,147,0.985848,STABLE,0.979196,0.980555,0.977498,0.6724,23,
collapse_prone_runtime,148,0.986488,STABLE,0.980149,0.981453,0.978508,0.6724,23,
collapse_prone_runtime,149,0.988369,STABLE,0.982971,0.984223,0.981454,0.6724,23,
collapse_prone_runtime,150,0.853038,STABLE,0.836133,0.837336,0.837725,0.6724,23,
collapse_prone_runtime,151,0.8598,STABLE,0.843292,0.844446,0.844693,0.6724,23,
collapse_prone_runtime,152,0.852644,STABLE,0.836534,0.837642,0.837751,0.6724,23,
collapse_prone_runtime,153,0.858306,STABLE,0.84256,0.843624,0.843589,0.6724,23,
collapse_prone_runtime,154,0.863442,STABLE,0.848061,0.849082,0.848908,0.6724,23,
collapse_prone_runtime,155,0.887132,STABLE,0.872114,0.873094,0.872788,0.6724,23,
collapse_prone_runtime,156,0.900784,STABLE,0.886171,0.887113,0.886703,0.6724,23,
collapse_prone_runtime,157,0.90503,STABLE,0.890839,0.891743,0.891247,0.6724,23,
collapse_prone_runtime,158,0.91147,STABLE,0.897693,0.898561,0.897987,0.6724,23,
collapse_prone_runtime,159,0.915593,STABLE,0.902228,0.90306,0.902417,0.6724,23,
collapse_prone_runtime,160,0.91707,STABLE,0.904109,0.904909,0.904202,0.6724,23,
collapse_prone_runtime,161,0.909691,STABLE,0.897121,0.897888,0.897121,0.6724,23,
collapse_prone_runtime,162,0.91194,STABLE,0.899725,0.900462,0.899625,0.6724,23,
collapse_prone_runtime,163,0.908145,STABLE,0.896275,0.896983,0.89608,0.6724,23,
collapse_prone_runtime,164,0.899469,STABLE,0.887921,0.8886,0.887628,0.6724,23,
collapse_prone_runtime,165,0.908777,STABLE,0.897517,0.898168,0.897114,0.6724,23,
collapse_prone_runtime,166,0.916491,STABLE,0.905529,0.906154,0.905034,0.6724,23,
collapse_prone_runtime,167,0.9021,STABLE,0.89144,0.892041,0.890866,0.6724,23,
collapse_prone_runtime,168,0.904959,STABLE,0.894556,0.895133,0.893882,0.6724,23,
collapse_prone_runtime,169,0.918882,STABLE,0.908731,0.909284,0.907963,0.6724,23,
collapse_prone_runtime,170,0.932851,STABLE,0.922974,0.923505,0.922137,0.6724,23,
collapse_prone_runtime,171,0.945894,STABLE,0.936313,0.936823,0.935429,0.6724,23,
collapse_prone_runtime,172,0.948517,STABLE,0.93925,0.93974,0.93834,0.6724,23,
collapse_prone_runtime,173,0.94219,STABLE,0.933229,0.933699,0.932298,0.6724,23,
collapse_prone_runtime,174,0.933747,STABLE,0.925063,0.925515,0.9241,0.6724,23,
collapse_prone_runtime,175,0.836674,STABLE,0.819559,0.819993,0.820665,0.6724,23,
collapse_prone_runtime,176,0.856384,STABLE,0.83965,0.840066,0.840527,0.6724,23,
collapse_prone_runtime,177,0.873385,STABLE,0.857064,0.857464,0.857744,0.6724,23,
collapse_prone_runtime,178,0.877343,STABLE,0.861459,0.861843,0.861969,0.6724,23,
collapse_prone_runtime,179,0.870015,STABLE,0.854559,0.854927,0.854909,0.6724,23,
collapse_prone_runtime,180,0.872249,STABLE,0.857185,0.857539,0.857368,0.6724,23,
collapse_prone_runtime,181,0.879752,STABLE,0.86507,0.86541,0.865093,0.6724,23,
collapse_prone_runtime,182,0.882745,STABLE,0.868447,0.868772,0.868325,0.6724,23,
collapse_prone_runtime,183,0.881854,STABLE,0.86793,0.868242,0.867671,0.6724,23,
collapse_prone_runtime,184,0.88931,STABLE,0.875742,0.876042,0.875347,0.6724,23,
collapse_prone_runtime,185,0.888882,STABLE,0.875672,0.87596,0.875157,0.6724,23,
collapse_prone_runtime,186,0.887232,STABLE,0.874365,0.874641,0.873731,0.6724,23,
collapse_prone_runtime,187,0.895048,STABLE,0.882505,0.88277,0.881753,0.6724,23,
collapse_prone_runtime,188,0.895399,STABLE,0.883185,0.883439,0.88233,0.6724,23,
collapse_prone_runtime,189,0.902198,STABLE,0.890298,0.890543,0.889344,0.6724,23,
collapse_prone_runtime,190,0.909,STABLE,0.897418,0.897653,0.896377,0.6724,23,
collapse_prone_runtime,191,0.901389,STABLE,0.890127,0.890353,0.889013,0.6724,23,
collapse_prone_runtime,192,0.900683,STABLE,0.88971,0.889926,0.888511,0.6724,23,
collapse_prone_runtime,193,0.919199,STABLE,0.908499,0.908707,0.907216,0.6724,23,
collapse_prone_runtime,194,0.910932,STABLE,0.900538,0.900738,0.899205,0.6724,23,
collapse_prone_runtime,195,0.893472,STABLE,0.88335,0.883542,0.881953,0.6724,23,
collapse_prone_runtime,196,0.8793,STABLE,0.869398,0.869582,0.867908,0.6724,23,
collapse_prone_runtime,197,0.884639,STABLE,0.874913,0.87509,0.873309,0.6724,23,
collapse_prone_runtime,198,0.889769,STABLE,0.880226,0.880395,0.878519,0.6724,23,
collapse_prone_runtime,199,0.893198,STABLE,0.883841,0.884003,0.882043,0.6724,23,
