subset,num_components,threshold,detect_rate,false_positive_rate,median_lead_time,mean_lead_time,std_lead_time,utility
ac_risk,1,0.3,1.0,1.0,320.0,300.07,32.07842109580832,0.0
ac_risk,1,0.35,1.0,0.98,309.5,287.02,44.84350120140041,6.190000000000006
ac_risk,1,0.4,1.0,0.87,279.0,264.11,53.23361625890167,36.27
ac_risk,1,0.45,1.0,0.48,245.0,234.87,57.05482538751652,127.4
ac_risk,1,0.5,1.0,0.21,191.5,191.2,68.56004667442986,151.285
ac_risk,1,0.55,1.0,0.05,141.0,143.19,61.36867197520247,133.95
ac_risk,1,0.6,1.0,0.0,93.5,99.93,55.951989240776776,93.5
ac_risk,1,0.65,1.0,0.0,46.0,53.61,51.73816676303868,46.0
ac_risk,1,0.7,1.0,0.0,18.5,21.42,39.765356782003096,18.5
ac_risk,1,0.75,1.0,0.0,-20.0,-8.15,31.672188115127128,-20.0
ac_risk,1,0.8,1.0,0.0,-31.0,-28.78,17.253162029031085,-31.0
ac_risk,1,0.85,1.0,0.0,-39.5,-37.95,13.9178841782794,-39.5
ac_risk,1,0.9,1.0,0.0,-53.0,-51.52,10.961277297833497,-53.0
rl_risk,1,0.3,1.0,0.0,-31.0,-27.07,18.285105960863337,-31.0
rl_risk,1,0.35,1.0,0.0,-37.0,-35.17,14.134394221189673,-37.0
rl_risk,1,0.4,1.0,0.0,-41.0,-40.29,12.764243024950598,-41.0
rl_risk,1,0.45,1.0,0.0,-47.0,-47.09,11.021882779271426,-47.0
rl_risk,1,0.5,1.0,0.0,-53.5,-52.93,11.087159239408443,-53.5
rl_risk,1,0.55,1.0,0.0,-59.0,-60.03,11.556344577763333,-59.0
rl_risk,1,0.6,1.0,0.0,-65.5,-66.57,11.564821658806503,-65.5
rl_risk,1,0.65,1.0,0.0,-72.0,-73.33,11.433332847424674,-72.0
rl_risk,1,0.7,1.0,0.0,-82.0,-82.82,12.04938172687711,-82.0
rl_risk,1,0.75,1.0,0.0,-95.5,-94.88,14.829888738625115,-95.5
rl_risk,1,0.8,1.0,0.0,-108.0,-108.99,14.885224217323703,-108.0
rl_risk,1,0.85,1.0,0.0,-127.5,-127.0,14.510685717773644,-127.5
rl_risk,1,0.9,1.0,0.0,-147.0,-146.82,11.883080408715578,-147.0
va_risk,1,0.3,1.0,1.0,291.0,279.81,43.5799713171085,0.0
va_risk,1,0.35,1.0,1.0,273.0,262.9,53.07570065481942,0.0
va_risk,1,0.4,1.0,1.0,251.5,232.53,75.84200089660084,0.0
va_risk,1,0.45,1.0,0.99,206.0,191.83,94.73880461563782,2.060000000000002
va_risk,1,0.5,1.0,0.95,151.0,146.27,96.66466314015686,7.550000000000007
va_risk,1,0.55,1.0,0.78,49.5,87.74,92.38588853282735,10.889999999999999
va_risk,1,0.6,1.0,0.45,26.5,52.09,79.5103886294112,14.575000000000001
va_risk,1,0.65,1.0,0.16,5.0,20.21,66.20306563898684,4.2
va_risk,1,0.7,1.0,0.03,-11.5,-5.92,37.00207561745692,-11.155
va_risk,1,0.75,1.0,0.0,-24.0,-23.11,30.34102668005814,-24.0
va_risk,1,0.8,1.0,0.0,-38.0,-41.46,27.048630279553898,-38.0
va_risk,1,0.85,0.99,0.0,-52.0,-65.97979797979798,42.40020483035615,-52.0
va_risk,1,0.9,0.77,0.0,-96.0,-96.64935064935065,50.21299211857845,-96.0
pr_risk,1,0.3,1.0,1.0,321.0,314.51,18.607791378882126,0.0
pr_risk,1,0.35,1.0,1.0,321.0,307.49,28.375515854341746,0.0
pr_risk,1,0.4,1.0,1.0,319.5,298.25,35.514046516836125,0.0
pr_risk,1,0.45,1.0,1.0,305.0,279.78,50.11358697997979,0.0
pr_risk,1,0.5,1.0,0.99,277.5,262.23,61.01227007741967,2.7750000000000026
pr_risk,1,0.55,1.0,0.94,240.0,238.04,68.62418232664051,14.400000000000013
pr_risk,1,0.6,1.0,0.86,211.5,207.25,81.66656292510417,29.610000000000003
pr_risk,1,0.65,1.0,0.8,183.0,179.49,86.03679387331913,36.599999999999994
pr_risk,1,0.7,1.0,0.68,154.5,157.65,94.60215378097901,49.43999999999999
pr_risk,1,0.75,1.0,0.46,109.5,124.22,100.81087044560225,59.13
pr_risk,1,0.8,1.0,0.3,62.0,80.97,91.45069217890043,43.4
pr_risk,1,0.85,1.0,0.19,31.0,58.73,90.23046658418652,25.110000000000003
pr_risk,1,0.9,1.0,0.13,-7.5,29.03,86.80235653483146,-6.525
bd_risk,1,0.3,1.0,0.31,81.0,88.75,99.22805802795901,55.88999999999999
bd_risk,1,0.35,1.0,0.03,-29.0,-5.06,55.082087832615784,-28.13
bd_risk,1,0.4,1.0,0.0,-42.0,-36.85,22.93267319786335,-42.0
bd_risk,1,0.45,1.0,0.0,-53.0,-51.08,13.430323897806785,-53.0
bd_risk,1,0.5,1.0,0.0,-75.0,-78.3,12.836276718737409,-75.0
bd_risk,1,0.55,0.0,0.0,,,,
bd_risk,1,0.6,0.0,0.0,,,,
bd_risk,1,0.65,0.0,0.0,,,,
bd_risk,1,0.7,0.0,0.0,,,,
bd_risk,1,0.75,0.0,0.0,,,,
bd_risk,1,0.8,0.0,0.0,,,,
bd_risk,1,0.85,0.0,0.0,,,,
bd_risk,1,0.9,0.0,0.0,,,,
ac_risk+rl_risk,2,0.3,1.0,0.32,206.5,205.44,63.53020069226918,140.42
ac_risk+rl_risk,2,0.35,1.0,0.05,136.0,139.36,59.63849763365942,129.2
ac_risk+rl_risk,2,0.4,1.0,0.0,73.0,77.65,56.32359629853193,73.0
ac_risk+rl_risk,2,0.45,1.0,0.0,26.0,28.69,41.881665439664644,26.0
ac_risk+rl_risk,2,0.5,1.0,0.0,-19.0,-6.23,32.41877696644338,-19.0
ac_risk+rl_risk,2,0.55,1.0,0.0,-31.0,-27.39,18.283815247371106,-31.0
ac_risk+rl_risk,2,0.6,1.0,0.0,-38.0,-36.25,14.136742906341615,-38.0
ac_risk+rl_risk,2,0.65,1.0,0.0,-45.0,-43.91,10.197151563059165,-45.0
ac_risk+rl_risk,2,0.7,1.0,0.0,-53.0,-52.73,11.06422613651764,-53.0
ac_risk+rl_risk,2,0.75,1.0,0.0,-61.5,-62.74,12.007181184607818,-61.5
ac_risk+rl_risk,2,0.8,1.0,0.0,-72.0,-74.11,12.284050634867963,-72.0
ac_risk+rl_risk,2,0.85,1.0,0.0,-91.0,-90.56,13.169145758172773,-91.0
ac_risk+rl_risk,2,0.9,1.0,0.0,-115.0,-116.0,14.99866660740214,-115.0
ac_risk+va_risk,2,0.3,1.0,1.0,295.0,281.04,42.094636237886654,0.0
ac_risk+va_risk,2,0.35,1.0,1.0,269.5,260.84,51.13897144057553,0.0
ac_risk+va_risk,2,0.4,1.0,0.96,239.0,226.84,67.32439676669966,9.56000000000001
ac_risk+va_risk,2,0.45,1.0,0.6,188.5,177.51,80.12683632841122,75.4
ac_risk+va_risk,2,0.5,1.0,0.25,108.0,122.87,77.42656585436293,81.0
ac_risk+va_risk,2,0.55,1.0,0.07,53.5,73.05,63.74925489760644,49.754999999999995
ac_risk+va_risk,2,0.6,1.0,0.0,28.0,38.74,45.25010939213297,28.0
ac_risk+va_risk,2,0.65,1.0,0.0,5.5,9.79,34.09759375674477,5.5
ac_risk+va_risk,2,0.7,1.0,0.0,-15.0,-7.98,29.72405759649917,-15.0
ac_risk+va_risk,2,0.75,1.0,0.0,-27.0,-24.52,21.791961820818244,-27.0
ac_risk+va_risk,2,0.8,1.0,0.0,-37.0,-37.25,17.11220324797482,-37.0
ac_risk+va_risk,2,0.85,1.0,0.0,-47.0,-51.82,22.746595349634195,-47.0
ac_risk+va_risk,2,0.9,0.99,0.0,-75.0,-85.8989898989899,37.94426932670165,-75.0
ac_risk+pr_risk,2,0.3,1.0,1.0,321.0,312.63,19.22844507494041,0.0
ac_risk+pr_risk,2,0.35,1.0,1.0,320.0,303.25,27.738195687535267,0.0
ac_risk+pr_risk,2,0.4,1.0,0.99,297.0,281.7,46.06506268312244,2.9700000000000024
ac_risk+pr_risk,2,0.45,1.0,0.93,260.5,254.04,52.5703186218231,18.23499999999999
ac_risk+pr_risk,2,0.5,1.0,0.74,230.0,218.01,69.06945707040124,59.800000000000004
ac_risk+pr_risk,2,0.55,1.0,0.47,180.0,182.2,76.95739080816085,95.4
ac_risk+pr_risk,2,0.6,1.0,0.25,147.0,148.52,77.47792976067444,110.25
ac_risk+pr_risk,2,0.65,1.0,0.11,98.5,105.55,76.27940416652453,87.665
ac_risk+pr_risk,2,0.7,1.0,0.04,48.5,60.53,69.24975884434545,46.559999999999995
ac_risk+pr_risk,2,0.75,1.0,0.01,18.5,27.74,58.18635922619664,18.315
ac_risk+pr_risk,2,0.8,1.0,0.0,-18.5,-1.57,42.366556385904204,-18.5
ac_risk+pr_risk,2,0.85,1.0,0.0,-28.5,-21.61,25.902855054993456,-28.5
ac_risk+pr_risk,2,0.9,1.0,0.0,-39.0,-37.76,14.887659319046763,-39.0
ac_risk+bd_risk,2,0.3,1.0,0.81,253.0,244.46,55.76296620517958,48.069999999999986
ac_risk+bd_risk,2,0.35,1.0,0.42,183.5,189.02,67.83361703462376,106.43
ac_risk+bd_risk,2,0.4,1.0,0.04,118.0,124.21,73.29669774280421,113.28
ac_risk+bd_risk,2,0.45,1.0,0.0,50.5,58.39,58.669906255251504,50.5
ac_risk+bd_risk,2,0.5,1.0,0.0,-4.5,5.42,36.58392543180679,-4.5
ac_risk+bd_risk,2,0.55,1.0,0.0,-29.0,-19.86,27.324721407545955,-29.0
ac_risk+bd_risk,2,0.6,1.0,0.0,-37.5,-36.35,11.142149702817674,-37.5
ac_risk+bd_risk,2,0.65,1.0,0.0,-46.0,-45.91,8.581485885323124,-46.0
ac_risk+bd_risk,2,0.7,1.0,0.0,-63.0,-62.91,9.568798252654302,-63.0
ac_risk+bd_risk,2,0.75,1.0,0.0,-122.5,-122.12,17.130837691134662,-122.5
ac_risk+bd_risk,2,0.8,0.0,0.0,,,,
ac_risk+bd_risk,2,0.85,0.0,0.0,,,,
ac_risk+bd_risk,2,0.9,0.0,0.0,,,,
rl_risk+va_risk,2,0.3,1.0,0.89,148.5,150.0,91.00934018000571,16.334999999999997
rl_risk+va_risk,2,0.35,1.0,0.33,48.0,73.62,77.33185372147754,32.16
rl_risk+va_risk,2,0.4,1.0,0.03,14.0,24.22,46.46387413894799,13.58
rl_risk+va_risk,2,0.45,1.0,0.0,-11.0,-3.38,30.289529544052016,-11.0
rl_risk+va_risk,2,0.5,1.0,0.0,-25.5,-23.41,21.20145985539675,-25.5
rl_risk+va_risk,2,0.55,1.0,0.0,-35.0,-34.51,15.164758488020837,-35.0
rl_risk+va_risk,2,0.6,1.0,0.0,-43.0,-43.96,15.178880064089052,-43.0
rl_risk+va_risk,2,0.65,1.0,0.0,-52.0,-52.92,17.813298403159365,-52.0
rl_risk+va_risk,2,0.7,1.0,0.0,-60.5,-66.02,20.3174703149777,-60.5
rl_risk+va_risk,2,0.75,1.0,0.0,-88.0,-84.33,23.347400283543347,-88.0
rl_risk+va_risk,2,0.8,1.0,0.0,-111.0,-110.07,27.150416203071366,-111.0
rl_risk+va_risk,2,0.85,1.0,0.0,-139.0,-136.79,22.610747444522925,-139.0
rl_risk+va_risk,2,0.9,0.71,0.0,-163.0,-160.01408450704224,13.874175988978235,-163.0
rl_risk+pr_risk,2,0.3,1.0,0.97,270.5,259.92,54.70679665270121,8.115000000000007
rl_risk+pr_risk,2,0.35,1.0,0.84,207.5,206.76,75.48272915044872,33.20000000000001
rl_risk+pr_risk,2,0.4,1.0,0.61,154.5,165.08,83.09990132364779,60.255
rl_risk+pr_risk,2,0.45,1.0,0.24,94.0,103.88,86.3002062569957,71.44
rl_risk+pr_risk,2,0.5,1.0,0.13,39.5,58.66,81.53762567060683,34.365
rl_risk+pr_risk,2,0.55,1.0,0.03,-7.5,13.47,60.499496692121326,-7.2749999999999995
rl_risk+pr_risk,2,0.6,1.0,0.0,-28.0,-18.89,27.09350291121471,-28.0
rl_risk+pr_risk,2,0.65,1.0,0.0,-37.0,-35.17,16.06863715440734,-37.0
rl_risk+pr_risk,2,0.7,1.0,0.0,-47.0,-47.11,11.79906352216141,-47.0
rl_risk+pr_risk,2,0.75,1.0,0.0,-58.0,-57.75,12.043566747438236,-58.0
rl_risk+pr_risk,2,0.8,1.0,0.0,-68.0,-69.76,11.797559069570282,-68.0
rl_risk+pr_risk,2,0.85,1.0,0.0,-87.0,-87.34,12.939258093105646,-87.0
rl_risk+pr_risk,2,0.9,1.0,0.0,-112.0,-112.17,15.412368409819436,-112.0
rl_risk+bd_risk,2,0.3,1.0,0.0,-27.5,-17.61,27.784850188546994,-27.5
rl_risk+bd_risk,2,0.35,1.0,0.0,-36.0,-35.12,11.549268375096322,-36.0
rl_risk+bd_risk,2,0.4,1.0,0.0,-42.0,-41.9,8.879752248796134,-42.0
rl_risk+bd_risk,2,0.45,1.0,0.0,-50.0,-49.17,9.488998893455515,-50.0
rl_risk+bd_risk,2,0.5,1.0,0.0,-58.0,-58.61,10.149773396485264,-58.0
rl_risk+bd_risk,2,0.55,1.0,0.0,-67.0,-68.63,10.60250442112617,-67.0
rl_risk+bd_risk,2,0.6,1.0,0.0,-80.0,-81.78,11.145025796291366,-80.0
rl_risk+bd_risk,2,0.65,1.0,0.0,-104.0,-104.47,15.324134559576278,-104.0
rl_risk+bd_risk,2,0.7,1.0,0.0,-137.5,-138.12,12.947802902423252,-137.5
rl_risk+bd_risk,2,0.75,0.01,0.0,-178.0,-178.0,0.0,-178.0
rl_risk+bd_risk,2,0.8,0.0,0.0,,,,
rl_risk+bd_risk,2,0.85,0.0,0.0,,,,
rl_risk+bd_risk,2,0.9,0.0,0.0,,,,
va_risk+pr_risk,2,0.3,1.0,1.0,312.0,295.54,37.1393107098126,0.0
va_risk+pr_risk,2,0.35,1.0,1.0,295.0,276.48,51.9026935717213,0.0
va_risk+pr_risk,2,0.4,1.0,1.0,260.5,249.23,64.94764891818642,0.0
va_risk+pr_risk,2,0.45,1.0,0.98,227.5,213.36,79.62732194416687,4.550000000000004
va_risk+pr_risk,2,0.5,1.0,0.88,192.0,175.13,94.16736749001747,23.04
va_risk+pr_risk,2,0.55,1.0,0.66,114.0,135.91,100.51737113554056,38.76
va_risk+pr_risk,2,0.6,1.0,0.42,60.5,92.9,89.57248461441718,35.09
va_risk+pr_risk,2,0.65,1.0,0.17,27.0,50.69,75.62112072695035,22.41
va_risk+pr_risk,2,0.7,1.0,0.06,0.5,17.14,58.00172756047875,0.47
va_risk+pr_risk,2,0.75,1.0,0.04,-17.0,-3.05,46.32782641134807,-16.32
va_risk+pr_risk,2,0.8,1.0,0.01,-26.5,-16.28,42.75162686962918,-26.235
va_risk+pr_risk,2,0.85,1.0,0.01,-37.0,-35.92,21.78792326037523,-36.63
va_risk+pr_risk,2,0.9,1.0,0.0,-49.0,-59.3,33.629005337654576,-49.0
va_risk+bd_risk,2,0.3,1.0,0.99,210.0,188.51,92.69687103672918,2.100000000000002
va_risk+bd_risk,2,0.35,1.0,0.68,67.0,104.07,95.46782232773512,21.439999999999998
va_risk+bd_risk,2,0.4,1.0,0.18,17.5,34.38,62.27259108147018,14.350000000000001
va_risk+bd_risk,2,0.45,1.0,0.01,-9.5,-0.01,36.49588880956319,-9.405
va_risk+bd_risk,2,0.5,1.0,0.0,-26.5,-20.0,26.74995327098722,-26.5
va_risk+bd_risk,2,0.55,1.0,0.0,-34.0,-33.72,15.701006337174695,-34.0
va_risk+bd_risk,2,0.6,1.0,0.0,-43.0,-47.28,18.156585582096653,-43.0
va_risk+bd_risk,2,0.65,1.0,0.0,-60.5,-72.1,31.730899766631268,-60.5
va_risk+bd_risk,2,0.7,0.7,0.0,-127.5,-124.91428571428571,37.78500944522193,-127.5
va_risk+bd_risk,2,0.75,0.0,0.0,,,,
va_risk+bd_risk,2,0.8,0.0,0.0,,,,
va_risk+bd_risk,2,0.85,0.0,0.0,,,,
va_risk+bd_risk,2,0.9,0.0,0.0,,,,
pr_risk+bd_risk,2,0.3,1.0,0.99,302.5,282.58,46.04241088387966,3.0250000000000026
pr_risk+bd_risk,2,0.35,1.0,0.96,250.0,243.61,62.303755103524864,10.000000000000009
pr_risk+bd_risk,2,0.4,1.0,0.81,215.0,200.68,82.04570433605895,40.84999999999999
pr_risk+bd_risk,2,0.45,1.0,0.53,145.5,148.08,92.44984369916479,68.38499999999999
pr_risk+bd_risk,2,0.5,1.0,0.28,68.0,87.97,92.59475741098953,48.96
pr_risk+bd_risk,2,0.55,1.0,0.09,-5.0,27.93,74.4136082984826,-4.55
pr_risk+bd_risk,2,0.6,1.0,0.04,-28.0,-8.95,51.42380285432029,-26.88
pr_risk+bd_risk,2,0.65,1.0,0.0,-37.5,-34.98,19.057271578061744,-37.5
pr_risk+bd_risk,2,0.7,1.0,0.0,-51.0,-50.18,10.95936129525804,-51.0
pr_risk+bd_risk,2,0.75,1.0,0.0,-86.0,-88.04,14.415214185019938,-86.0
pr_risk+bd_risk,2,0.8,0.0,0.0,,,,
pr_risk+bd_risk,2,0.85,0.0,0.0,,,,
pr_risk+bd_risk,2,0.9,0.0,0.0,,,,
ac_risk+rl_risk+va_risk,3,0.3,1.0,0.94,239.5,227.56,66.50583733778562,14.370000000000013
ac_risk+rl_risk+va_risk,3,0.35,1.0,0.45,163.5,158.51,80.80241271150261,89.92500000000001
ac_risk+rl_risk+va_risk,3,0.4,1.0,0.09,74.5,89.69,63.41162275166911,67.795
ac_risk+rl_risk+va_risk,3,0.45,1.0,0.0,31.0,41.09,41.20099392005004,31.0
ac_risk+rl_risk+va_risk,3,0.5,1.0,0.0,6.0,11.22,33.20740278913725,6.0
ac_risk+rl_risk+va_risk,3,0.55,1.0,0.0,-18.5,-11.85,24.48320853156302,-18.5
ac_risk+rl_risk+va_risk,3,0.6,1.0,0.0,-31.0,-26.84,19.66658079077296,-31.0
ac_risk+rl_risk+va_risk,3,0.65,1.0,0.0,-38.0,-38.05,13.653845612134335,-38.0
ac_risk+rl_risk+va_risk,3,0.7,1.0,0.0,-43.5,-45.64,14.289520635766618,-43.5
ac_risk+rl_risk+va_risk,3,0.75,1.0,0.0,-56.0,-57.89,17.77182883104606,-56.0
ac_risk+rl_risk+va_risk,3,0.8,1.0,0.0,-73.0,-78.13,21.7231006074179,-73.0
ac_risk+rl_risk+va_risk,3,0.85,1.0,0.0,-107.5,-106.38,25.725776956197066,-107.5
ac_risk+rl_risk+va_risk,3,0.9,0.99,0.0,-142.0,-139.07070707070707,21.52388972265423,-142.0
ac_risk+rl_risk+pr_risk,3,0.3,1.0,0.99,296.0,280.0,45.7879896916211,2.9600000000000026
ac_risk+rl_risk+pr_risk,3,0.35,1.0,0.86,247.0,238.21,61.63867211418494,34.580000000000005
ac_risk+rl_risk+pr_risk,3,0.4,1.0,0.46,194.0,192.53,73.34513685310021,104.76
ac_risk+rl_risk+pr_risk,3,0.45,1.0,0.19,139.5,140.1,73.85248810974481,112.995
ac_risk+rl_risk+pr_risk,3,0.5,1.0,0.07,76.5,90.15,74.51595466744018,71.145
ac_risk+rl_risk+pr_risk,3,0.55,1.0,0.01,30.0,36.45,57.01216975348333,29.7
ac_risk+rl_risk+pr_risk,3,0.6,1.0,0.0,-9.5,2.69,36.93797368562602,-9.5
ac_risk+rl_risk+pr_risk,3,0.65,1.0,0.0,-28.0,-20.46,24.926861013773877,-28.0
ac_risk+rl_risk+pr_risk,3,0.7,1.0,0.0,-36.0,-34.15,15.97771886096385,-36.0
ac_risk+rl_risk+pr_risk,3,0.75,1.0,0.0,-46.0,-45.59,11.205440642830606,-46.0
ac_risk+rl_risk+pr_risk,3,0.8,1.0,0.0,-56.5,-56.69,11.637607142363931,-56.5
ac_risk+rl_risk+pr_risk,3,0.85,1.0,0.0,-69.5,-70.97,11.603839881694336,-69.5
ac_risk+rl_risk+pr_risk,3,0.9,1.0,0.0,-94.0,-94.97,14.955570868408866,-94.0
ac_risk+rl_risk+bd_risk,3,0.3,1.0,0.11,135.5,146.56,73.91255914930831,120.595
ac_risk+rl_risk+bd_risk,3,0.35,1.0,0.0,66.0,67.81,56.87771004532443,66.0
ac_risk+rl_risk+bd_risk,3,0.4,1.0,0.0,8.5,14.02,38.23688794868117,8.5
ac_risk+rl_risk+bd_risk,3,0.45,1.0,0.0,-27.0,-17.93,27.158886206912097,-27.0
ac_risk+rl_risk+bd_risk,3,0.5,1.0,0.0,-35.0,-34.32,11.739574097896396,-35.0
ac_risk+rl_risk+bd_risk,3,0.55,1.0,0.0,-41.5,-41.32,8.836153009087155,-41.5
ac_risk+rl_risk+bd_risk,3,0.6,1.0,0.0,-50.5,-49.8,9.457272334029511,-50.5
ac_risk+rl_risk+bd_risk,3,0.65,1.0,0.0,-61.0,-61.66,10.316220238052308,-61.0
ac_risk+rl_risk+bd_risk,3,0.7,1.0,0.0,-72.5,-74.53,10.659695117591308,-72.5
ac_risk+rl_risk+bd_risk,3,0.75,1.0,0.0,-99.0,-99.13,15.078232655056096,-99.0
ac_risk+rl_risk+bd_risk,3,0.8,1.0,0.0,-143.0,-142.05,12.695176249268856,-143.0
ac_risk+rl_risk+bd_risk,3,0.85,0.0,0.0,,,,
ac_risk+rl_risk+bd_risk,3,0.9,0.0,0.0,,,,
ac_risk+va_risk+pr_risk,3,0.3,1.0,1.0,309.0,294.4,33.42005385992069,0.0
ac_risk+va_risk+pr_risk,3,0.35,1.0,1.0,292.5,276.41,46.29062432069803,0.0
ac_risk+va_risk+pr_risk,3,0.4,1.0,0.98,251.5,244.44,61.982952495020754,5.030000000000005
ac_risk+va_risk+pr_risk,3,0.45,1.0,0.79,216.5,204.35,77.62478663416731,45.46499999999999
ac_risk+va_risk+pr_risk,3,0.5,1.0,0.5,152.5,155.06,86.21993041054951,76.25
ac_risk+va_risk+pr_risk,3,0.55,1.0,0.22,91.5,114.19,83.88512323409914,71.37
ac_risk+va_risk+pr_risk,3,0.6,1.0,0.07,52.0,72.66,67.89185812746621,48.36
ac_risk+va_risk+pr_risk,3,0.65,1.0,0.03,23.5,30.6,49.042430608606665,22.794999999999998
ac_risk+va_risk+pr_risk,3,0.7,1.0,0.01,-4.0,6.73,45.11604038476781,-3.96
ac_risk+va_risk+pr_risk,3,0.75,1.0,0.0,-21.0,-13.36,26.584025278350907,-21.0
ac_risk+va_risk+pr_risk,3,0.8,1.0,0.0,-31.0,-26.61,20.592180554763985,-31.0
ac_risk+va_risk+pr_risk,3,0.85,1.0,0.0,-38.0,-38.96,18.235635442725872,-38.0
ac_risk+va_risk+pr_risk,3,0.9,1.0,0.0,-54.5,-59.86,23.19699118420318,-54.5
ac_risk+va_risk+bd_risk,3,0.3,1.0,0.98,253.5,243.06,61.31587396425171,5.070000000000005
ac_risk+va_risk+bd_risk,3,0.35,1.0,0.61,186.5,173.99,81.22013235645458,72.735
ac_risk+va_risk+bd_risk,3,0.4,1.0,0.19,89.0,112.29,75.62728277546404,72.09
ac_risk+va_risk+bd_risk,3,0.45,1.0,0.02,30.0,42.7,48.502886512041734,29.4
ac_risk+va_risk+bd_risk,3,0.5,1.0,0.0,6.0,11.48,36.1066420482437,6.0
ac_risk+va_risk+bd_risk,3,0.55,1.0,0.0,-21.0,-11.76,28.301632461750327,-21.0
ac_risk+va_risk+bd_risk,3,0.6,1.0,0.0,-29.0,-26.75,16.46594971448656,-29.0
ac_risk+va_risk+bd_risk,3,0.65,1.0,0.0,-37.0,-37.74,11.019637017615418,-37.0
ac_risk+va_risk+bd_risk,3,0.7,1.0,0.0,-45.0,-48.87,15.696913709388863,-45.0
ac_risk+va_risk+bd_risk,3,0.75,1.0,0.0,-67.0,-76.15,26.142828844637307,-67.0
ac_risk+va_risk+bd_risk,3,0.8,0.61,0.0,-153.0,-146.4262295081967,24.55202506848915,-153.0
ac_risk+va_risk+bd_risk,3,0.85,0.0,0.0,,,,
ac_risk+va_risk+bd_risk,3,0.9,0.0,0.0,,,,
ac_risk+pr_risk+bd_risk,3,0.3,1.0,0.98,308.0,289.87,40.2250307644382,6.1600000000000055
ac_risk+pr_risk+bd_risk,3,0.35,1.0,0.93,259.0,251.72,55.126051917401085,18.12999999999999
ac_risk+pr_risk+bd_risk,3,0.4,1.0,0.67,226.5,213.36,70.02064267057251,74.74499999999999
ac_risk+pr_risk+bd_risk,3,0.45,1.0,0.27,159.5,160.05,79.64500925984001,116.435
ac_risk+pr_risk+bd_risk,3,0.5,1.0,0.12,101.0,108.99,78.5124824470606,88.88
ac_risk+pr_risk+bd_risk,3,0.55,1.0,0.01,36.5,46.53,59.17355067933646,36.135
ac_risk+pr_risk+bd_risk,3,0.6,1.0,0.0,-8.5,2.79,36.87066449089303,-8.5
ac_risk+pr_risk+bd_risk,3,0.65,1.0,0.0,-28.0,-20.67,23.958320057967335,-28.0
ac_risk+pr_risk+bd_risk,3,0.7,1.0,0.0,-36.0,-35.53,11.408290844819831,-36.0
ac_risk+pr_risk+bd_risk,3,0.75,1.0,0.0,-47.0,-46.61,9.905447995926282,-47.0
ac_risk+pr_risk+bd_risk,3,0.8,1.0,0.0,-67.0,-67.89,10.55736235998367,-67.0
ac_risk+pr_risk+bd_risk,3,0.85,0.0,0.0,,,,
ac_risk+pr_risk+bd_risk,3,0.9,0.0,0.0,,,,
rl_risk+va_risk+pr_risk,3,0.3,1.0,1.0,253.5,248.08,62.27867692878519,0.0
rl_risk+va_risk+pr_risk,3,0.35,1.0,0.89,202.0,193.51,84.61045975528084,22.22
rl_risk+va_risk+pr_risk,3,0.4,1.0,0.6,116.5,140.98,96.75453271035936,46.6
rl_risk+va_risk+pr_risk,3,0.45,1.0,0.26,62.0,89.18,83.07868318648292,45.88
rl_risk+va_risk+pr_risk,3,0.5,1.0,0.06,23.5,39.64,61.97072211940087,22.09
rl_risk+va_risk+pr_risk,3,0.55,1.0,0.02,-8.0,3.18,44.09090155576318,-7.84
rl_risk+va_risk+pr_risk,3,0.6,1.0,0.01,-21.5,-15.27,25.841383476896123,-21.285
rl_risk+va_risk+pr_risk,3,0.65,1.0,0.0,-33.0,-30.06,17.824600977301007,-33.0
rl_risk+va_risk+pr_risk,3,0.7,1.0,0.0,-39.0,-41.23,14.124344232565278,-39.0
rl_risk+va_risk+pr_risk,3,0.75,1.0,0.0,-53.0,-53.7,17.73894021637144,-53.0
rl_risk+va_risk+pr_risk,3,0.8,1.0,0.0,-64.5,-70.7,22.071474803465215,-64.5
rl_risk+va_risk+pr_risk,3,0.85,1.0,0.0,-104.5,-101.82,27.59325279846506,-104.5
rl_risk+va_risk+pr_risk,3,0.9,1.0,0.0,-139.5,-137.43,22.104413586431107,-139.5
rl_risk+va_risk+bd_risk,3,0.3,1.0,0.16,34.5,59.25,69.48328935794562,28.98
rl_risk+va_risk+bd_risk,3,0.35,1.0,0.0,4.0,10.32,38.47229652620181,4.0
rl_risk+va_risk+bd_risk,3,0.4,1.0,0.0,-22.5,-16.62,25.71955676134408,-22.5
rl_risk+va_risk+bd_risk,3,0.45,1.0,0.0,-31.0,-28.94,16.172705401385386,-31.0
rl_risk+va_risk+bd_risk,3,0.5,1.0,0.0,-39.0,-39.39,11.464636932759797,-39.0
rl_risk+va_risk+bd_risk,3,0.55,1.0,0.0,-45.5,-47.47,13.563520929316251,-45.5
rl_risk+va_risk+bd_risk,3,0.6,1.0,0.0,-56.5,-59.31,16.68633872363857,-56.5
rl_risk+va_risk+bd_risk,3,0.65,1.0,0.0,-74.5,-79.26,21.463280271198062,-74.5
rl_risk+va_risk+bd_risk,3,0.7,1.0,0.0,-111.0,-109.5,25.30829903411132,-111.0
rl_risk+va_risk+bd_risk,3,0.75,0.95,0.0,-146.0,-143.13684210526316,20.18108052311205,-146.0
rl_risk+va_risk+bd_risk,3,0.8,0.26,0.0,-173.5,-172.69230769230768,5.164741640490621,-173.5
rl_risk+va_risk+bd_risk,3,0.85,0.0,0.0,,,,
rl_risk+va_risk+bd_risk,3,0.9,0.0,0.0,,,,
rl_risk+pr_risk+bd_risk,3,0.3,1.0,0.76,215.0,205.5,75.17280093225209,51.6
rl_risk+pr_risk+bd_risk,3,0.35,1.0,0.31,125.0,136.2,87.90506242532338,86.25
rl_risk+pr_risk+bd_risk,3,0.4,1.0,0.1,46.5,61.73,80.19549301550555,41.85
rl_risk+pr_risk+bd_risk,3,0.45,1.0,0.02,-18.0,1.95,46.698902556698265,-17.64
rl_risk+pr_risk+bd_risk,3,0.5,1.0,0.0,-30.5,-25.15,21.892178968755033,-30.5
rl_risk+pr_risk+bd_risk,3,0.55,1.0,0.0,-38.0,-38.3,9.815803584016951,-38.0
rl_risk+pr_risk+bd_risk,3,0.6,1.0,0.0,-47.0,-46.97,10.340652784036413,-47.0
rl_risk+pr_risk+bd_risk,3,0.65,1.0,0.0,-58.0,-57.46,10.332879559929072,-58.0
rl_risk+pr_risk+bd_risk,3,0.7,1.0,0.0,-70.5,-71.74,11.037771514214272,-70.5
rl_risk+pr_risk+bd_risk,3,0.75,1.0,0.0,-95.0,-96.29,14.517089928770162,-95.0
rl_risk+pr_risk+bd_risk,3,0.8,1.0,0.0,-140.5,-139.63,12.737860887919917,-140.5
rl_risk+pr_risk+bd_risk,3,0.85,0.0,0.0,,,,
rl_risk+pr_risk+bd_risk,3,0.9,0.0,0.0,,,,
va_risk+pr_risk+bd_risk,3,0.3,1.0,1.0,271.5,259.73,59.05181707619165,0.0
va_risk+pr_risk+bd_risk,3,0.35,1.0,0.98,226.5,211.99,78.84357868590187,4.530000000000004
va_risk+pr_risk+bd_risk,3,0.4,1.0,0.77,155.0,156.05,96.09010094697581,35.65
va_risk+pr_risk+bd_risk,3,0.45,1.0,0.37,57.0,89.88,88.43226560481192,35.910000000000004
va_risk+pr_risk+bd_risk,3,0.5,1.0,0.12,24.0,45.34,71.8891118320431,21.12
va_risk+pr_risk+bd_risk,3,0.55,1.0,0.03,-5.5,9.53,49.25412774580421,-5.335
va_risk+pr_risk+bd_risk,3,0.6,1.0,0.0,-23.0,-14.84,32.714742853948884,-23.0
va_risk+pr_risk+bd_risk,3,0.65,1.0,0.0,-33.0,-30.39,15.909050883066532,-33.0
va_risk+pr_risk+bd_risk,3,0.7,1.0,0.0,-40.0,-42.56,14.069342557490028,-40.0
va_risk+pr_risk+bd_risk,3,0.75,1.0,0.0,-56.0,-63.04,24.009131596124003,-56.0
va_risk+pr_risk+bd_risk,3,0.8,0.7,0.0,-136.0,-128.55714285714285,36.47881409189477,-136.0
va_risk+pr_risk+bd_risk,3,0.85,0.0,0.0,,,,
va_risk+pr_risk+bd_risk,3,0.9,0.0,0.0,,,,
ac_risk+rl_risk+va_risk+pr_risk,4,0.3,1.0,1.0,273.5,265.96,48.866536607375814,0.0
ac_risk+rl_risk+va_risk+pr_risk,4,0.35,1.0,0.87,227.5,221.38,67.64181842617775,29.575
ac_risk+rl_risk+va_risk+pr_risk,4,0.4,1.0,0.47,163.0,158.2,82.33358974319047,86.39
ac_risk+rl_risk+va_risk+pr_risk,4,0.45,1.0,0.16,93.5,115.12,82.84253496845687,78.53999999999999
ac_risk+rl_risk+va_risk+pr_risk,4,0.5,1.0,0.04,43.0,61.88,63.16902405451583,41.28
ac_risk+rl_risk+va_risk+pr_risk,4,0.55,1.0,0.01,10.0,19.37,44.913618202055375,9.9
ac_risk+rl_risk+va_risk+pr_risk,4,0.6,1.0,0.0,-15.5,-4.09,30.726566680968446,-15.5
ac_risk+rl_risk+va_risk+pr_risk,4,0.65,1.0,0.0,-27.0,-21.61,23.33147873581955,-27.0
ac_risk+rl_risk+va_risk+pr_risk,4,0.7,1.0,0.0,-35.0,-33.27,16.825489591687962,-35.0
ac_risk+rl_risk+va_risk+pr_risk,4,0.75,1.0,0.0,-42.5,-44.29,13.603892825217347,-42.5
ac_risk+rl_risk+va_risk+pr_risk,4,0.8,1.0,0.0,-56.5,-58.46,17.42723156442239,-56.5
ac_risk+rl_risk+va_risk+pr_risk,4,0.85,1.0,0.0,-77.5,-80.92,22.460934976086815,-77.5
ac_risk+rl_risk+va_risk+pr_risk,4,0.9,1.0,0.0,-120.0,-119.46,24.8517283101196,-120.0
ac_risk+rl_risk+va_risk+bd_risk,4,0.3,1.0,0.46,152.0,162.04,79.91106556666604,82.08000000000001
ac_risk+rl_risk+va_risk+bd_risk,4,0.35,1.0,0.03,70.5,87.41,66.366722836072,68.385
ac_risk+rl_risk+va_risk+bd_risk,4,0.4,1.0,0.0,25.0,32.78,42.174063119410256,25.0
ac_risk+rl_risk+va_risk+bd_risk,4,0.45,1.0,0.0,-10.5,-1.53,30.495066814158648,-10.5
ac_risk+rl_risk+va_risk+bd_risk,4,0.5,1.0,0.0,-26.0,-22.6,18.226903192808155,-26.0
ac_risk+rl_risk+va_risk+bd_risk,4,0.55,1.0,0.0,-33.5,-32.09,14.652027163501984,-33.5
ac_risk+rl_risk+va_risk+bd_risk,4,0.6,1.0,0.0,-41.0,-41.53,11.328243464897813,-41.0
ac_risk+rl_risk+va_risk+bd_risk,4,0.65,1.0,0.0,-51.0,-51.34,13.818986938267217,-51.0
ac_risk+rl_risk+va_risk+bd_risk,4,0.7,1.0,0.0,-62.5,-68.14,17.79383039145872,-62.5
ac_risk+rl_risk+va_risk+bd_risk,4,0.75,1.0,0.0,-99.0,-94.64,22.37521843468796,-99.0
ac_risk+rl_risk+va_risk+bd_risk,4,0.8,1.0,0.0,-137.5,-137.2,20.915544458607812,-137.5
ac_risk+rl_risk+va_risk+bd_risk,4,0.85,0.23,0.0,-174.0,-172.6086956521739,4.660090785034527,-174.0
ac_risk+rl_risk+va_risk+bd_risk,4,0.9,0.0,0.0,,,,
ac_risk+rl_risk+pr_risk+bd_risk,4,0.3,1.0,0.86,247.5,239.48,59.64536528515858,34.650000000000006
ac_risk+rl_risk+pr_risk+bd_risk,4,0.35,1.0,0.42,189.5,187.09,75.14281003529213,109.91000000000001
ac_risk+rl_risk+pr_risk+bd_risk,4,0.4,1.0,0.13,115.0,125.79,73.73185132627555,100.05
ac_risk+rl_risk+pr_risk+bd_risk,4,0.45,1.0,0.02,42.0,52.75,59.74418381733907,41.16
ac_risk+rl_risk+pr_risk+bd_risk,4,0.5,1.0,0.0,-5.5,4.35,36.46186363860191,-5.5
ac_risk+rl_risk+pr_risk+bd_risk,4,0.55,1.0,0.0,-28.0,-19.85,24.67240361213313,-28.0
ac_risk+rl_risk+pr_risk+bd_risk,4,0.6,1.0,0.0,-35.0,-33.83,13.434325438964175,-35.0
ac_risk+rl_risk+pr_risk+bd_risk,4,0.65,1.0,0.0,-41.5,-42.88,9.808445340623559,-41.5
ac_risk+rl_risk+pr_risk+bd_risk,4,0.7,1.0,0.0,-53.5,-53.1,10.366773847248718,-53.5
ac_risk+rl_risk+pr_risk+bd_risk,4,0.75,1.0,0.0,-67.0,-68.09,10.69307719975873,-67.0
ac_risk+rl_risk+pr_risk+bd_risk,4,0.8,1.0,0.0,-91.0,-92.54,13.69556132475044,-91.0
ac_risk+rl_risk+pr_risk+bd_risk,4,0.85,1.0,0.0,-143.5,-144.23,11.953957503688894,-143.5
ac_risk+rl_risk+pr_risk+bd_risk,4,0.9,0.0,0.0,,,,
ac_risk+va_risk+pr_risk+bd_risk,4,0.3,1.0,1.0,288.0,274.27,47.760413524172925,0.0
ac_risk+va_risk+pr_risk+bd_risk,4,0.35,1.0,0.93,238.5,229.56,68.16000586854435,16.69499999999999
ac_risk+va_risk+pr_risk+bd_risk,4,0.4,1.0,0.57,192.0,178.36,83.80388057840759,82.56
ac_risk+va_risk+pr_risk+bd_risk,4,0.45,1.0,0.22,95.5,120.01,83.78597675028918,74.49000000000001
ac_risk+va_risk+pr_risk+bd_risk,4,0.5,1.0,0.06,45.5,67.91,68.47599506396384,42.769999999999996
ac_risk+va_risk+pr_risk+bd_risk,4,0.55,1.0,0.02,10.0,18.24,41.256543723390116,9.8
ac_risk+va_risk+pr_risk+bd_risk,4,0.6,1.0,0.0,-16.0,-6.58,31.099897105939114,-16.0
ac_risk+va_risk+pr_risk+bd_risk,4,0.65,1.0,0.0,-28.0,-23.01,19.407470211235673,-28.0
ac_risk+va_risk+pr_risk+bd_risk,4,0.7,1.0,0.0,-35.0,-33.99,14.29859783335415,-35.0
ac_risk+va_risk+pr_risk+bd_risk,4,0.75,1.0,0.0,-42.0,-45.14,13.659443619708673,-42.0
ac_risk+va_risk+pr_risk+bd_risk,4,0.8,1.0,0.0,-63.0,-69.72,22.712586818766372,-63.0
ac_risk+va_risk+pr_risk+bd_risk,4,0.85,0.59,0.0,-154.0,-149.11864406779662,23.573243052069785,-154.0
ac_risk+va_risk+pr_risk+bd_risk,4,0.9,0.0,0.0,,,,
rl_risk+va_risk+pr_risk+bd_risk,4,0.3,1.0,0.91,207.0,196.5,84.72207504540951,18.629999999999992
rl_risk+va_risk+pr_risk+bd_risk,4,0.35,1.0,0.47,110.5,133.11,93.07383037137775,58.565000000000005
rl_risk+va_risk+pr_risk+bd_risk,4,0.4,1.0,0.12,39.5,63.9,74.23024989854203,34.76
rl_risk+va_risk+pr_risk+bd_risk,4,0.45,1.0,0.02,4.5,10.86,40.95119534274915,4.41
rl_risk+va_risk+pr_risk+bd_risk,4,0.5,1.0,0.0,-22.0,-13.03,29.279499654194915,-22.0
rl_risk+va_risk+pr_risk+bd_risk,4,0.55,1.0,0.0,-31.0,-28.41,16.27150576928884,-31.0
rl_risk+va_risk+pr_risk+bd_risk,4,0.6,1.0,0.0,-37.5,-38.39,11.229332126177408,-37.5
rl_risk+va_risk+pr_risk+bd_risk,4,0.65,1.0,0.0,-46.0,-48.11,13.391710122310743,-46.0
rl_risk+va_risk+pr_risk+bd_risk,4,0.7,1.0,0.0,-60.0,-64.04,18.342802403122594,-60.0
rl_risk+va_risk+pr_risk+bd_risk,4,0.75,1.0,0.0,-94.0,-90.67,22.697160615372134,-94.0
rl_risk+va_risk+pr_risk+bd_risk,4,0.8,1.0,0.0,-137.5,-135.36,21.399775699759097,-137.5
rl_risk+va_risk+pr_risk+bd_risk,4,0.85,0.26,0.0,-173.5,-172.80769230769232,5.015508493043052,-173.5
rl_risk+va_risk+pr_risk+bd_risk,4,0.9,0.0,0.0,,,,
ac_risk+rl_risk+va_risk+pr_risk+bd_risk,5,0.3,1.0,0.92,239.0,230.74,65.35359515742037,19.11999999999999
ac_risk+rl_risk+va_risk+pr_risk+bd_risk,5,0.35,1.0,0.45,171.0,167.23,83.45104612885329,94.05000000000001
ac_risk+rl_risk+va_risk+pr_risk+bd_risk,5,0.4,1.0,0.13,81.0,102.24,78.2322337658845,70.47
ac_risk+rl_risk+va_risk+pr_risk+bd_risk,5,0.45,1.0,0.02,30.5,43.39,51.937249638385744,29.89
ac_risk+rl_risk+va_risk+pr_risk+bd_risk,5,0.5,1.0,0.0,1.5,5.64,31.97890554725099,1.5
ac_risk+rl_risk+va_risk+pr_risk+bd_risk,5,0.55,1.0,0.0,-22.0,-15.76,23.07428005377416,-22.0
ac_risk+rl_risk+va_risk+pr_risk+bd_risk,5,0.6,1.0,0.0,-31.0,-28.56,16.380671536905925,-31.0
ac_risk+rl_risk+va_risk+pr_risk+bd_risk,5,0.65,1.0,0.0,-38.0,-38.63,10.47440213090943,-38.0
ac_risk+rl_risk+va_risk+pr_risk+bd_risk,5,0.7,1.0,0.0,-47.5,-48.97,12.871250910459324,-47.5
ac_risk+rl_risk+va_risk+pr_risk+bd_risk,5,0.75,1.0,0.0,-62.5,-66.86,17.709330873864207,-62.5
ac_risk+rl_risk+va_risk+pr_risk+bd_risk,5,0.8,1.0,0.0,-101.0,-100.01,23.729515376425198,-101.0
ac_risk+rl_risk+va_risk+pr_risk+bd_risk,5,0.85,0.93,0.0,-152.0,-149.90322580645162,17.783080345750566,-152.0
ac_risk+rl_risk+va_risk+pr_risk+bd_risk,5,0.9,0.0,0.0,,,,
