seed,probe_index,true_recovery_time,ac_risk,rl_risk,mean_risk,ac_rl_equal,ac_rl_fitted
0,120,1.0743511113676965,0.3529235884625874,0.08760374515883074,0.2231726692188066,0.22026366681070908,0.13027035680770777
0,170,1.2675745837390786,0.40685556564580194,0.10007034624255984,0.21562946247924283,0.2534629559441809,0.1494050874850681
0,220,1.5044948573296935,0.40822914678258515,0.10040900322585944,0.15879696288945788,0.2543190750042223,0.149910172679665
0,270,1.804454873038303,0.4734677987227398,0.11797024516771681,0.290907413065415,0.2957190219452283,0.17513851374042508
0,320,2.199273117867479,0.49435418079427884,0.12430033616705227,0.22862830942058424,0.30932725848066556,0.1838094308554864
0,370,2.745624788447456,0.4830059439544788,0.12081287944424568,0.2626208181012778,0.30190941169936225,0.17905786644916594
0,420,3.555585707820449,0.528555858207029,0.13557358978224499,0.36024212374945314,0.332064723994637,0.19876984989980703
0,470,4.886657343860002,0.7447004623934937,0.2533099983584448,0.4801403908548775,0.4990052303759693,0.33233147611855945
1,120,1.0743511113676965,0.2088614323153487,0.06002097432310172,0.17692953630660685,0.1344412033192252,0.08395630437501073
1,170,1.2675745837390786,0.22857675492176832,0.06345647881918393,0.18724737654695478,0.14601661687047612,0.09000979879743588
1,220,1.5044948573296935,0.2672231218735316,0.0704388399620991,0.1567613483685431,0.16883098091781534,0.10208411168535186
1,270,1.804454873038303,0.26660623192337796,0.07032435369951451,0.19205488063419243,0.16846529281144623,0.10188883288662844
1,320,2.199273117867479,0.30176536289624467,0.07703534066506112,0.29865229052771936,0.1894003517806529,0.1131746224654196
1,370,2.745624788447456,0.41472445526883994,0.10202614304321433,0.20901099156874398,0.25837529915602714,0.15231178050198318
1,420,3.555585707820449,0.5171048320607213,0.13166389568643166,0.24940677916332055,0.3243843638735765,0.19364741919934672
1,470,4.886657343860002,0.7627109518181762,0.26963178901398555,0.4773682695004034,0.5161713704160809,0.34892482978151695
2,120,1.0743511113676965,0.28863853195587375,0.07448345011223068,0.13896041444517404,0.1815609910340522,0.1089221547182605
2,170,1.2675745837390786,0.3274240019474487,0.08220308841133528,0.16300272471574478,0.204813545179392,0.12163755119310966
2,220,1.5044948573296935,0.25377149222703266,0.06796613135046692,0.2067496464116906,0.1608688117887498,0.09784586094808964
2,270,1.804454873038303,0.4965533153649684,0.12498993536431491,0.4543518229193088,0.31077162536464165,0.1847417814381948
2,320,2.199273117867479,0.658655562081367,0.19321634841476054,0.31835410847288576,0.42593595524806377,0.2680645539933239
2,370,2.745624788447456,0.6322939475597211,0.1790828103883756,0.333825110953388,0.40568837897404836,0.251964594667501
2,420,3.555585707820449,0.6752376470492584,0.20296714405439964,0.3590978274950474,0.439102395551829,0.2789139028553692
2,470,4.886657343860002,0.7846362034925966,0.291940881186873,0.5186492826418861,0.5382885423397348,0.37117219580049415
3,120,1.0743511113676965,0.21755751369277299,0.06152740430143511,0.1678216341621494,0.13954245899710405,0.08661891649304417
3,170,1.2675745837390786,0.35436020588833794,0.08791662074435935,0.19420135020764864,0.22113841331634865,0.1307639435533717
3,220,1.5044948573296935,0.5018838643840704,0.12668065131396344,0.21081788189880016,0.3142822578490169,0.1870178261823554
3,270,1.804454873038303,0.5539036520489143,0.14476713411539355,0.29685146016460384,0.34933539308215394,0.21056119122275418
3,320,2.199273117867479,0.5665936419417953,0.1496752989554757,0.29303368538703856,0.3581344704486355,0.21672076682545746
3,370,2.745624788447456,0.611183789593468,0.16881695469207203,0.33218638778755744,0.39000037214277,0.23995484515687288
3,420,3.555585707820449,0.7021914357333823,0.22048324069302772,0.3361842171815512,0.461337338213205,0.29794769352077183
3,470,4.886657343860002,0.8071711852069908,0.31824885953565585,0.4135065572050813,0.5627100223713233,0.3968734310570625
4,120,1.0743511113676965,0.27854478855754683,0.07255965139048814,0.2409629813628368,0.1755522199740175,0.10568453094533417
4,170,1.2675745837390786,0.45779789279094985,0.11346520210395661,0.24436329666673373,0.2856315474474532,0.1688380268750574
4,220,1.5044948573296935,0.42393557149107575,0.10436520087890733,0.22147246061736608,0.26415038618499154,0.15575594771342438
4,270,1.804454873038303,0.4737106225977792,0.11804164502280923,0.24939978654844727,0.2958761338102942,0.17523748063307976
4,320,2.199273117867479,0.5887951313409452,0.1588115861231154,0.3908959326510556,0.3738033587320303,0.2279580951469911
4,370,2.745624788447456,0.5696921104613156,0.1509071281351536,0.29838231320435715,0.3602996192982346,0.2182527739896007
4,420,3.555585707820449,0.6902038497822537,0.212418724893094,0.4730801510638153,0.45131128733767384,0.28925230100793164
4,470,4.886657343860002,0.7775467427137711,0.2844047905879321,0.4579708405696315,0.5309757666508517,0.3637079286311482
5,120,1.0743511113676965,0.32486460244921056,0.08167620539383236,0.2100770866200768,0.20327040392152146,0.12078381515823108
5,170,1.2675745837390786,0.36938132822247094,0.09124705684109857,0.28911910433051424,0.23031419253178476,0.13597438215346191
5,220,1.5044948573296935,0.3988481644763501,0.09811862687380568,0.23357661785812675,0.24848339567507788,0.14647954188288087
5,270,1.804454873038303,0.4848311728692606,0.12136591818947917,0.22686590588934114,0.3030985455293699,0.17981548862559604
5,320,2.199273117867479,0.6168154076961663,0.17147203410420953,0.35275518155904273,0.3941437209001879,0.24308858767534508
5,370,2.745624788447456,0.7205169946608081,0.23376158958847015,0.4392947844146544,0.4771392921246391,0.3120376942989512
5,420,3.555585707820449,0.782920082092672,0.2900865914188133,0.389638507027915,0.5365033367557427,0.36934012516249265
5,470,4.886657343860002,0.6414149866696927,0.18379696452128957,0.4208491989590322,0.4126059755954911,0.2573874287376412
6,120,1.0743511113676965,0.3555844941175784,0.08818401398759956,0.26203591264047793,0.221884254052589,0.13118521698230798
6,170,1.2675745837390786,0.40939090752876084,0.10069633375031739,0.18848089137148719,0.2550436206395391,0.1503381220670753
6,220,1.5044948573296935,0.5271670672218239,0.13509172960042948,0.29815176322660575,0.3311293984111267,0.19814214437186595
6,270,1.804454873038303,0.6166782561255894,0.17140667367634121,0.35411694199188937,0.3940424649009653,0.2430116823710452
6,320,2.199273117867479,0.5416885754392654,0.1402398610083342,0.30565938329915654,0.3409642182237998,0.2047976271455455
6,370,2.745624788447456,0.5700886770611624,0.1510657637220495,0.3042832726082298,0.36057722039160595,0.21844967173586766
6,420,3.555585707820449,0.5967644129425452,0.16227631829122058,0.31070923278407925,0.3795203656168829,0.2321472128677896
6,470,4.886657343860002,0.759332612776954,0.26644259017028726,0.4771097306967773,0.5128876014736206,0.34570521492650774
7,120,1.0743511113676965,0.2759822214758727,0.07207628858522797,0.16755161158619117,0.17402925503055033,0.1048668071654262
7,170,1.2675745837390786,0.26388544475178677,0.06982069111056877,0.16788562036552862,0.16685306793117777,0.1010286300843048
7,220,1.5044948573296935,0.4034148234463597,0.09922703057415228,0.2808674778322568,0.251320927010256,0.1481440744906476
7,270,1.804454873038303,0.5979956024054973,0.16282087056775496,0.33626423927646293,0.38040823648662614,0.23280218463580177
7,320,2.199273117867479,0.5920847445911728,0.16022931899749815,0.36090622660425414,0.37615703179433546,0.2296768488272617
7,370,2.745624788447456,0.5500678551423119,0.14332527691768493,0.29006549059480824,0.34669656602999843,0.20873435981957972
7,420,3.555585707820449,0.5918579934400248,0.1601310387342334,0.26940344052481213,0.3759945160871291,0.22955790890502364
7,470,4.886657343860002,0.6916072915899443,0.2133392580639425,0.3787256893569407,0.4524732748269434,0.29025049167704137
8,120,1.0743511113676965,0.2895232495283051,0.07465362532256958,0.19262861881947066,0.18208843742543734,0.10920723690687303
8,170,1.2675745837390786,0.2694109506914091,0.07084574537343857,0.15596275578276952,0.17012834803242383,0.10277741093145687
8,220,1.5044948573296935,0.4647345430184001,0.11543493014498518,0.2957300912399313,0.29008473658169265,0.17160649555070795
8,270,1.804454873038303,0.5216774764474418,0.1332079858146773,0.2841288265119262,0.32744273113105954,0.19567853716084777
8,320,2.199273117867479,0.5736823554374625,0.15251355525899168,0.3908763731400128,0.3630979553482271,0.22024254760301765
8,370,2.745624788447456,0.6566424867717204,0.19208031030655937,0.33462921877633267,0.4243613985391399,0.2667874777885758
8,420,3.555585707820449,0.6532066456296028,0.19016405194889396,0.3983272774164049,0.4216853487892484,0.2646268523013161
8,470,4.886657343860002,0.649252002800508,0.18799312583060535,0.30843863050007564,0.41862256431555667,0.2621690831514475
9,120,1.0743511113676965,0.11580025357774626,0.044328431539801705,0.22264214879371505,0.08006434255877398,0.055821957379252
9,170,1.2675745837390786,0.1930185623190308,0.057307611059694286,0.13463391353729523,0.12516308668936255,0.07913155902295545
9,220,1.5044948573296935,0.34820593697885593,0.08658299507092448,0.22829938345196474,0.2173944660248902,0.12865510065423263
9,270,1.804454873038303,0.63994989170843,0.18302769541859454,0.4578686072865358,0.41148879356351226,0.2565062624948262
9,320,2.199273117867479,0.7010104623203498,0.21966798768389084,0.33646031632737833,0.4603392250021203,0.29707362828616857
9,370,2.745624788447456,0.6739630353903133,0.2021917532641455,0.3992798747384536,0.4380773943272294,0.27805823136440977
9,420,3.555585707820449,0.7258446355020556,0.23785778368175636,0.3455827847515778,0.48185120959190597,0.3163319197927813
9,470,4.886657343860002,0.7621661714420765,0.26911331987904963,0.44799557666541306,0.515639745660563,0.34840212948356375
10,120,1.0743511113676965,0.324007893943436,0.08150042946138836,0.2516530820708637,0.20275416170241217,0.12049853710448474
10,170,1.2675745837390786,0.3981616302039923,0.09795305060384019,0.35138510339905554,0.24805734040391625,0.14623018932051046
10,220,1.5044948573296935,0.5247662991328317,0.1342638246012352,0.3115547332938413,0.32951506186703344,0.19706130413121506
10,270,1.804454873038303,0.5841763675798827,0.15684986680971968,0.2829884770674272,0.3705131171948012,0.22556909123184546
10,320,2.199273117867479,0.6289240942435524,0.17738525764814905,0.4038970367470681,0.40315467594585075,0.24999811594591753
10,370,2.745624788447456,0.6083157419947285,0.1674870126614032,0.29522843961693734,0.38790137732806584,0.23837755731093943
10,420,3.555585707820449,0.5691564806460117,0.15069321756631437,0.4177599577683777,0.359924849106163,0.21798712710892754
10,470,4.886657343860002,0.6596501469577637,0.19378130039132535,0.36746403612525,0.4267157236745445,0.2686985960909308
11,120,1.0743511113676965,0.2851553571052643,0.07381592967526429,0.24762643817014082,0.1794856433902643,0.10780184329548453
11,170,1.2675745837390786,0.41405751440345495,0.10185888480809147,0.21761042977963294,0.2579581996057732,0.1520641673093584
11,220,1.5044948573296935,0.514471387647478,0.13078471635755773,0.26624926055207354,0.3226280520025179,0.19248613301351117
11,270,1.804454873038303,0.5581645041678502,0.14639111862962484,0.42782003560788534,0.35227781139873754,0.21260921566049257
11,320,2.199273117867479,0.5606712319496023,0.1473577463994139,0.27853107346135636,0.3540144891745081,0.21382350997603497
11,370,2.745624788447456,0.5268353802567052,0.13497696572158147,0.3181134400498531,0.3309061729891433,0.19799249666011517
11,420,3.555585707820449,0.5848897857003346,0.15715070681766585,0.2281891766592969,0.3710202462590002,0.22593627874656652
11,470,4.886657343860002,0.6405547234507103,0.1833447022579715,0.4230478760886527,0.4119497128543409,0.2568695550292426
12,120,1.0743511113676965,0.47202991224055457,0.11754846718832734,0.2172739378883895,0.29478918971444096,0.17455333333194448
12,170,1.2675745837390786,0.3389449337049043,0.08460826551521972,0.18742072106531363,0.211776599610062,0.12550865093152952
12,220,1.5044948573296935,0.4521344058916785,0.1118848839469736,0.2866422294290413,0.28200964491932606,0.1666010862323427
12,270,1.804454873038303,0.5357155972167076,0.13809258167264848,0.3628479739831473,0.33690408944467803,0.2020351295636134
12,320,2.199273117867479,0.5426206096283354,0.14057878324373851,0.2623548985570883,0.34159969643603694,0.20523192889375313
12,370,2.745624788447456,0.5315702556115685,0.13662697125959256,0.2737681890019777,0.3340986134355805,0.20013858624832032
12,420,3.555585707820449,0.6358972436027442,0.18092399119028557,0.3420590421934914,0.4084106173965149,0.2540891447256903
12,470,4.886657343860002,0.796762427542786,0.305624659996813,0.46572176802982357,0.5511935437697995,0.38460550113197645
13,120,1.0743511113676965,0.344275017741839,0.08574016914014981,0.23454358562284297,0.2150075934409944,0.1273156722975245
13,170,1.2675745837390786,0.3260378245161015,0.08191739939779341,0.30457325660146484,0.20397761195694747,0.12117489044853585
13,220,1.5044948573296935,0.5186543805420601,0.13218463980838413,0.3361365161745321,0.32541951017522214,0.19433360739633715
13,270,1.804454873038303,0.5152966420691535,0.13105944495135102,0.30130044195676237,0.32317804351025226,0.1928493927605286
13,320,2.199273117867479,0.469614004800778,0.11684369817822671,0.2814724783761503,0.29322885148950234,0.17357339274799036
13,370,2.745624788447456,0.6292684724252936,0.17755767282324098,0.42820841941888554,0.4034130726242673,0.25019818483409517
13,420,3.555585707820449,0.5906232859050093,0.15959733390675224,0.27623208274358413,0.3751103099058808,0.22891147443804494
13,470,4.886657343860002,0.6860273511944935,0.2097149258692278,0.3456945140785372,0.44787113853186067,0.2863116742384068
14,120,1.0743511113676965,0.2995662860293288,0.07660372403429849,0.2420022122551871,0.18808500503181363,0.11245877703909549
14,170,1.2675745837390786,0.29717230701326125,0.0761357657477929,0.14117025050828585,0.18665403638052708,0.11168109152875076
14,220,1.5044948573296935,0.4095285118654943,0.10073042125888021,0.2917954067156304,0.25512946656218727,0.15038885632264237
14,270,1.804454873038303,0.530832962683343,0.13636836987477674,0.2430585176746917,0.3336006662790599,0.19980300552442476
14,320,2.199273117867479,0.5523211976395922,0.14417001221364611,0.3252185933498807,0.34824560492661916,0.20980561604091202
14,370,2.745624788447456,0.6268669671979669,0.176360331577046,0.26964570993390735,0.40161364938750643,0.248807199583348
14,420,3.555585707820449,0.7436816833120404,0.2524346178444924,0.41631461803496583,0.4980581505782664,0.33143303539578745
14,470,4.886657343860002,0.7144589041343868,0.2292369754401139,0.35444876713168627,0.47184793978725037,0.3072664787645813
15,120,1.0743511113676965,0.5128467152117517,0.1302459351960943,0.27211774920607723,0.321546325203923,0.1917727275166985
15,170,1.2675745837390786,0.4917321032510499,0.12348404558692272,0.2148105919797511,0.3076080744189863,0.18270274808261397
15,220,1.5044948573296935,0.35178492591113253,0.08735643982002983,0.19597724912345657,0.21957068286558118,0.12987971054287897
15,270,1.804454873038303,0.5769364914118628,0.15384069003806955,0.44855558251040284,0.36538859072496616,0.22187956727658348
15,320,2.199273117867479,0.6997898468377793,0.21883025225328057,0.35085349866502213,0.45931004954552995,0.29617432115296094
15,370,2.745624788447456,0.7064926715985728,0.22349242915763678,0.315191391957398,0.4649925503781048,0.30116465869739045
15,420,3.555585707820449,0.6793032482570915,0.2054705966836219,0.39994271653559077,0.4423869224703567,0.2816685677041959
15,470,4.886657343860002,0.6138924011171604,0.1700866532406229,0.26919547540313776,0.39198952717889163,0.24145593816255298
16,120,1.0743511113676965,0.31450906468667883,0.07957080268304728,0.2678133130329125,0.19703993368486306,0.11735169182255606
16,170,1.2675745837390786,0.48906200229084007,0.12265935237261139,0.26902726234796764,0.3058606773317257,0.18158129117868319
16,220,1.5044948573296935,0.5652750817696406,0.14915515627444842,0.33744719528043365,0.3572151190220445,0.21607222903985218
16,270,1.804454873038303,0.4748841662990232,0.11838741680396714,0.27286653514104275,0.29663579155149516,0.17571636806291427
16,320,2.199273117867479,0.37033421287585366,0.09146207033597464,0.26594891177173785,0.23089814160591415,0.13630805417675745
16,370,2.745624788447456,0.6246063242761261,0.17524376574134615,0.3707911070362234,0.3999250450087361,0.24750665243617542
16,420,3.555585707820449,0.701954008113945,0.2203189637522649,0.28920341752068335,0.46113648593310497,0.2977716530738951
16,470,4.886657343860002,0.7177153258365258,0.23165185784328124,0.45493125096383,0.4746835918399035,0.30981669077600327
17,120,1.0743511113676965,0.1647762999696969,0.052544010683447495,0.18652594741293263,0.1086601553265722,0.07059230832230345
17,170,1.2675745837390786,0.13351211806118268,0.047313469447563206,0.1146731006808801,0.09041279375437294,0.06117524555620016
17,220,1.5044948573296935,0.37624835276365576,0.09280692150160541,0.2556629496950603,0.23452763713263058,0.138387701748842
17,270,1.804454873038303,0.45316492878689374,0.11217060754795105,0.19087027578997254,0.2826677681674224,0.16700658248902472
17,320,2.199273117867479,0.5680317718342087,0.15024536747556383,0.441038839817056,0.3591385696548863,0.21743043002116128
17,370,2.745624788447456,0.8154678563870426,0.328954647048713,0.5758085631865927,0.5722112517178778,0.4071918037815484
17,420,3.555585707820449,0.8209527137417545,0.3363721562615507,0.43418928427118886,0.5786624350016526,0.4142985194055751
17,470,4.886657343860002,0.7252880475203987,0.237424572407827,0.42008454425954184,0.4813563099641128,0.3158788680651204
18,120,1.0743511113676965,0.19613621042259877,0.05783870936772362,0.1334263409640319,0.1269874598951612,0.0800786055475318
18,170,1.2675745837390786,0.35443229135875276,0.08793234529580307,0.2563128836506233,0.22118231832727792,0.13078873161628132
18,220,1.5044948573296935,0.4949396648774351,0.12448348488076544,0.3348027478812082,0.3097115748791003,0.18405727992009258
18,270,1.804454873038303,0.5390413838614813,0.13928295673083824,0.23669398966532168,0.33916217029615975,0.20356890440578002
18,320,2.199273117867479,0.6340883370993573,0.17999629165955466,0.3642232781831602,0.407042314379456,0.2530197365492116
18,370,2.745624788447456,0.7286837034440082,0.2400870929770168,0.410952762639831,0.4843853982105125,0.3186592855886563
18,420,3.555585707820449,0.7532028785668747,0.2608101501091096,0.3420811675499895,0.5070065143379922,0.33999280400426574
18,470,4.886657343860002,0.6772566483650562,0.20420457991409224,0.3495482349651695,0.4407306141395742,0.2802770238103739
19,120,1.0743511113676965,0.4382496319574535,0.10811201241488066,0.30197248539206256,0.27318082218616707,0.16120209956520815
19,170,1.2675745837390786,0.4467230759589559,0.1103976487383429,0.2035884233502563,0.2785603623486494,0.1644828095472004
19,220,1.5044948573296935,0.3957812870701354,0.0973810794390767,0.24796937715506812,0.24658118325460604,0.14536741026304933
19,270,1.804454873038303,0.5011501194650197,0.1264462953932184,0.22876277006822923,0.31379820742911907,0.18670316252364733
19,320,2.199273117867479,0.5670761572133078,0.14986624403225535,0.32110430832372955,0.3584712006227816,0.2169585998851039
19,370,2.745624788447456,0.612587040841689,0.16947307320616511,0.38378818472865933,0.39103005702392707,0.2407311115717798
19,420,3.555585707820449,0.6570687646521646,0.19232004466936115,0.36818071785545936,0.42469440466076286,0.26705721058543275
19,470,4.886657343860002,0.7591424830349568,0.2662649300306559,0.3645110219174697,0.5127037065328064,0.34552554952532133
20,120,1.0743511113676965,0.33402176582104126,0.08357366884899675,0.18094003069002904,0.208797717335019,0.12384872539451379
20,170,1.2675745837390786,0.4159079572464601,0.10232363678908707,0.19771829683352865,0.2591157970177736,0.1527517549936266
20,220,1.5044948573296935,0.42119217689121413,0.10366281439121139,0.2878157500673503,0.26242749564121276,0.15472534265221496
20,270,1.804454873038303,0.5472929302154859,0.14229384249847232,0.18534360884139664,0.3447933863569791,0.20742255122452122
20,320,2.199273117867479,0.5589584505819759,0.1466963677172407,0.34779723603282026,0.3528274091496083,0.21299305313706723
20,370,2.745624788447456,0.6342786196539947,0.180093554238289,0.41350421678915267,0.40718608694614183,0.25313195785526166
20,420,3.555585707820449,0.6860199306667952,0.20971016874448978,0.4662900156242792,0.4478650497056425,0.28630648880654197
20,470,4.886657343860002,0.7842690840305471,0.29154255619398195,0.414348211033763,0.5379058201122645,0.3707788890310768
21,120,1.0743511113676965,0.31707481054037623,0.0800885755585865,0.28051433827178884,0.19858169304948137,0.1181988033055602
21,170,1.2675745837390786,0.4565178893366926,0.1131058724576669,0.2583645995572447,0.28481188089717974,0.1683306418427449
21,220,1.5044948573296935,0.524338535140215,0.1341169799487656,0.2882332364013833,0.3292277575444903,0.19686928428098616
21,270,1.804454873038303,0.5704043022810081,0.15119218042792792,0.23419591495957146,0.36079824135446803,0.21860651543916015
21,320,2.199273117867479,0.5515636924514594,0.14388531494951595,0.2752525372736369,0.3477245037004877,0.20944488559423985
21,370,2.745624788447456,0.7236424229556009,0.23615098480204455,0.5062884140226681,0.4798967038788227,0.3145454524560809
21,420,3.555585707820449,0.821028920389439,0.33647721453462287,0.5270197279712633,0.5787530674620309,0.4143989379913908
21,470,4.886657343860002,0.8769552650325532,0.432340267777789,0.46073407232629293,0.6546477664051711,0.5038396897016031
22,120,1.0743511113676965,0.3889187746917032,0.0957501522258476,0.17759808169245042,0.2423344634587754,0.14289518143523955
22,170,1.2675745837390786,0.4360980642733986,0.10753981623196662,0.1692777272693618,0.2718189402526826,0.16037592151026603
22,220,1.5044948573296935,0.4457695497540859,0.11013783953316858,0.16045762405800565,0.27795369464362724,0.16411144233169528
22,270,1.804454873038303,0.4637574634424536,0.11515515922775377,0.26427924237626427,0.2894563113351037,0.17121458904131603
22,320,2.199273117867479,0.5802589101809356,0.15521180805792856,0.4126029459601549,0.36773535911943206,0.22356447785051672
22,370,2.745624788447456,0.6672931425980965,0.19820590536794513,0.42905847313798356,0.4327495239830208,0.273640756870664
22,420,3.555585707820449,0.6042445040853824,0.1656242401563759,0.31357956895703876,0.38493437212087916,0.23615963709222165
22,470,4.886657343860002,0.8416749016965716,0.36715916666124837,0.6176405528636874,0.6044170341789099,0.44346698569178566
23,120,1.0743511113676965,0.421115184922903,0.10364317316852767,0.19401694651313026,0.26237917904571534,0.15469647874207226
23,170,1.2675745837390786,0.5029856349949285,0.12703354215313034,0.20118527542758907,0.31500958857402944,0.18749114586692106
23,220,1.5044948573296935,0.4425370197438061,0.10926201448683115,0.284941073449163,0.2758995171153186,0.16285663087327715
23,270,1.804454873038303,0.654647459966797,0.19096417950299116,0.40647660029224253,0.42280581973489406,0.26553000997115056
23,320,2.199273117867479,0.7638172887320139,0.27068971547695486,0.33491253236823065,0.5172535021044844,0.34999054122536527
23,370,2.745624788447456,0.6833720205215656,0.20802308349285714,0.3449308267210072,0.4456975520072114,0.28446489139295716
23,420,3.555585707820449,0.5662127991978896,0.14952481735463596,0.37613705086953697,0.3578688082762628,0.21653324039107721
23,470,4.886657343860002,0.7417008974794981,0.2507464595410741,0.43113893868900705,0.4962236785102861,0.32969781907745616
24,120,1.0743511113676965,0.27985606187877965,0.07280776514244025,0.1571802849047708,0.17633191351060995,0.10610361350195029
24,170,1.2675745837390786,0.24413993547302382,0.0662245641893261,0.14914425389869326,0.15518224983117496,0.09483548886953005
24,220,1.5044948573296935,0.42180133461179037,0.1038183510317845,0.3201671888160072,0.26280984282178743,0.15495382700078925
24,270,1.804454873038303,0.554052407950127,0.14482343179250856,0.2586648956482699,0.3494379198713178,0.21063235729076
24,320,2.199273117867479,0.6397286420096651,0.18291193218429191,0.37993510852202944,0.4113202870969785,0.2563735357723903
24,370,2.745624788447456,0.576096971308472,0.15349682353412042,0.3178690562216385,0.36479689742129623,0.2214559937315913
24,420,3.555585707820449,0.7107275823703583,0.2265179746544398,0.4212217031173296,0.46862277851239903,0.3043846846291538
24,470,4.886657343860002,0.7008988668569078,0.21959119173725972,0.3713261604611945,0.4602450292970838,0.2969912361600326
25,120,1.0743511113676965,0.4840562149170454,0.12113074594594153,0.3050875896221429,0.3025934804314935,0.1794935123687627
25,170,1.2675745837390786,0.3802167746100166,0.09371950636016946,0.25348781551540667,0.23696814048509302,0.13979170183062145
25,220,1.5044948573296935,0.46307415596704493,0.1149599612053337,0.2460061443539662,0.2890170585861893,0.17094089716704725
25,270,1.804454873038303,0.4728905137623469,0.1178007001448299,0.31307741502823083,0.2953456069535884,0.17490339924730675
25,320,2.199273117867479,0.4624663458790521,0.11478664446888032,0.19970207463183112,0.2886264951739662,0.17069770869064665
25,370,2.745624788447456,0.6186380651103102,0.17234399784429344,0.38161427079412924,0.3954910314773018,0.24411343435581923
25,420,3.555585707820449,0.5978206858962459,0.16274335129972917,0.30026793981338973,0.38028201859798755,0.23270900272371853
25,470,4.886657343860002,0.6171470402524278,0.17163022164858133,0.3929362139374878,0.3943886309505046,0.24327466725701263
26,120,1.0743511113676965,0.3001732559477519,0.07672268604888477,0.1647303503705669,0.18844797099831834,0.11265621657520943
26,170,1.2675745837390786,0.33351687334259617,0.08346814689856108,0.2779223194823639,0.20849251012057862,0.12367897987523227
26,220,1.5044948573296935,0.3448679643640149,0.0858668602916638,0.18629423275391083,0.21536741232783935,0.12751734291852776
26,270,1.804454873038303,0.4348412871593057,0.10720708510951149,0.2506897904041104,0.2710241861344086,0.1598945927142258
26,320,2.199273117867479,0.4644051943207763,0.11534054054256482,0.25899774747111737,0.28987286743167057,0.1714743217089198
26,370,2.745624788447456,0.5504802114558283,0.14347937808349043,0.2858091751121215,0.34697979476965934,0.20892999150928607
26,420,3.555585707820449,0.5020180632738928,0.1267235708800819,0.2488277188770894,0.31437081707698733,0.18707542455804782
26,470,4.886657343860002,0.7496421177558752,0.25762614436030795,0.5313127307431067,0.5036341310580916,0.3367482115246513
27,120,1.0743511113676965,0.20932386274185888,0.06010075372507995,0.19092002834269,0.1347123082334694,0.08409761864923015
27,170,1.2675745837390786,0.33319576621632674,0.08340109149344133,0.14327962163038088,0.20829842885488403,0.1235710699075964
27,220,1.5044948573296935,0.4816472517612498,0.12040311796918957,0.3475155970695547,0.3010251848652197,0.1784955055381618
27,270,1.804454873038303,0.5244199359107453,0.13414490802286727,0.2813156592942024,0.3292824219668063,0.19690581140574281
27,320,2.199273117867479,0.5588730469986007,0.14666349231087739,0.22779431505779027,0.35276826965473906,0.21295173057009473
27,370,2.745624788447456,0.6250363362704258,0.17545537467215033,0.30292577240210417,0.40024585547128805,0.24775338319796314
27,420,3.555585707820449,0.720950107657392,0.2340904285727221,0.43928996335747106,0.47752026811505704,0.3123833017944982
27,470,4.886657343860002,0.7327795579271459,0.24336207913820485,0.39277078145074207,0.48807081853267537,0.3220662772171753
28,120,1.0743511113676965,0.3257682359538502,0.0818619277313698,0.15359179101083578,0.20381508184261,0.1210849862182754
28,170,1.2675745837390786,0.4913975843505254,0.12338036516327389,0.2189786564267801,0.30738897475689964,0.18256194606442538
28,220,1.5044948573296935,0.4850606544017493,0.12143566067665945,0.27603677470825316,0.30324815753920437,0.1799109190663288
28,270,1.804454873038303,0.43745274499390696,0.10789970531435822,0.2659626225055163,0.2726762251541326,0.16089578501434643
28,320,2.199273117867479,0.5494078564693134,0.14307907785661655,0.2802323754571356,0.346243467162965,0.20842161681998478
28,370,2.745624788447456,0.47846970639082886,0.11945113927029904,0.2517234725861813,0.29896042283056395,0.1771856290367908
28,420,3.555585707820449,0.5967248736645238,0.16225887197241928,0.3752407277241837,0.3794918728184715,0.23212621373627937
28,470,4.886657343860002,0.6824486030154193,0.2074395877798133,0.32201491281286626,0.4449440953976163,0.28382673218035487
29,120,1.0743511113676965,0.3088607066375193,0.07843968461472739,0.19146799558103844,0.19365019562612334,0.11549414740938638
29,170,1.2675745837390786,0.17504260825595497,0.054267431867056626,0.12601441175719136,0.1146550200615058,0.07368952817031034
29,220,1.5044948573296935,0.2836734936125902,0.07353312234462173,0.17300048004377236,0.17860330797860596,0.10732621335883724
29,270,1.804454873038303,0.32629919983290523,0.08197120903452015,0.20410366058138943,0.2041352044337127,0.12126207913506606
29,320,2.199273117867479,0.4685066410947172,0.11652227585079544,0.3426783665857833,0.2925144584727563,0.17312558162444341
29,370,2.745624788447456,0.7506513024498053,0.258522153025476,0.5104276282081358,0.5045867277376406,0.3376624202520801
29,420,3.555585707820449,0.6773225436512859,0.2042451585266426,0.3444292851811508,0.44078385108896423,0.28032167364756644
29,470,4.886657343860002,0.6013774303955216,0.16432975038413744,0.4042809388916271,0.3828535903898295,0.23461225697275934
30,120,1.0743511113676965,0.3976097171360564,0.09782014028739561,0.23400742362650623,0.247714928711726,0.1460298983383189
30,170,1.2675745837390786,0.38661559180202776,0.09520868188124021,0.18922854698278832,0.24091213684163398,0.14207040659270467
30,220,1.5044948573296935,0.39856102706994534,0.0980493425953789,0.24975659804443748,0.24830518483266212,0.14637522420969484
30,270,1.804454873038303,0.5306538250589439,0.1363056320195981,0.22009189429834777,0.333479728539271,0.1997215491908711
30,320,2.199273117867479,0.7055395674419354,0.22282016011849104,0.37920662541115907,0.4641798637802132,0.30044722800449813
30,370,2.745624788447456,0.6891743858370862,0.2117473445552739,0.3463304205199197,0.45046086519618006,0.2885233365330856
30,420,3.555585707820449,0.7698288636141433,0.2765585816517191,0.5460333005296983,0.5231937226329312,0.35588235667116874
30,470,4.886657343860002,0.7919938821736281,0.300118596311877,0.41013696008829725,0.5460562392427526,0.37921803923411906
31,120,1.0743511113676965,0.41206821469653065,0.10136165459033752,0.3202010655932813,0.2567149346434341,0.15132699442974074
31,170,1.2675745837390786,0.4494964922039605,0.11115715130716297,0.2831410707097969,0.28032682175556173,0.16556617357940054
31,220,1.5044948573296935,0.4620180961106204,0.11465901526368494,0.22827964110894383,0.28833855568715266,0.17051851985505234
31,270,1.804454873038303,0.35547588224842896,0.08816026399089738,0.16855082145175918,0.22181807311966317,0.13114782017913093
31,320,2.199273117867479,0.50090691234186,0.126368731501607,0.29397377132750363,0.3136378219217335,0.18659896121455244
31,370,2.745624788447456,0.6907488448287452,0.21277547008418818,0.4529713740722385,0.4517621574564667,0.2896393190326488
31,420,3.555585707820449,0.7277657635416224,0.23936270010303606,0.4087686657565679,0.4835642318223292,0.3179037680321266
31,470,4.886657343860002,0.7305934167452166,0.24160531729885315,0.46447000508976144,0.4860993670220349,0.3202404660318279
32,120,1.0743511113676965,0.3592039230076107,0.08897865679820982,0.20282212111894715,0.22409128990291027,0.13243411926006207
32,170,1.2675745837390786,0.45692567258334715,0.11322020945761091,0.3655776590986828,0.28507294102047903,0.16849216851720522
32,220,1.5044948573296935,0.3196664815674617,0.08061414618045193,0.19027122320566742,0.2001403138739568,0.11905662764248676
32,270,1.804454873038303,0.5235573031393409,0.13384931475379636,0.47039104854617914,0.32870330894656863,0.19651903138661814
32,320,2.199273117867479,0.6715633889738107,0.200744010134701,0.3125358316262544,0.43615369955425587,0.2764574107743032
32,370,2.745624788447456,0.7465639803023957,0.25492388112334474,0.49314282547433946,0.5007439307128703,0.33398550320742104
32,420,3.555585707820449,0.7184231788299573,0.23218205967593974,0.35164309823501777,0.47530261925294853,0.31037546104512437
32,470,4.886657343860002,0.7335167066487759,0.24395902261757108,0.37624040437582346,0.4887378646331735,0.3226857673803791
33,120,1.0743511113676965,0.0734207268991296,0.03687928928636908,0.10326044041967816,0.055150008092749336,0.04275559053960914
33,170,1.2675745837390786,0.4286972408730544,0.10559613681273516,0.34454056240058367,0.2671466888428948,0.15755466791469386
33,220,1.5044948573296935,0.5167802013680828,0.13155512251176615,0.2612312001153342,0.32416766193992447,0.19350393354793555
33,270,1.804454873038303,0.5029048954894625,0.12700764132675457,0.33574032803487663,0.31495626840810853,0.1874564263235019
33,320,2.199273117867479,0.5693470028707902,0.15076925856030243,0.3311776363536231,0.3600581307155463,0.21808157805731027
33,370,2.745624788447456,0.6405694139813845,0.18335241184755036,0.29597431076964414,0.4119609129144674,0.2568783872378421
33,420,3.555585707820449,0.7372533454711594,0.24702111462108578,0.4568665728314764,0.4921372300461226,0.3258563345993216
33,470,4.886657343860002,0.7854950596512392,0.292876273111387,0.42597644034892623,0.539185666381313,0.3720952798562901
34,120,1.0743511113676965,0.2898187259803042,0.07471051723839217,0.14900214679331275,0.1822646216093482,0.10930249607643631
34,170,1.2675745837390786,0.4811565582724182,0.12025553191372429,0.24589877859786108,0.30070604509307125,0.17829274369399184
34,220,1.5044948573296935,0.530150176667558,0.13612943920779852,0.23429288258154984,0.3331398079376783,0.1994926975961004
34,270,1.804454873038303,0.48933093579591636,0.12274211912102351,0.19234866675571577,0.30603652745846993,0.18169399577346823
34,320,2.199273117867479,0.4960365501764745,0.12482747826715967,0.24942384742749554,0.3104320142218171,0.1845223473522514
34,370,2.745624788447456,0.6811831518556133,0.2066439913513214,0.4159229773033988,0.44391357160346734,0.28295557747811023
34,420,3.555585707820449,0.725919089999241,0.23791582879934836,0.31665187636082087,0.4819174593992947,0.3163926037353394
34,470,4.886657343860002,0.6925980335342502,0.21399277975159947,0.3302607930001334,0.45329540664292484,0.29095824242480717
35,120,1.0743511113676965,0.3134250456315577,0.07935279628339265,0.2664543759903669,0.19638892095747518,0.11699442020551812
35,170,1.2675745837390786,0.3203181197370846,0.08074670334178535,0.21404943538495758,0.20053241153943496,0.11927265925307062
35,220,1.5044948573296935,0.34338417724621917,0.08555012175312038,0.21155810502929312,0.21446714949966977,0.12701292897702054
35,270,1.804454873038303,0.40763474554852275,0.1002623125751021,0.2522023745709034,0.2539485290618124,0.14969148479963484
35,320,2.199273117867479,0.342849794577592,0.08543628742879161,0.2039682159801511,0.21414304100319181,0.12683146543709173
35,370,2.745624788447456,0.6320046633472853,0.1789361688152209,0.41209117959495883,0.4054704160812531,0.251795014447847
35,420,3.555585707820449,0.6653155119342938,0.19704670465807728,0.33892713530985724,0.43118110829618556,0.27234994281227487
35,470,4.886657343860002,0.8117702918386982,0.3241093217636153,0.6071335410565127,0.5679398068011567,0.40253105218310403
36,120,1.0743511113676965,0.3576611905167556,0.08863919142776466,0.26067153958304706,0.22315019097226013,0.13190115411102096
36,170,1.2675745837390786,0.40445384913194515,0.09948094398779528,0.18047373000170713,0.2519673965598702,0.14852424337011108
36,220,1.5044948573296935,0.37008393213663404,0.09140555139850626,0.23475936198096967,0.23074474176757015,0.13622037601861126
36,270,1.804454873038303,0.45225247856973416,0.11191757996640361,0.21494027972595758,0.2820850292680689,0.1666475118420367
36,320,2.199273117867479,0.4875746586997022,0.12220280017257368,0.22954181622751704,0.30488872943613793,0.18095897536508596
36,370,2.745624788447456,0.5573804306927974,0.14609048578706174,0.37273233657091404,0.3517354582399296,0.21223083976839016
36,420,3.555585707820449,0.6782265808295582,0.2048031009560084,0.40171789197942553,0.4415148408927833,0.2809352722617899
36,470,4.886657343860002,0.6401286900178103,0.18312132487643706,0.3050336801483355,0.41162500744712366,0.2566135881250617
37,120,1.0743511113676965,0.26815183141433163,0.07061139963307328,0.1502833657016735,0.16938161552370246,0.10237826932066403
37,170,1.2675745837390786,0.3918810217732972,0.09645089625975944,0.2584093030298308,0.24416595901652832,0.14395960227174825
37,220,1.5044948573296935,0.46461832873511166,0.11540161375115043,0.29704856573802996,0.29000997124313105,0.17155984818240938
37,270,1.804454873038303,0.585267697963271,0.1573103867788893,0.30708199177672185,0.3712890423710802,0.22613105307823167
37,320,2.199273117867479,0.6719181190836434,0.20095704083179888,0.392552815288993,0.43643757995772114,0.2766932284357636
37,370,2.745624788447456,0.6177394685680673,0.1719133230958314,0.27791482059084693,0.39482639583194934,0.2436075121731333
37,420,3.555585707820449,0.6359869546277166,0.18097017943094762,0.46390768925819365,0.4084785670293321,0.254142331951852
37,470,4.886657343860002,0.6734205482750386,0.20186309197499774,0.46492109574816726,0.4376418201250182,0.2776951843189226
38,120,1.0743511113676965,0.3299423238290886,0.08272411051348783,0.21410231592591983,0.20633321717128822,0.12247976304487401
38,170,1.2675745837390786,0.37407393850593684,0.09231037886064042,0.22164192974003152,0.23319215868328863,0.13762133723636794
38,220,1.5044948573296935,0.4135532308151645,0.10173260385800276,0.30063367342042674,0.2576429173365836,0.15187709900327862
38,270,1.804454873038303,0.41312629452523075,0.10162581642850377,0.28524269926153,0.25737605547686726,0.15171882779884627
38,320,2.199273117867479,0.48406997923327966,0.12113491825440781,0.4431717058977907,0.30260244874384373,0.17949922718707395
38,370,2.745624788447456,0.5697312314152037,0.15092276749001599,0.36299719962487803,0.3603269994526098,0.21827218946710075
38,420,3.555585707820449,0.63838654840087,0.18221199034165358,0.41767233888015126,0.41029926937126177,0.2555703282271754
38,470,4.886657343860002,0.7290836682094453,0.24040381165624247,0.45792837357612937,0.48474373993284386,0.31898939123655884
39,120,1.0743511113676965,0.42497386536917103,0.1046323235367187,0.1316008184024712,0.26480309445294486,0.15614708394881416
39,170,1.2675745837390786,0.32168502316999614,0.08102530056473023,0.22534009748703915,0.20135516186736319,0.11972626916197787
39,220,1.5044948573296935,0.36471797439852915,0.0902013467922288,0.24272711861680016,0.22745966059537898,0.1343469116146379
39,270,1.804454873038303,0.4737988519595272,0.11806760029350549,0.24839830180889697,0.29593322612651635,0.17527345032420383
39,320,2.199273117867479,0.42048394352935936,0.10348228393736258,0.268297641390194,0.261983113733361,0.15445995124427575
39,370,2.745624788447456,0.36002462649946376,0.08915970909369497,0.297729508992302,0.22459216779657937,0.13271803513652305
39,420,3.555585707820449,0.5925876074292087,0.16044757009788968,0.41300713367913,0.3765175887635492,0.22994086890719723
39,470,4.886657343860002,0.7255374099921843,0.23761850546830976,0.3907772672885958,0.48157795773024703,0.31608171483946845
40,120,1.0743511113676965,0.3717950249467552,0.09179258748918229,0.1921852783344033,0.23179380621796875,0.13682033630352092
40,170,1.2675745837390786,0.4627940737600946,0.11488005921342836,0.21374728906748985,0.2888370664867615,0.1708288037966579
40,220,1.5044948573296935,0.3793261320671004,0.09351397040409049,0.2433917948307255,0.23642005123559545,0.1394759925218272
40,270,1.804454873038303,0.46517753990606836,0.11556202887621136,0.3292531801378363,0.29036978439113986,0.17178439449270494
40,320,2.199273117867479,0.46145170421565274,0.11449797650965343,0.3168250440132284,0.2879748403626531,0.1702922954562925
40,370,2.745624788447456,0.5709764986217286,0.15142172237291018,0.4582208496187451,0.3611991104973194,0.21889116031896516
40,420,3.555585707820449,0.6036350796158713,0.1653478969107003,0.30787257575515153,0.3844914882632858,0.23582973039253532
40,470,4.886657343860002,0.6563297354923706,0.19190470322394604,0.3863651396362294,0.4241172193581583,0.2665898162749437
41,120,1.0743511113676965,0.45500678387170557,0.11268329974316182,0.1908307391446379,0.2838450418074337,0.16773302001184665
41,170,1.2675745837390786,0.23949204120874612,0.0653921692106979,0.14207220356137995,0.152442105209722,0.09338951586281222
41,220,1.5044948573296935,0.290699848202969,0.07488034157386847,0.28557537854430226,0.18279009488841874,0.10958670563972459
41,270,1.804454873038303,0.43149951650697926,0.10632767826883072,0.19148553570456223,0.268913597387905,0.15861920825203912
41,320,2.199273117867479,0.6023765448661823,0.16477924688919587,0.25933929222231333,0.3835778958776891,0.23515013863590317
41,370,2.745624788447456,0.765955035228036,0.2727532003654213,0.4167326882260423,0.5193541177967287,0.35206596827062836
41,420,3.555585707820449,0.694534366008237,0.21527893366894724,0.3225164482866651,0.45490664983859214,0.29234895284887197
41,470,4.886657343860002,0.6244213660121926,0.17515285996446273,0.34848410469553326,0.39978711298832764,0.24740062189180534
42,120,1.0743511113676965,0.3927844001418752,0.09666557719370239,0.2988648890561861,0.2447249886677888,0.14428503400978204
42,170,1.2675745837390786,0.5334136623316128,0.13727626383660085,0.41540866926633513,0.33534496308410683,0.20097990669543037
42,220,1.5044948573296935,0.5387506067919743,0.13917835836566483,0.24358665097838167,0.33896448257881956,0.2034343662729052
42,270,1.804454873038303,0.5354485004099022,0.1379975464915536,0.31633178638811915,0.3367230234507279,0.2019124248103054
42,320,2.199273117867479,0.5805181411174275,0.1553194840087203,0.27811914311300284,0.3679188125630739,0.22369652565995957
42,370,2.745624788447456,0.5426144443211498,0.14057653784473445,0.29385222680576895,0.3415954910829421,0.2052290531265188
42,420,3.555585707820449,0.7374348176999769,0.24717138460647592,0.5409615047751931,0.4923031011532264,0.3260116222795299
42,470,4.886657343860002,0.8258734893362266,0.3432725876613154,0.38834030698578603,0.5845730384987711,0.42088059841830716
43,120,1.0743511113676965,0.16353369371387694,0.05233584747032205,0.1624848209788618,0.1079347705920995,0.07021779426626348
43,170,1.2675745837390786,0.27998806434452106,0.07283277144363964,0.16160985526976704,0.17641041789408035,0.10614582606915524
43,220,1.5044948573296935,0.34258524646197386,0.08537997985651535,0.22813018384590417,0.2139826131592446,0.12674167028890826
43,270,1.804454873038303,0.41200718433230954,0.1013464389163945,0.26946268436837134,0.256676811624352,0.15130441120434146
43,320,2.199273117867479,0.469150445852209,0.11670902283472728,0.2515518320915059,0.29292973434346814,0.1733858289779019
43,370,2.745624788447456,0.4720646968588882,0.1175586501305973,0.2380930141833244,0.29481167349474274,0.1745674725186681
43,420,3.555585707820449,0.5989107580513741,0.16322728366445538,0.36732074241188944,0.3810690208579147,0.23329040963358233
43,470,4.886657343860002,0.7333600593763874,0.24383197493557218,0.5018561903883121,0.4885960171559798,0.3225539597293843
44,120,1.0743511113676965,0.17275789716863688,0.053883255698168986,0.20456095388661658,0.11332057643340293,0.0729997232015558
44,170,1.2675745837390786,0.42363282123743273,0.10428744602276241,0.24208814883303137,0.26396013363009757,0.1556420108999547
44,220,1.5044948573296935,0.4819594056804073,0.12049711483933567,0.23882067812396449,0.3012282602598715,0.17862458467721298
44,270,1.804454873038303,0.3879204809628214,0.09551509754134213,0.19030569904218164,0.24171778925208176,0.14253738876213826
44,320,2.199273117867479,0.3041660380233482,0.07750847164103869,0.23596125202245738,0.19083725483219344,0.11395772564968765
44,370,2.745624788447456,0.6275521248178493,0.17670075323545364,0.38324732482199036,0.40212643902665146,0.2492030589173041
44,420,3.555585707820449,0.7457550366693229,0.2542212796626505,0.3191081637319054,0.4999881581659867,0.3332658006505017
44,470,4.886657343860002,0.8001951994908438,0.3096938047094723,0.4316664298321558,0.554944502100158,0.38857230947479215
45,120,1.0743511113676965,0.35863610238037413,0.08885358068966132,0.29988726027898976,0.22374484153501772,0.13223784452496795
45,170,1.2675745837390786,0.3548424097399038,0.08802185373336491,0.23272744314140778,0.22143213173663434,0.13092979797647553
45,220,1.5044948573296935,0.32628445736113854,0.08196817325166261,0.19657004160721733,0.20412631530640057,0.1212571607762837
45,270,1.804454873038303,0.3160038220993817,0.07987214257721753,0.28414257418784555,0.19793798233829962,0.11784494756125627
45,320,2.199273117867479,0.559166024790791,0.146776312213466,0.3174879401424831,0.3529711685021285,0.213093522021194
45,370,2.745624788447456,0.6477482317828053,0.18717716992192945,0.3147829031046508,0.41746270085236736,0.2612425183272165
45,420,3.555585707820449,0.5708338888117145,0.15136446946699955,0.28079054967701406,0.361099179139357,0.21882018099955453
45,470,4.886657343860002,0.7349785740825769,0.24514975433612296,0.4231239141287464,0.49006416420934995,0.32392010097251356
46,120,1.0743511113676965,0.30046958879424124,0.07678081199239473,0.18476648563833503,0.18862520039331798,0.11275264904451462
46,170,1.2675745837390786,0.35975137742337915,0.08909939278685064,0.30304589593189907,0.2244253851051149,0.13262347668759328
46,220,1.5044948573296935,0.43235962459816646,0.10655328570819766,0.19644778396873117,0.26945645515318206,0.15894685100307018
46,270,1.804454873038303,0.4617942560733983,0.11459534169662844,0.25397529102416183,0.28819479888501337,0.17042908959940206
46,320,2.199273117867479,0.6866495226321996,0.2101143707655233,0.43057575813126975,0.44838194669886144,0.2867469362327676
46,370,2.745624788447456,0.6374798016025822,0.18174129328522504,0.3079008496286934,0.4096105474439036,0.25502950914457717
46,420,3.555585707820449,0.6258017559666671,0.17583294295634788,0.4277348082852521,0.4008173494615075,0.2481933226390598
46,470,4.886657343860002,0.7137358930467073,0.228706152039017,0.3803936914307461,0.47122102254286213,0.3067047492793973
47,120,1.0743511113676965,0.4204563900933336,0.10347526707206933,0.16522227328119762,0.26196582858270145,0.1544496318522015
47,170,1.2675745837390786,0.36902371395725564,0.0911664811075914,0.14792799220661623,0.23009509753242352,0.13584925530271835
47,220,1.5044948573296935,0.14444624668602268,0.04914372378919796,0.16498104057907192,0.09679498523761032,0.06446951202638504
47,270,1.804454873038303,0.2747907631667744,0.07185222590042384,0.16441143087309448,0.17332149453359913,0.10448717566639915
47,320,2.199273117867479,0.6032357082365559,0.16516715098043933,0.4138471920480403,0.3842014296084976,0.23561382686902688
47,370,2.745624788447456,0.6529346960565847,0.19001358494210108,0.2888816892517904,0.4214741404993429,0.26445684944145365
47,420,3.555585707820449,0.6800757126800022,0.20595152758680502,0.44419296046727264,0.4430136201334036,0.28219638069246533
47,470,4.886657343860002,0.7757351133502399,0.282530437422688,0.38191007990461845,0.529132775386464,0.3618436622051977
48,120,1.0743511113676965,0.29204659093225893,0.07514040370721875,0.15607904374337037,0.18359349731973884,0.11002151904081267
48,170,1.2675745837390786,0.28903826526233733,0.0745603070275026,0.18156387711493424,0.18179928614491997,0.10905093402811109
48,220,1.5044948573296935,0.24056370038766417,0.06558364639850978,0.14967534134930446,0.15307367339308697,0.09372253686705045
48,270,1.804454873038303,0.4821044753331454,0.12054082793634291,0.35120810868502356,0.30132265163474414,0.1786845971235172
48,320,2.199273117867479,0.595059741743952,0.1615264971978162,0.28391883044795463,0.3782931194708841,0.23124384043003915
48,370,2.745624788447456,0.6237478579351895,0.17482240392236403,0.3035728633988805,0.39928513092877677,0.2470149989697388
48,420,3.555585707820449,0.7142678258678279,0.22909650166682316,0.39168725493124684,0.4716821637673255,0.3071178671820899
48,470,4.886657343860002,0.6310641378952903,0.17846059919684498,0.3576681159106746,0.4047623685460676,0.25124467435719927
49,120,1.0743511113676965,0.4382104339346006,0.10810155876543448,0.27859824562254987,0.2731559963500175,0.16118702347590988
49,170,1.2675745837390786,0.2723146727521306,0.07138793149052869,0.20764659585527961,0.17185130212132965,0.10369936034007898
49,220,1.5044948573296935,0.27793293604621894,0.07244405957106781,0.13031665562650355,0.17518849780864337,0.10548913445712402
49,270,1.804454873038303,0.4261229950118073,0.10492879360145135,0.24209935999918342,0.2655258943066293,0.1565806718959717
49,320,2.199273117867479,0.6283940160877961,0.17712034010522215,0.3064742747245723,0.4027571780965091,0.249690557397511
49,370,2.745624788447456,0.5322835808176258,0.13687775824327253,0.3117114280558716,0.3345806695304492,0.20046375492340035
49,420,3.555585707820449,0.4527038446822623,0.11204266723589529,0.22617817649504418,0.2823732559590788,0.16682506866115474
49,470,4.886657343860002,0.546782576263578,0.14210519533609234,0.365623980410055,0.34444388579983515,0.20718216975353212
50,120,1.0743511113676965,0.3542560371507828,0.08789390191089619,0.1718490719627229,0.2210749695308395,0.13072812659885036
50,170,1.2675745837390786,0.4104127037612457,0.1009497319466196,0.19594073852646954,0.25568121785393266,0.1507150878797055
50,220,1.5044948573296935,0.5150241987433611,0.13096866928750772,0.2915336741208372,0.32299643401543443,0.19272940275868092
50,270,1.804454873038303,0.5802012351541692,0.15518786552524655,0.3190324778992621,0.3676945503397079,0.2235351107283765
50,320,2.199273117867479,0.5452906160518636,0.14155556251739032,0.3132738880424105,0.34342308928462695,0.20648099939273332
50,370,2.745624788447456,0.542333439911594,0.1404742453397484,0.33067178698355787,0.3414038426256712,0.20509802160475074
50,420,3.555585707820449,0.7617153339316197,0.26868548296890993,0.5230911302886916,0.5152004084502648,0.34797059380114526
50,470,4.886657343860002,0.8420337584465223,0.3677347035546418,0.46215039106419614,0.604884231000582,0.44400767782039563
51,120,1.0743511113676965,0.21369703828601005,0.060857013687097616,0.24837694861442197,0.13727702598655384,0.08543552199904744
51,170,1.2675745837390786,0.43628591986680176,0.10758964569607254,0.23528419712305465,0.27193778278143715,0.16044794723071976
51,220,1.5044948573296935,0.3744316661506464,0.09239190031302025,0.1901094117525807,0.23341178323183331,0.13774727595583341
51,270,1.804454873038303,0.4845698795458142,0.12128656502060287,0.3774497756552506,0.30292822228320854,0.1797068772986351
51,320,2.199273117867479,0.6131907943985248,0.1697564765868088,0.40416318048686445,0.3914736354926668,0.2410660311013441
51,370,2.745624788447456,0.6290453565560304,0.17744594096924104,0.32697656135984215,0.40324564876263574,0.250068541095089
51,420,3.555585707820449,0.665336368414043,0.19705887693240132,0.37852224898776415,0.43119762267322215,0.2723635116109438
51,470,4.886657343860002,0.7199106371942692,0.2333024341538994,0.41194837006079565,0.4766065356740843,0.3115548670128758
52,120,1.0743511113676965,0.36532569274287496,0.09033701008017858,0.1839384951955409,0.22783135141152677,0.13455848701499262
52,170,1.2675745837390786,0.33945930722790785,0.08471695894172537,0.27193338659894684,0.2120881330848166,0.12568258258113763
52,220,1.5044948573296935,0.2532516865858814,0.06787154605713608,0.18955573757896427,0.16056161632150873,0.09768289512498107
52,270,1.804454873038303,0.28230901563553557,0.07327333182153273,0.19405863345276234,0.17779117372853415,0.10688877584936066
52,320,2.199273117867479,0.41272637041894134,0.10152588872989166,0.3008215223406058,0.2571261295744165,0.15157065708130635
52,370,2.745624788447456,0.5956609390951816,0.16179039374110926,0.31848680250495015,0.3787256664181454,0.23156197898705377
52,420,3.555585707820449,0.6510779455676349,0.18899093345010598,0.3451122404058288,0.4200344395088704,0.26330006483096785
52,470,4.886657343860002,0.7992108572606833,0.3085177430416277,0.5644705861983372,0.5538643001511555,0.3874270785909981
53,120,1.0743511113676965,0.1404600855024647,0.04847704704088773,0.10373480052370958,0.09446856627167621,0.06326902238451351
53,170,1.2675745837390786,0.3458821694887788,0.08608392177080748,0.2877025590751255,0.21598304562979315,0.12786259465262012
53,220,1.5044948573296935,0.3972153597159078,0.09772528016232862,0.21046670081922225,0.24747031993911822,0.1458868754576132
53,270,1.804454873038303,0.49358536452114865,0.12406032717880566,0.2838617866436326,0.30882284584997716,0.1834843833161074
53,320,2.199273117867479,0.5275241070829125,0.13521540301004875,0.24544199468587058,0.33136975504648064,0.1983033459046468
53,370,2.745624788447456,0.5076487812331736,0.12854041334242483,0.35132676229371657,0.3180945972877992,0.1895055839237884
53,420,3.555585707820449,0.6299570848296976,0.17790315404206913,0.26963130887618436,0.40393011943588336,0.2505988456612681
53,470,4.886657343860002,0.768232065017433,0.27497953751099,0.454432356547189,0.5216058012642115,0.35430045740106464
54,120,1.0743511113676965,0.41565347344309256,0.10225959317286526,0.15960521193467336,0.2589565333079789,0.15265708631217742
54,170,1.2675745837390786,0.41394479165904563,0.10183064333081704,0.21249947603121555,0.25788771749493133,0.15202234023150635
54,220,1.5044948573296935,0.37647010068874387,0.09285769712752012,0.20969951069239828,0.234663898908132,0.138465971770203
54,270,1.804454873038303,0.311767457206938,0.07902029384634046,0.13822823436091075,0.19539387552663923,0.11644882805557859
54,320,2.199273117867479,0.4596441713251658,0.11398575205979744,0.2495303983237819,0.2868149616924816,0.1695717698800913
54,370,2.745624788447456,0.6308359575406575,0.17834549589802418,0.2862617904759153,0.4045907267193408,0.2511113869121546
54,420,3.555585707820449,0.6150262804682342,0.17062217797716195,0.2798867306974331,0.39282422922269805,0.2420876854946159
54,470,4.886657343860002,0.5706660148131176,0.15129711100954557,0.33994334965950435,0.3609815629113316,0.21873665843803197
55,120,1.0743511113676965,0.3544692592915175,0.08794041033309263,0.21971683508546627,0.22120483481230507,0.13080144458567206
55,170,1.2675745837390786,0.3403003398023653,0.08489492605112725,0.24534148945517548,0.21259763292674627,0.12596717856662742
55,220,1.5044948573296935,0.3694445673875877,0.09126131224707568,0.27161561197574463,0.23035293981733168,0.13599651473516128
55,270,1.804454873038303,0.44996009056274544,0.11128466724203023,0.2458630688676105,0.28062237890238784,0.16574773559723227
55,320,2.199273117867479,0.5143006509712683,0.13072796670962172,0.2896000223115206,0.322514308840445,0.19241105288487004
55,370,2.745624788447456,0.6599779520194137,0.19396803987275402,0.41051849930102635,0.42697299594608384,0.2689080206088549
55,420,3.555585707820449,0.6008002482687235,0.16407085644476826,0.240899176316176,0.38243555235674587,0.23430217847698326
55,470,4.886657343860002,0.6498474277637271,0.1883176504642894,0.40563300384547707,0.4190825391140082,0.26253717180586933
56,120,1.0743511113676965,0.3264279844140844,0.08199773219989126,0.21583390088500778,0.20421285830698782,0.12130504716208271
56,170,1.2675745837390786,0.3436438948024636,0.08560549233694603,0.3119015454591965,0.21462469356970482,0.12710116100387
56,220,1.5044948573296935,0.5439601604554078,0.14106774501064678,0.3010137493196555,0.3425139527330273,0.2058576755790109
56,270,1.804454873038303,0.567614024979145,0.15007947652223197,0.22047895006859514,0.3588467507506885,0.2172240376194008
56,320,2.199273117867479,0.6876646757466605,0.21076861105179368,0.37386832076720183,0.44921664339922707,0.28745921562869425
56,370,2.745624788447456,0.7134017119274882,0.22846145042183552,0.4333287594387554,0.4709315811746619,0.3064456582855434
56,420,3.555585707820449,0.6287742531336032,0.17731031379632234,0.30962926080929676,0.4030422834649628,0.24991112771706236
56,470,4.886657343860002,0.7472313320627255,0.2555058571897968,0.4474793540212717,0.5013685946262612,0.33458120870899405
57,120,1.0743511113676965,0.4100030727447119,0.10084806925126188,0.22624002798894088,0.2554255709979869,0.15056390018615634
57,170,1.2675745837390786,0.481766523962762,0.12043902349910418,0.24960156716871706,0.3011027737309331,0.17854481742832906
57,220,1.5044948573296935,0.5250400071333298,0.1343578901318887,0.25577209537444656,0.32969894863260923,0.19718425832470304
57,270,1.804454873038303,0.40195218151407586,0.09887068432222956,0.2560773106188581,0.2504114329181527,0.14760982263025232
57,320,2.199273117867479,0.5062775381304176,0.12809505419807665,0.27876854856737476,0.31718629616424715,0.1889113315387636
57,370,2.745624788447456,0.6225465510017406,0.1742351898863168,0.2707124841498018,0.3983908704440287,0.24632903143360085
57,420,3.555585707820449,0.7073973622021064,0.22413346753035868,0.5532348545973409,0.4657654148662325,0.30184809550968
57,470,4.886657343860002,0.8065544584965033,0.31747658514966204,0.4133519173345941,0.5620155218230827,0.39612617060210786
58,120,1.0743511113676965,0.16832689626167707,0.053139272136898064,0.11949540795497318,0.11073308419928757,0.07166282304847506
58,170,1.2675745837390786,0.30804086700990774,0.07827648826064659,0.2336918648312273,0.19315867763527717,0.1152253549446087
58,220,1.5044948573296935,0.4944832858114654,0.12434069455371088,0.25685654050492124,0.30941199018258814,0.18386406076429251
58,270,1.804454873038303,0.5952661484841246,0.1616170326967331,0.28810836663704076,0.37844159059042887,0.231353009413698
58,320,2.199273117867479,0.5430430725238018,0.14073275400087826,0.2997345343279365,0.34188791326234,0.2054290764056132
58,370,2.745624788447456,0.5227179144836501,0.1335624693880958,0.2867315940209208,0.32814019193587296,0.1961433304355997
58,420,3.555585707820449,0.5420246819038201,0.14036196036812543,0.3199157885767402,0.3411933211359728,0.20495414141345425
58,470,4.886657343860002,0.6801993957652607,0.20602869008411995,0.2940629304789367,0.4431140429246903,0.2822810242580439
59,120,1.0743511113676965,0.42644661866282263,0.10501244551342281,0.1655768166617377,0.2657295320881227,0.1567029141405357
59,170,1.2675745837390786,0.5587340249156575,0.146609997672406,0.2542240161547581,0.35267201129403175,0.21288448209318758
59,220,1.5044948573296935,0.5535007257569183,0.14461478776053416,0.2801147097510167,0.34905775675872625,0.21036854860987023
59,270,1.804454873038303,0.4543896352761865,0.1125112230825217,0.17539753203612754,0.2834504291793541,0.16748937044823464
59,320,2.199273117867479,0.4498687178779417,0.11125952181528243,0.2488225558062485,0.28056411984661206,0.16571194003340892
59,370,2.745624788447456,0.5666929980049216,0.149714590478513,0.24627499266957717,0.3582037942417173,0.2167697174466381
59,420,3.555585707820449,0.7160947668277741,0.23044513722632143,0.4589841220550593,0.47326995202704775,0.3085434199842503
59,470,4.886657343860002,0.7643539688090135,0.27120535176198535,0.4125354390833743,0.5177796602854994,0.3505095616044326
60,120,1.0743511113676965,0.33586564361993776,0.08395994958434339,0.19799811122691283,0.20991279660214057,0.12446940521240407
60,170,1.2675745837390786,0.36929922882766353,0.09122855295541654,0.18450031229315406,0.23026389089154004,0.13594565134748368
60,220,1.5044948573296935,0.3694466704731273,0.0912617863603239,0.1795571988837315,0.2303542284167256,0.13599725080668326
60,270,1.804454873038303,0.4779353523377181,0.11929191158626173,0.34535378773173514,0.2986136319619899,0.17696607653532104
60,320,2.199273117867479,0.5732823426704675,0.15235148290289546,0.33775121845053163,0.3628169127866815,0.22004221157624765
60,370,2.745624788447456,0.6505278197040721,0.18868949315296024,0.3607115165529432,0.4196086564285162,0.26295863291332033
60,420,3.555585707820449,0.7131798904738335,0.22829924911834876,0.3892403392523051,0.4707395697960911,0.30627386934714024
60,470,4.886657343860002,0.7304298367426222,0.241474675798383,0.35087482501986544,0.4859522562705026,0.3201045276253256
61,120,1.0743511113676965,0.21584840267081806,0.06123027703717421,0.13584118482525204,0.13853933985399614,0.08609472531266643
61,170,1.2675745837390786,0.1688620110830522,0.05322904981651211,0.1733886663363699,0.11104553044978216,0.07182421627950711
61,220,1.5044948573296935,0.2835567559453278,0.07351087305151627,0.23565023632280732,0.17853381449842204,0.10728876920237257
61,270,1.804454873038303,0.4036532489653495,0.09928523918828103,0.24659156470519142,0.25146924407681526,0.14823126414364823
61,320,2.199273117867479,0.4157845642494187,0.10229257847992879,0.19539772508395928,0.25903857136467373,0.15270584815968186
61,370,2.745624788447456,0.6100410387923398,0.16828527727272524,0.28451600323937004,0.38916315803253254,0.23932489981174723
61,420,3.555585707820449,0.8073842815500482,0.3185164383545517,0.488116818044902,0.5629503599522999,0.3971322484406683
61,470,4.886657343860002,0.862545466962246,0.4034414912386086,0.5215323566363543,0.6329934791004272,0.4772709146045411
62,120,1.0743511113676965,0.43363119333180844,0.10688775145577167,0.21518124263656238,0.27025947239379006,0.15943201414547037
62,170,1.2675745837390786,0.479216120043221,0.119673970776217,0.3146185325405175,0.299445045409719,0.17749265882894222
62,220,1.5044948573296935,0.48315857206238,0.12085901180831582,0.24713370022414435,0.3020087919353479,0.17912112460559187
62,270,1.804454873038303,0.4733870900438577,0.11794652463490651,0.28410528586191663,0.2956668073393821,0.17510562883051142
62,320,2.199273117867479,0.5490102502104409,0.1429310245256884,0.3125954125179253,0.34597063736806466,0.20823343238642267
62,370,2.745624788447456,0.5209010056630904,0.13294420323851996,0.302818933379643,0.3269226044508052,0.19533230817433683
62,420,3.555585707820449,0.7047090870114477,0.22223693733622674,0.4505562790839431,0.46347301217383724,0.29982424322809653
62,470,4.886657343860002,0.7681422324994469,0.2748911425192433,0.38776226045811113,0.5215166875093451,0.35421183123786454
63,120,1.0743511113676965,0.31523513647083723,0.07971707112794557,0.3049340384382034,0.1974761037993914,0.11759119959550796
63,170,1.2675745837390786,0.34843743236859126,0.08663284643415126,0.2087054018976359,0.21753513940137126,0.1287341625546016
63,220,1.5044948573296935,0.4463729113381736,0.1103021609160193,0.2148442021275742,0.27833753612709644,0.16434636664243552
63,270,1.804454873038303,0.5622959906873185,0.14798878200796628,0.3337365397537308,0.3551423863476424,0.21461434817722647
63,320,2.199273117867479,0.6263011368788066,0.17607990600676626,0.38756865201392066,0.40119052144278644,0.24848087750781028
63,370,2.745624788447456,0.5673086477109174,0.14995836305507093,0.3165561001625629,0.35863350538299416,0.21707329232394085
63,420,3.555585707820449,0.4777261272759603,0.11922963356097638,0.27119672662473704,0.29847788041846834,0.17688016766486386
63,470,4.886657343860002,0.6945611740246923,0.21529682331366362,0.5056942576697353,0.45492899866917796,0.2923682766746838
64,120,1.0743511113676965,0.32781926493943137,0.08228469417420192,0.17171040122338807,0.20505197955681664,0.12176959679876723
64,170,1.2675745837390786,0.4719642300319784,0.11752924196692238,0.33231180894476386,0.2947467359994504,0.17452663727004253
64,220,1.5044948573296935,0.35326926992058016,0.08767894220284977,0.24686487178068967,0.22047410606171497,0.130389050988256
64,270,1.804454873038303,0.2974115541608796,0.07618244321554091,0.2798693084253432,0.18679699868821026,0.11175873650968612
64,320,2.199273117867479,0.47538349352536446,0.11853489271536566,0.24375132919573442,0.29695919312036506,0.17592042588400292
64,370,2.745624788447456,0.6001799369224602,0.16379324883964508,0.25779894643642876,0.38198659288105263,0.2339694600017051
64,420,3.555585707820449,0.5746069293408849,0.15288905119322194,0.3272493963491738,0.3637479902670534,0.2207063418574367
64,470,4.886657343860002,0.6332687769130297,0.1795782407505393,0.3963401269308953,0.4064235088317845,0.2525371181348216
65,120,1.0743511113676965,0.3591470930512679,0.08896613169937195,0.14658910467970837,0.22405661237531993,0.13241446940897883
65,170,1.2675745837390786,0.4977887462983206,0.1253793514994136,0.246738006993648,0.3115840488988671,0.18526724689548824
65,220,1.5044948573296935,0.6655348572126852,0.19717477530146776,0.3765666921236085,0.4313548162570765,0.27249269151123967
65,270,1.804454873038303,0.6059689963118432,0.16640971469558397,0.27287020529761963,0.3861893555037136,0.23709611693316118
65,320,2.199273117867479,0.628156682705068,0.17700191188325975,0.377037128350859,0.40257929729416386,0.24955300780017664
65,370,2.745624788447456,0.7879576952330694,0.2955861216777732,0.48664276871417583,0.5417719084554213,0.37476537361099216
65,420,3.555585707820449,0.7085437596264851,0.2249498855544807,0.3853720811719861,0.4667468225904829,0.3027175781773943
65,470,4.886657343860002,0.7017294292125767,0.22016375097395846,0.4535513737008001,0.4609465900932676,0.2976052853913892
66,120,1.0743511113676965,0.14682944810398768,0.04954214186050987,0.14834671795809548,0.09818579498224878,0.06518710705485298
66,170,1.2675745837390786,0.46125133966249854,0.11444106912073371,0.3012225056847811,0.2878462043916161,0.17021231843549592
66,220,1.5044948573296935,0.4779955843155269,0.11930984726809546,0.20635749770944906,0.2986527157918112,0.17699081396862604
66,270,1.804454873038303,0.4998190765125272,0.12602250040985885,0.3210540054706022,0.31292078846119303,0.18613347119010823
66,320,2.199273117867479,0.5770951400123551,0.15390578909634967,0.32460422355788465,0.36550046455435237,0.22195971022279068
66,370,2.745624788447456,0.574357759890351,0.15278773403719903,0.3433712582879495,0.363572746963775,0.2205812482798965
66,420,3.555585707820449,0.6472361957056048,0.18690052071983343,0.4108972445689794,0.4170683582127191,0.26092801609361604
66,470,4.886657343860002,0.6970444039598827,0.2169639029146233,0.3669038975942887,0.457004153437253,0.2941666030339866
67,120,1.0743511113676965,0.33553500951578485,0.08389057805395317,0.17869747064102093,0.209712793784869,0.12435801952794866
67,170,1.2675745837390786,0.5307453082759949,0.1363376668445262,0.3965798712363948,0.33354148756026053,0.19976314402996273
67,220,1.5044948573296935,0.5923874016877301,0.16036062837740217,0.3408956419507581,0.3763740150325661,0.22983571297424354
67,270,1.804454873038303,0.5610646027130839,0.14751019959072664,0.37184851285814946,0.35428740115190527,0.21401470560124608
67,320,2.199273117867479,0.6614425996355522,0.19480567338334187,0.34873139188888946,0.42812413650944703,0.2698464855047126
67,370,2.745624788447456,0.6819725309727419,0.20713973415093,0.3156870086666845,0.44455613256183596,0.2834985405179
67,420,3.555585707820449,0.7588253765618411,0.26596904867354787,0.5104197304556143,0.5123972126176946,0.3452262549150973
67,470,4.886657343860002,0.7940489181989225,0.3024709976661698,0.43043938459704234,0.5482599579325462,0.3815226206784789
68,120,1.0743511113676965,0.28453908873573863,0.07369823272085496,0.23780869557242465,0.1791186607282968,0.1076039700802908
68,170,1.2675745837390786,0.31431993623445975,0.07953273521672932,0.15568267275137188,0.19692633572559454,0.11728933193867715
68,220,1.5044948573296935,0.48554376342173944,0.12158263812943937,0.2826523283953876,0.3035632007755894,0.18011195050490378
68,270,1.804454873038303,0.5265794716285352,0.1348885050772456,0.24631216780947449,0.3307339883528904,0.1978771083724916
68,320,2.199273117867479,0.5900610430205889,0.1593551128849654,0.35980229328753255,0.37470807795277716,0.22861779006409372
68,370,2.745624788447456,0.7547404625717865,0.26220474803709015,0.46447595414963916,0.5084726053044384,0.34141039580763705
68,420,3.555585707820449,0.7566179003202258,0.26392403274965404,0.35624661205064634,0.5102709665349399,0.3431551134244224
68,470,4.886657343860002,0.5932080522438142,0.16071741823843066,0.28304898452095195,0.37696273524112245,0.23026709719613353
69,120,1.0743511113676965,0.3911446613182038,0.09627624569743176,0.20509718657487483,0.24371045350781778,0.14369462202448052
69,170,1.2675745837390786,0.2517172786866355,0.06759274443736263,0.18377799956664825,0.15965501156199907,0.09720217696235482
69,220,1.5044948573296935,0.3724069048330133,0.09193135146535492,0.25063127732581986,0.2321691281491841,0.13703518299009004
69,270,1.804454873038303,0.49075712454239273,0.12318215045950232,0.2670280544022511,0.3069696375009475,0.18229261304591932
69,320,2.199273117867479,0.3935385108706664,0.09684513901172798,0.23380010794324138,0.24519182494119718,0.14455699018076545
69,370,2.745624788447456,0.5737712972637936,0.15254962312693332,0.3533812514032677,0.36316046019536347,0.22028711823735947
69,420,3.555585707820449,0.6415460247393363,0.18386599704982143,0.3156681140325287,0.41270601089457887,0.25746643250055096
69,470,4.886657343860002,0.7391024595767881,0.2485591514427662,0.5186987253463464,0.49383080550977715,0.32744439637767975
70,120,1.0743511113676965,0.26854007784456324,0.07068361107930787,0.1074436268576838,0.16961184446193556,0.10250130298118067
70,170,1.2675745837390786,0.2838601528276168,0.07356870709826913,0.14065937738234313,0.17871442996294296,0.107386092697064
70,220,1.5044948573296935,0.2681826955586203,0.07061713859596808,0.23043962650409497,0.16939991707729418,0.10238804871394576
70,270,1.804454873038303,0.31484328188236166,0.07963810649091507,0.2663154291990828,0.19724069418663837,0.1174619185031347
70,320,2.199273117867479,0.5126216351167716,0.13017150914963826,0.3128816490729737,0.32139657213320494,0.19167407449309043
70,370,2.745624788447456,0.6748105992883578,0.2027068577288762,0.3978052216095598,0.438758728508617,0.2786267992917808
70,420,3.555585707820449,0.7476877496546812,0.2559051160178857,0.3332337829399865,0.5017964328362834,0.3349896593515732
70,470,4.886657343860002,0.753090505957231,0.26070869804106755,0.3636224665363971,0.5068996019991493,0.33988959578221084
71,120,1.0743511113676965,0.28018137855587644,0.07286940224532645,0.14944912788897796,0.17652539040060145,0.10620765344155046
71,170,1.2675745837390786,0.43886603034678506,0.1082765416291247,0.3192096029762029,0.2735712859879549,0.16143929476013982
71,220,1.5044948573296935,0.4827463163062261,0.12073445351586909,0.2144905866096835,0.3017403849110476,0.17895030111185636
71,270,1.804454873038303,0.48248615861462607,0.1206559273064518,0.20291553227536907,0.30157104296053894,0.1788425663825749
71,320,2.199273117867479,0.45812262255896874,0.11355656487576737,0.2801561067045326,0.28583959371736806,0.1689669178576303
71,370,2.745624788447456,0.5084601628200196,0.12880482877454436,0.29822081853319904,0.318632495797282,0.1898579580710127
71,420,3.555585707820449,0.693695571551308,0.21472033627309317,0.41913220511419513,0.4542079539122006,0.2917452964063926
71,470,4.886657343860002,0.7147726086605446,0.22946789185149152,0.3676067836128884,0.47212025025601806,0.3075107084973392
72,120,1.0743511113676965,0.408082158669666,0.10037270840123291,0.355945155209926,0.25422743353544947,0.14985607704721005
72,170,1.2675745837390786,0.4974190553617035,0.12526266980415945,0.2872152899881365,0.3113408625829315,0.18510987828096567
72,220,1.5044948573296935,0.421968037541248,0.1038609575381888,0.20098417200884486,0.2629144975397184,0.15501638969977793
72,270,1.804454873038303,0.5761934902831994,0.1535363048125079,0.4003640858000324,0.3648648975478537,0.2215046473553593
72,320,2.199273117867479,0.668195135028025,0.19873800184417645,0.32548226187934304,0.4334665684361007,0.2742323370508293
72,370,2.745624788447456,0.6069551411818309,0.16686122876310605,0.3099165735461482,0.3869081849724685,0.2376336060432594
72,420,3.555585707820449,0.5923715367338608,0.16035374160607296,0.3591042562765477,0.3763626391699669,0.22982738240352496
72,470,4.886657343860002,0.6542462296623514,0.19074086597954087,0.4067055282662445,0.4224935478209461,0.2652780852963215
73,120,1.0743511113676965,0.3258603447060259,0.08188087712104519,0.2248293470984847,0.20387061091353553,0.12111570051052803
73,170,1.2675745837390786,0.46891032885887585,0.11663933268705762,0.30338105863063397,0.29277483077296673,0.1732887321502496
73,220,1.5044948573296935,0.5227569704214624,0.13357579894406324,0.24856329225397533,0.3281663846827628,0.1961607971021942
73,270,1.804454873038303,0.6065125248136859,0.1666583615692483,0.3739714259233149,0.3865854431914671,0.23739218430789025
73,320,2.199273117867479,0.666644736513214,0.19782471786744582,0.2993313836953148,0.4322347271903299,0.2732165974181867
73,370,2.745624788447456,0.6410557147744355,0.18360788892811009,0.2986804226064732,0.4123318018512728,0.2571709835386516
73,420,3.555585707820449,0.6319983817603504,0.1789329865249193,0.3608503069555624,0.40546568414263484,0.25179133375349017
73,470,4.886657343860002,0.8435719004367599,0.3702193482451498,0.6156809362874892,0.6068956243409549,0.4463401135293432
74,120,1.0743511113676965,0.1425909095249247,0.04883347758058487,0.12542338508664835,0.09571219355275479,0.0639107966689477
74,170,1.2675745837390786,0.3371444592116106,0.08422869998736704,0.16137341661381333,0.21068657959948883,0.12490058620715247
74,220,1.5044948573296935,0.4807525733976311,0.12013418387960795,0.35037185659700004,0.30044337863861953,0.17812594426744136
74,270,1.804454873038303,0.4124937944858432,0.10146782163695367,0.1794827442070065,0.25698080806139845,0.1514845268747328
74,320,2.199273117867479,0.36650018116323024,0.09059971238265185,0.2027441472636292,0.22854994677294105,0.13496781545637088
74,370,2.745624788447456,0.550495047848974,0.14348492659555123,0.24747848712202095,0.3469899872222626,0.20893703362397514
74,420,3.555585707820449,0.7281154010099218,0.2396382083368298,0.4073753400041305,0.4838768046733758,0.3181911971355436
74,470,4.886657343860002,0.7831149923707825,0.29029621120663296,0.41671321168072417,0.5367056017887077,0.3695473794848029
75,120,1.0743511113676965,0.3329657476404817,0.0833530842473913,0.1934903153152219,0.2081594159439365,0.12349379305763225
75,170,1.2675745837390786,0.31173788790393286,0.07901437174773374,0.24320207600290825,0.1953761298258333,0.11643910320300485
75,220,1.5044948573296935,0.35959969731147345,0.08906592676569136,0.1907527994362407,0.2243328120385824,0.1325710004234062
75,270,1.804454873038303,0.47694142141606843,0.11899639366554915,0.25835820341038646,0.2979689075408088,0.176558245430979
75,320,2.199273117867479,0.48154846238514026,0.12037338803715258,0.21999373447528034,0.3009609252111464,0.1784546700195835
75,370,2.745624788447456,0.5710985387654656,0.15147074030643126,0.3031965409244627,0.3612846395359484,0.21895192109933187
75,420,3.555585707820449,0.6092490810853585,0.16791819039537836,0.276941687788554,0.3885836357403684,0.2388894886113372
75,470,4.886657343860002,0.7282971554277827,0.23978162596109354,0.4583351833083654,0.48403939069443813,0.3183407797758269
76,120,1.0743511113676965,0.564414761767294,0.14881707438289526,0.36021705501405604,0.35661591807509463,0.21565016499911632
76,170,1.2675745837390786,0.5624982830594121,0.1480675999776473,0.2689174799626618,0.3552829415185297,0.21471302231111558
76,220,1.5044948573296935,0.46768104418949485,0.11628329586465946,0.28794228641487274,0.29198217002707716,0.17279226660493163
76,270,1.804454873038303,0.3456549451723896,0.08603525104780918,0.18339359235821018,0.2158450981100994,0.1277852103711753
76,320,2.199273117867479,0.4266035390236145,0.10505303224653739,0.30280733518128056,0.26582828563507593,0.1567622087156722
76,370,2.745624788447456,0.6343805228142431,0.18014567307337548,0.2711662760621828,0.40726309794380927,0.2531920826066846
76,420,3.555585707820449,0.6958849511047748,0.2161830607702918,0.36862712453320395,0.4560340059375333,0.293324875748304
76,470,4.886657343860002,0.7047786439465469,0.2222856943266558,0.40109111088979377,0.46353216913660134,0.2998763450989933
77,120,1.0743511113676965,0.4372716204692182,0.10785151247267644,0.19396201951014685,0.2725615664709473,0.16082621516435625
77,170,1.2675745837390786,0.40167768549894356,0.09880394960366301,0.1801848044242111,0.2502408175513033,0.14750967740440574
77,220,1.5044948573296935,0.4986844389352514,0.12566259211746778,0.3048658969743,0.3121735155263596,0.18564897714069428
77,270,1.804454873038303,0.5072542038612264,0.1284120670898714,0.30097405825008605,0.3178331354755489,0.1893344245154658
77,320,2.199273117867479,0.3486724633565439,0.08668348400137182,0.1807413947479098,0.21767797367895786,0.1288144527945172
77,370,2.745624788447456,0.5861791923153491,0.15769643426946367,0.35947625667041994,0.3719378132924064,0.22660159872357175
77,420,3.555585707820449,0.751743380528653,0.259497435811328,0.411310750727844,0.5056204081699904,0.338656485121272
77,470,4.886657343860002,0.7238284070121962,0.23629438146672077,0.3306854410096277,0.4800613942394585,0.3146956976839461
78,120,1.0743511113676965,0.37316369875804034,0.09210324422276006,0.31856442603039375,0.2326334714904002,0.1373011348674658
78,170,1.2675745837390786,0.5632396811539442,0.1483569424063791,0.2697742731678991,0.35579831178016164,0.2150750607104774
78,220,1.5044948573296935,0.5605147070707569,0.1472971421573629,0.2881024130615562,0.3539059246140599,0.21374748054562165
78,270,1.804454873038303,0.5330039202992519,0.13713160457438023,0.329876042865446,0.3350677624368161,0.20079261894576775
78,320,2.199273117867479,0.573042234822365,0.15225431003174672,0.2905773944039014,0.3626482724270559,0.2199220530471972
78,370,2.745624788447456,0.6756124907739905,0.2031960273160779,0.3713197225398319,0.4394042590450342,0.27916625830938585
78,420,3.555585707820449,0.6430248543670015,0.1846476888481059,0.25874367690674455,0.4138362716075537,0.25836023241959094
78,470,4.886657343860002,0.7164704198798194,0.23072398220054213,0.5376555621566607,0.47359720104018077,0.3088378328579902
79,120,1.0743511113676965,0.3008749839703815,0.07686038036440801,0.2353929684201786,0.18886768216739475,0.11288461427287824
79,170,1.2675745837390786,0.3556564598687284,0.08819975368358557,0.2182374911363641,0.22192810677615699,0.13120999850204285
79,220,1.5044948573296935,0.31709826732596835,0.08009332079181364,0.18786257013215985,0.198595794058891,0.1182065575807352
79,270,1.804454873038303,0.4116858386260449,0.10126636135661171,0.2999818915942748,0.2564760999913283,0.15118553483410785
79,320,2.199273117867479,0.3481155871004331,0.08656354525970511,0.19587670193279255,0.2173395661800691,0.1286242492622058
79,370,2.745624788447456,0.4218785916817256,0.10383809440476177,0.21502086420671276,0.2628583430432437,0.15498281926575302
79,420,3.555585707820449,0.5757924745616944,0.15337235821654793,0.29714863994216856,0.36458241638912114,0.22130257720185603
79,470,4.886657343860002,0.7720284580891177,0.27875818049878776,0.41711300657468886,0.5253933192939527,0.35808195481515226
80,120,1.0743511113676965,0.2876513541389456,0.07429386790954962,0.1671990087447352,0.1809726110242476,0.10860430957865705
80,170,1.2675745837390786,0.41201590554948875,0.10134861308899923,0.33585649695366826,0.256682259319244,0.15130763822020443
80,220,1.5044948573296935,0.5001321133075112,0.1261220147319161,0.32652122689452057,0.31312706401971363,0.1862673224856735
80,270,1.804454873038303,0.47627413303428545,0.1187984702588063,0.258340969585751,0.2975363016465459,0.17628484250916387
80,320,2.199273117867479,0.5787215501105879,0.15457531359844168,0.29378922088204373,0.3666484318545148,0.22278311340057677
80,370,2.745624788447456,0.4689595077729751,0.11665360221292442,0.2748180677628863,0.2928065549929498,0.17330861552426313
80,420,3.555585707820449,0.4725526426432398,0.11770159963271443,0.27187368973286913,0.2951271211379771,0.1747659015590328
80,470,4.886657343860002,0.5658768299927,0.14939223370494492,0.31026311160158215,0.35763453184882243,0.21636794990572927
81,120,1.0743511113676965,0.49736770187222956,0.12524647196339922,0.21173566286858492,0.3113070869178144,0.18508802699042098
81,170,1.2675745837390786,0.5131977292109297,0.13036210782819324,0.325753173284705,0.32177991851956145,0.19192666545607143
81,220,1.5044948573296935,0.478479841091086,0.1194541616111664,0.2769391404509095,0.2989670013511262,0.17718979513031613
81,270,1.804454873038303,0.4786367999687442,0.11950098078772509,0.23898033354475254,0.29906889037823464,0.1772543260912458
81,320,2.199273117867479,0.5820797504848764,0.1559702740607235,0.36103831397194075,0.36902501227279993,0.22449378637744527
81,370,2.745624788447456,0.4856549977856425,0.1216165088899761,0.28354206508382834,0.3036357533378093,0.18015826226035248
81,420,3.555585707820449,0.7186661256033222,0.2323644726671633,0.4477737424772412,0.47551529913524276,0.3105676085942389
81,470,4.886657343860002,0.8221134800132914,0.33797846438507906,0.5365781847410844,0.5800459721991853,0.41583317905782613
82,120,1.0743511113676965,0.21641513019326297,0.06132874302406843,0.16992319047495336,0.1388719366086657,0.08626849336833423
82,170,1.2675745837390786,0.265366229718198,0.07009455154302335,0.2099104601555581,0.16773039063061068,0.10149657845130138
82,220,1.5044948573296935,0.25079922576814906,0.06742622046556435,0.13530927778662089,0.1591127231168567,0.09691479812605805
82,270,1.804454873038303,0.5050153040812178,0.1276867616874805,0.26377875933543987,0.3163510328843491,0.18836571499109295
82,320,2.199273117867479,0.5788114569501952,0.1546124392353173,0.2922849988544168,0.36671194809275626,0.22282872688763078
82,370,2.745624788447456,0.5101593638390883,0.12936073016973437,0.3072604558671183,0.31976004700441135,0.19059771575242285
82,420,3.555585707820449,0.6018127645691728,0.1645253948773756,0.3181120844030666,0.3831690797232742,0.23484644644018066
82,470,4.886657343860002,0.7200720647745088,0.23342453431312937,0.46305459990691916,0.4767482995438191,0.31168329149288965
83,120,1.0743511113676965,0.05180035138087091,0.032675911995756035,0.12160334477540147,0.042238131688313474,0.0357513511264546
83,170,1.2675745837390786,0.002910372174332543,0.021253216365647698,0.08051269430100402,0.01208179426999012,0.018303467112439006
83,220,1.5044948573296935,0.33079373117765165,0.0829008488275167,0.34130336077083384,0.20684729000258417,0.12276499622807494
83,270,1.804454873038303,0.6264993427372971,0.17617806412106551,0.35059720206386197,0.4013387034291813,0.24859512449882
83,320,2.199273117867479,0.6085035673239053,0.16757365794975487,0.3332956514994442,0.3880386126368301,0.23848047356287508
83,370,2.745624788447456,0.658850084022047,0.19332664998704518,0.34563718889987893,0.4260883670045461,0.26818839921054105
83,420,3.555585707820449,0.590748944272955,0.15965153816345856,0.246639747646978,0.3752002412182068,0.22897716937248197
83,470,4.886657343860002,0.7675181629818563,0.2742783406724213,0.4921380033014544,0.5208982518271388,0.353597217414498
84,120,1.0743511113676965,0.20881611538872769,0.06001315806597318,0.16033741223532055,0.13441463672735043,0.08394245756064274
84,170,1.2675745837390786,0.23116109307476618,0.06391244755933367,0.1651655837665384,0.14753677031704993,0.09080803485559913
84,220,1.5044948573296935,0.5338304601892662,0.13742361329301966,0.4190099263848216,0.3356270367411429,0.20117058668510945
84,270,1.804454873038303,0.6794989685180968,0.20559228980868927,0.3670162264190414,0.442545629163393,0.2818021652802128
84,320,2.199273117867479,0.6789086948027181,0.20522560601564155,0.32791264736371667,0.4420671504091798,0.281399525547097
84,370,2.745624788447456,0.6294505987907846,0.17764895292247962,0.34162657168593036,0.4035497758566321,0.2503040741020778
84,420,3.555585707820449,0.62950387065421,0.17767566504894672,0.3699459239708341,0.40358976785157835,0.25033505735266504
84,470,4.886657343860002,0.7175658001346509,0.2315401018351595,0.41796897186339577,0.4745529509849052,0.3096988609483157
85,120,1.0743511113676965,0.3893912188879596,0.09586158476788131,0.25417436406711985,0.24262640182792045,0.14306466897934036
85,170,1.2675745837390786,0.5172351427245132,0.131707589922352,0.2608787803844558,0.3244713663234326,0.193705042395289
85,220,1.5044948573296935,0.464307844661796,0.11531265739149377,0.31568801269996116,0.28981025102664487,0.17143526751056232
85,270,1.804454873038303,0.4915483198506416,0.12342707113398899,0.30624081701759354,0.3074876954923153,0.18262538123064923
85,320,2.199273117867479,0.48251991989680243,0.12066611446038933,0.1692499419513613,0.3015930171785959,0.17885654453895689
85,370,2.745624788447456,0.5923840010924926,0.16035915218870445,0.3140115891150205,0.3763715766405985,0.22983392731790303
85,420,3.555585707820449,0.6310461885968187,0.178451540978097,0.36248599960901257,0.40474886478745786,0.2512341863462391
85,470,4.886657343860002,0.664477419972848,0.1965585035941878,0.3601131960196021,0.4305179617835179,0.2718054750973139
86,120,1.0743511113676965,0.2671116506159188,0.07041814444712657,0.1768691258302179,0.16876489753152268,0.10204881834267772
86,170,1.2675745837390786,0.24160787516724103,0.06577046872045345,0.2057983707105003,0.15368917194384724,0.09404723174274114
86,220,1.5044948573296935,0.4631495567743007,0.11498148231241956,0.32755491922250857,0.2890655195433601,0.17097108277586914
86,270,1.804454873038303,0.5014820889540389,0.1265522604185989,0.2665584021009455,0.3140171746863189,0.18684547177628544
86,320,2.199273117867479,0.5584752408582688,0.14651048800057564,0.27322857171202275,0.35249286442942224,0.21275935919066324
86,370,2.745624788447456,0.7544436111360839,0.261934563616677,0.5083448876641813,0.5081890873763805,0.34113592301146195
86,420,3.555585707820449,0.7654586112710178,0.2722717376639803,0.41414540387819343,0.518865174467499,0.3515820996199242
86,470,4.886657343860002,0.7674856698150901,0.274246495385158,0.4547419757517215,0.5208660826001241,0.3535652679404434
87,120,1.0743511113676965,0.356548514974105,0.08839505818865712,0.27046069847807075,0.22247178658138106,0.13151734885679214
87,170,1.2675745837390786,0.47717458704372095,0.11906564268220943,0.21200478146139767,0.2981201148629652,0.1766538542038374
87,220,1.5044948573296935,0.43081716173041307,0.10614905583488798,0.22758262374394134,0.2684831087826505,0.15835957961829591
87,270,1.804454873038303,0.5100620228674502,0.12932880531170377,0.3326669893802265,0.31969541408957697,0.19055527119906862
87,320,2.199273117867479,0.6498764344991275,0.18833348102572034,0.3303556993049236,0.4191049577624239,0.26255512125404
87,370,2.745624788447456,0.678456060311017,0.20494509484300827,0.38944681300278255,0.44170057757701264,0.2810913348812191
87,420,3.555585707820449,0.6789887100738906,0.20527525427932503,0.3328736510801943,0.4421319821766078,0.28145405718964633
87,470,4.886657343860002,0.5990712529520273,0.16329870310253403,0.27834135605974236,0.3811849780272807,0.23337615347394386
88,120,1.0743511113676965,0.3446547493664558,0.08582128601508376,0.19418197034726734,0.21523801769076978,0.12744481000421642
88,170,1.2675745837390786,0.4108477588968771,0.10105781771301048,0.2728873575787407,0.2559527883049438,0.15087575424061486
88,220,1.5044948573296935,0.448051934771889,0.11076084501994166,0.23305642975540977,0.2794063898959153,0.16500129594089658
88,270,1.804454873038303,0.6134432376518463,0.16987517229700833,0.3077670842170008,0.3916592049744273,0.24120623501993965
88,320,2.199273117867479,0.5563412736490418,0.14569329777601092,0.3432013678711175,0.3510172857125264,0.21173041544049265
88,370,2.745624788447456,0.6442799846634868,0.18531494388812642,0.3386864822369483,0.4147974642758066,0.25912202484872354
88,420,3.555585707820449,0.7839238297583819,0.2911687759571605,0.49998867882368075,0.5375463028577712,0.370409696111362
88,470,4.886657343860002,0.8333511524100546,0.35423286686947864,0.40012919865004803,0.5937920096397666,0.4312808311999554
89,120,1.0743511113676965,0.47084578155219714,0.11720242504884326,0.3960709735437529,0.2940241033005202,0.1740725165061916
89,170,1.2675745837390786,0.6397923567962854,0.1829452584004304,0.3420165031754408,0.4113688075983579,0.25641174883498236
89,220,1.5044948573296935,0.5186742947009866,0.13219134883642425,0.30196422636257914,0.3254328217687054,0.19434243996773642
89,270,1.804454873038303,0.46064672851389765,0.11426954085653429,0.2855505562213924,0.28745813468521597,0.1699711452513748
89,320,2.199273117867479,0.5351579074864371,0.13789424592313937,0.31887964349884623,0.33652607670478824,0.20177900538580318
89,370,2.745624788447456,0.6056031368642524,0.1662426379123897,0.32038009178224225,0.38592288738832103,0.23689707351438205
89,420,3.555585707820449,0.6225304682284802,0.17422734752377167,0.34608001191465815,0.39837890787612595,0.24631986391422067
89,470,4.886657343860002,0.6162660411244141,0.1712104423566918,0.2551677773051294,0.39373824174055294,0.2427807182860383
90,120,1.0743511113676965,0.30636536057946995,0.0779437260057122,0.16472833401918358,0.19215454329259107,0.11467666332846779
90,170,1.2675745837390786,0.4376598500786135,0.10795483927661131,0.24595305679140028,0.2728073446776124,0.16097535775502947
90,220,1.5044948573296935,0.520781567465849,0.1329036855866379,0.2746800247763659,0.32684262652624346,0.19527909915260458
90,270,1.804454873038303,0.5982408036849961,0.16292962472015315,0.4011178260044139,0.38058521420257463,0.23293288112206428
90,320,2.199273117867479,0.6890208575391686,0.21164749668756522,0.39360588802609675,0.45033417711336693,0.2884148562086396
90,370,2.745624788447456,0.6677656441714821,0.19848437368769933,0.3453303312256252,0.4331250089295907,0.2739504280638127
90,420,3.555585707820449,0.5702688747792867,0.15113792060045905,0.2747423637940091,0.36070339768987286,0.21853920287657486
90,470,4.886657343860002,0.6571762140356213,0.19238054298667728,0.3193654281103222,0.4247783785111493,0.26712525919706753
91,120,1.0743511113676965,0.27260425461884075,0.07144213766341023,0.197443243401267,0.1720231961411255,0.10379141774638173
91,170,1.2675745837390786,0.33826514189630397,0.08446479218877867,0.27619993251397623,0.21136496704254132,0.1252789311633845
91,220,1.5044948573296935,0.3933973478907795,0.09681150208820888,0.20071611634272885,0.2451044249894942,0.1445060617782825
91,270,1.804454873038303,0.46032261071113867,0.11417770769633917,0.2747889750009267,0.2872501592037389,0.1698419579358596
91,320,2.199273117867479,0.5782532016709832,0.15438211128271384,0.2890423132198886,0.3663176564768485,0.22254566428947936
91,370,2.745624788447456,0.7327702445464556,0.24335455201280864,0.47179921236141853,0.4880623982796321,0.32205846284051287
91,420,3.555585707820449,0.731773614422535,0.24255120238532546,0.3766230269710563,0.4871624084039302,0.32122403139201655
91,470,4.886657343860002,0.6842699984550706,0.2085928990956003,0.40620117629126246,0.44643144877533547,0.28508747943273355
92,120,1.0743511113676965,0.3317791008210571,0.08310576961843541,0.22949978795444279,0.20744243521974626,0.12309542255105724
92,170,1.2675745837390786,0.28137888312299175,0.07309657366490396,0.1889541161143628,0.17723772839394786,0.10659086606430564
92,220,1.5044948573296935,0.2299701564490525,0.06370214982327216,0.17458605781149422,0.14683615313616233,0.09044003862947528
92,270,1.804454873038303,0.46159673983513216,0.11453918930717755,0.24687807802246065,0.28806796457115486,0.1703502042082899
92,320,2.199273117867479,0.6305265271165882,0.17818957743305508,0.36091164086848765,0.40435805227482163,0.2509307818837502
92,370,2.745624788447456,0.5761406492525414,0.15351468838769156,0.2613276309023004,0.36482766882011647,0.22147800963958048
92,420,3.555585707820449,0.6316398199622026,0.17875147202844477,0.35874044473714284,0.4051956459953237,0.25158134792833586
92,470,4.886657343860002,0.7100171136467973,0.22600596103125314,0.34703639728356733,0.46801153733902523,0.30384075704660407
93,120,1.0743511113676965,0.09305526033678657,0.040411195796106525,0.11530978225923871,0.06673322806644655,0.04887699250926104
93,170,1.2675745837390786,0.41008748984769205,0.10086901153213701,0.30804737800378956,0.25547825068991453,0.1505950499794079
93,220,1.5044948573296935,0.49727390070548116,0.12521689183617501,0.29876055759277637,0.3112453962708281,0.18504811935011317
93,270,1.804454873038303,0.5519533090331765,0.14403165487828018,0.26164728033821677,0.34799248195572835,0.20963034732537486
93,320,2.199273117867479,0.5847704171004219,0.1571003157244587,0.25747368918552166,0.3709353664124403,0.22587479524332899
93,370,2.745624788447456,0.4801368046600405,0.11994949560370938,0.26656169531119456,0.30004315013187494,0.17787193308519922
93,420,3.555585707820449,0.6454569738804258,0.18594386148065445,0.4285277838760243,0.4157004176805401,0.25983907892913477
93,470,4.886657343860002,0.7226352104833286,0.23537678531527595,0.33631091185609224,0.47900599789930226,0.3137337816877156
94,120,1.0743511113676965,0.37187964685564645,0.09181176692300108,0.19630273263777304,0.23184570688932377,0.13685003967190296
94,170,1.2675745837390786,0.39189180898637543,0.09645345704474051,0.22428543815268337,0.24417263301555797,0.1439634859649917
94,220,1.5044948573296935,0.4421155522879895,0.10914838060843024,0.23647578090177168,0.27563196644820986,0.16269349366509686
94,270,1.804454873038303,0.49373080349927667,0.12410568781869225,0.33259334570469373,0.30891824565898446,0.18354583775259448
94,320,2.199273117867479,0.5753785576396283,0.15320338463906558,0.3010015010268555,0.36429097113934694,0.22109421379800714
94,370,2.745624788447456,0.6185302951072602,0.1722922656342496,0.4068374210423772,0.3954112803707549,0.24405269059683854
94,420,3.555585707820449,0.7171947936409055,0.23126317516705297,0.405095206291955,0.47422898440397926,0.30940680511634966
94,470,4.886657343860002,0.75687635596555,0.2641621466611116,0.3320257399255569,0.5105192513133308,0.34339649853055704
95,120,1.0743511113676965,0.3454880509538778,0.08599951752527779,0.26236976472162754,0.2157437842395778,0.12772838463628125
95,170,1.2675745837390786,0.49313618129148307,0.12392035731924878,0.2821909976984928,0.3085282693053659,0.18329468823956413
95,220,1.5044948573296935,0.5753538686490872,0.15319331376538825,0.3137939911163024,0.36427359120723773,0.22108179215588558
95,270,1.804454873038303,0.6164377501983989,0.17129214426645967,0.3572996173915038,0.39386494723242926,0.24287689442688304
95,320,2.199273117867479,0.6454160040515238,0.18592191711299388,0.4070953514048883,0.41566896058225883,0.2598140750392156
95,370,2.745624788447456,0.6946344774735073,0.2153457521537221,0.3855307712259096,0.4549901148136147,0.29242112524405073
95,420,3.555585707820449,0.7438551527729312,0.2525833274047966,0.4738683773334083,0.4982192400888639,0.33158572664494557
95,470,4.886657343860002,0.7283957915689767,0.239859514023956,0.31634786364499534,0.48412765279646636,0.318422004378428
96,120,1.0743511113676965,0.23619634198193395,0.06480495584465318,0.20843762685594092,0.15050064891329357,0.0923667454990742
96,170,1.2675745837390786,0.19385565946367322,0.05745008640957816,0.14424995554913028,0.1256528729366257,0.07938573788506355
96,220,1.5044948573296935,0.5060324006355408,0.1280156357079767,0.3757965079078047,0.31702401817175874,0.18880526344593657
96,270,1.804454873038303,0.5352065550228458,0.13791153237633058,0.26611807860954895,0.33655904369958817,0.20180133507715503
96,320,2.199273117867479,0.5775691146556303,0.1541004991643461,0.35181186637322004,0.3658348069099882,0.22219932938251707
96,370,2.745624788447456,0.6557446890724983,0.19157684165850852,0.3758151596309675,0.4236607653655034,0.26622059630159556
96,420,3.555585707820449,0.650862932188664,0.18887303308619752,0.3313338256866313,0.41986798263743075,0.2631665475299765
96,470,4.886657343860002,0.6598087242572122,0.19387160319319097,0.28854560814716346,0.42684016372520156,0.2687998782505316
97,120,1.0743511113676965,0.1452212228813602,0.04927329225354715,0.09765963907653208,0.09724725756745367,0.06470286979149051
97,170,1.2675745837390786,0.35925337272442726,0.0889895565782568,0.2526882778107592,0.22412146465134203,0.13245121833210605
97,220,1.5044948573296935,0.45116437032733203,0.11161666660036795,0.24788671363709097,0.28139051846385,0.1662200081024214
97,270,1.804454873038303,0.5330177743680005,0.1371364925821369,0.33908109160345046,0.3350771334750687,0.2007989488036235
97,320,2.199273117867479,0.6146969199373513,0.17046637763490347,0.30578634546441624,0.3925816487861274,0.2419039745932619
97,370,2.745624788447456,0.610635805118801,0.16856170444615948,0.2800097090064604,0.38959875478248024,0.23965251973746754
97,420,3.555585707820449,0.6642149619995007,0.19640598882891713,0.4594822700197015,0.4303104754142089,0.27163528014610605
97,470,4.886657343860002,0.7567062020997969,0.2640053455957466,0.40336917081684653,0.5103557738477718,0.34323755017480667
98,120,1.0743511113676965,0.2799618479981907,0.07282780463949001,0.20716985743419009,0.17639482631884035,0.10613744208386809
98,170,1.2675745837390786,0.5714791391766603,0.15162374667286005,0.30726323817631185,0.36155144292476016,0.21914152731672054
98,220,1.5044948573296935,0.5048515041715176,0.12763389386160884,0.26081707394649,0.3162426990165632,0.18829500795620785
98,270,1.804454873038303,0.5575355429523751,0.1461498950858363,0.44308459426680213,0.3518427190191057,0.21230563925061796
98,320,2.199273117867479,0.7038578041932941,0.2216415578350489,0.3208226536930225,0.4627496810141715,0.29918771140559547
98,370,2.745624788447456,0.5872099958476527,0.1581345739927813,0.29362704456145405,0.372672284920217,0.22713504589265548
98,420,3.555585707820449,0.5454346754552913,0.14160851331786228,0.3656588507178321,0.3435215943865768,0.20654860154883622
98,470,4.886657343860002,0.7973872171453477,0.3063585875235125,0.5346101206045395,0.5518729023344301,0.38532187797205053
99,120,1.0743511113676965,0.4239365278990801,0.10436544660727909,0.34254657208325695,0.2641509872531796,0.1557563077276012
99,170,1.2675745837390786,0.35736387341020637,0.08857389939300497,0.2251441867830947,0.22296888640160567,0.13179854966303362
99,220,1.5044948573296935,0.42259303932339,0.10402085921843007,0.1725039302599753,0.26330694927091003,0.1552510850523603
99,270,1.804454873038303,0.6109738915280464,0.16871912029831593,0.31500818782714557,0.38984650591318115,0.23983898958121283
99,320,2.199273117867479,0.6457713807308432,0.1861123910396365,0.34736830678165587,0.41594188588523984,0.2600310673054618
99,370,2.745624788447456,0.7034713683657309,0.22137210312114675,0.3666813543177184,0.4624217357434388,0.29889944472616264
99,420,3.555585707820449,0.6981751630469244,0.2177296098805631,0.3402590974727878,0.45795238646374375,0.2949910147575077
99,470,4.886657343860002,0.7861942540905645,0.29364145175762013,0.44804268574893485,0.5399178529240923,0.37284984745098615
