seed,probe_index,rho,mean_risk,va_risk,ac_risk,measured_recovery_time,theoretical_recovery_time
0,120,0.39424040066777966,0.2231726692188066,0.0,0.3529235884625874,5.0,1.0743511113676965
0,170,0.4543405676126878,0.21562946247924283,0.1789537668613428,0.40685556564580194,6.0,1.2675745837390786
0,220,0.514440734557596,0.15879696288945788,0.0,0.40822914678258515,7.0,1.5044948573296935
0,270,0.5745409015025041,0.290907413065415,0.36964529339045216,0.4734677987227398,9.0,1.804454873038303
0,320,0.6346410684474123,0.22862830942058424,0.0,0.49435418079427884,11.0,2.199273117867479
0,370,0.6947412353923206,0.2626208181012778,0.0,0.4830059439544788,13.0,2.745624788447456
0,420,0.7548414023372287,0.36024212374945314,0.3333259312253378,0.528555858207029,17.0,3.555585707820449
0,470,0.8149415692821369,0.4801403908548775,0.37203070922897274,0.7447004623934937,23.0,4.886657343860002
1,120,0.39424040066777966,0.17692953630660685,0.0,0.2088614323153487,5.0,1.0743511113676965
1,170,0.4543405676126878,0.18724737654695478,0.31895058579893265,0.22857675492176832,6.0,1.2675745837390786
1,220,0.514440734557596,0.1567613483685431,0.11478122551612302,0.2672231218735316,7.0,1.5044948573296935
1,270,0.5745409015025041,0.19205488063419243,0.0,0.26660623192337796,9.0,1.804454873038303
1,320,0.6346410684474123,0.29865229052771936,0.4888242794683345,0.30176536289624467,11.0,2.199273117867479
1,370,0.6947412353923206,0.20901099156874398,0.0,0.41472445526883994,13.0,2.745624788447456
1,420,0.7548414023372287,0.24940677916332055,0.31250678307081103,0.5171048320607213,17.0,3.555585707820449
1,470,0.8149415692821369,0.4773682695004034,0.31908047614662716,0.7627109518181762,23.0,4.886657343860002
2,120,0.39424040066777966,0.13896041444517404,0.0,0.28863853195587375,5.0,1.0743511113676965
2,170,0.4543405676126878,0.16300272471574478,0.0,0.3274240019474487,6.0,1.2675745837390786
2,220,0.514440734557596,0.2067496464116906,0.18557777374380602,0.25377149222703266,7.0,1.5044948573296935
2,270,0.5745409015025041,0.4543518229193088,0.5243002434508834,0.4965533153649684,9.0,1.804454873038303
2,320,0.6346410684474123,0.31835410847288576,0.07988799679053393,0.658655562081367,11.0,2.199273117867479
2,370,0.6947412353923206,0.333825110953388,0.0,0.6322939475597211,13.0,2.745624788447456
2,420,0.7548414023372287,0.3590978274950474,0.09310470343373767,0.6752376470492584,17.0,3.555585707820449
2,470,0.8149415692821369,0.5186492826418861,0.47984188465089017,0.7846362034925966,23.0,4.886657343860002
3,120,0.39424040066777966,0.1678216341621494,0.11876970973382628,0.21755751369277299,5.0,1.0743511113676965
3,170,0.4543405676126878,0.19420135020764864,0.0,0.35436020588833794,6.0,1.2675745837390786
3,220,0.514440734557596,0.21081788189880016,0.0129406787707389,0.5018838643840704,7.0,1.5044948573296935
3,270,0.5745409015025041,0.29685146016460384,0.19886510016704528,0.5539036520489143,9.0,1.804454873038303
3,320,0.6346410684474123,0.29303368538703856,0.10105437901263037,0.5665936419417953,11.0,2.199273117867479
3,370,0.6947412353923206,0.33218638778755744,0.260008405791193,0.611183789593468,13.0,2.745624788447456
3,420,0.7548414023372287,0.3361842171815512,0.0,0.7021914357333823,17.0,3.555585707820449
3,470,0.8149415692821369,0.4135065572050813,0.4158096243878342,0.8071711852069908,23.0,4.886657343860002
4,120,0.39424040066777966,0.2409629813628368,0.341543003076896,0.27854478855754683,5.0,1.0743511113676965
4,170,0.4543405676126878,0.24436329666673373,0.11236989358146077,0.45779789279094985,6.0,1.2675745837390786
4,220,0.514440734557596,0.22147246061736608,0.0,0.42393557149107575,7.0,1.5044948573296935
4,270,0.5745409015025041,0.24939978654844727,0.07344938492189645,0.4737106225977792,9.0,1.804454873038303
4,320,0.6346410684474123,0.3908959326510556,0.19866661869877122,0.5887951313409452,11.0,2.199273117867479
4,370,0.6947412353923206,0.29838231320435715,0.0,0.5696921104613156,13.0,2.745624788447456
4,420,0.7548414023372287,0.4730801510638153,0.45680510235411864,0.6902038497822537,17.0,3.555585707820449
4,470,0.8149415692821369,0.4579708405696315,0.4121760700409355,0.7775467427137711,23.0,4.886657343860002
5,120,0.39424040066777966,0.2100770866200768,0.0,0.32486460244921056,5.0,1.0743511113676965
5,170,0.4543405676126878,0.28911910433051424,0.31312324714181305,0.36938132822247094,6.0,1.2675745837390786
5,220,0.514440734557596,0.23357661785812675,0.18998458561592235,0.3988481644763501,7.0,1.5044948573296935
5,270,0.5745409015025041,0.22686590588934114,0.058332382824299644,0.4848311728692606,9.0,1.804454873038303
5,320,0.6346410684474123,0.35275518155904273,0.02882391254206529,0.6168154076961663,11.0,2.199273117867479
5,370,0.6947412353923206,0.4392947844146544,0.41058069000113717,0.7205169946608081,13.0,2.745624788447456
5,420,0.7548414023372287,0.389638507027915,0.0,0.782920082092672,17.0,3.555585707820449
5,470,0.8149415692821369,0.4208491989590322,0.4439651139846096,0.6414149866696927,23.0,4.886657343860002
6,120,0.39424040066777966,0.26203591264047793,0.3076752011715228,0.3555844941175784,5.0,1.0743511113676965
6,170,0.4543405676126878,0.18848089137148719,0.0,0.40939090752876084,6.0,1.2675745837390786
6,220,0.514440734557596,0.29815176322660575,0.2605365629596902,0.5271670672218239,7.0,1.5044948573296935
6,270,0.5745409015025041,0.35411694199188937,0.0,0.6166782561255894,9.0,1.804454873038303
6,320,0.6346410684474123,0.30565938329915654,0.1368272959737198,0.5416885754392654,11.0,2.199273117867479
6,370,0.6947412353923206,0.3042832726082298,0.17720831851612673,0.5700886770611624,13.0,2.745624788447456
6,420,0.7548414023372287,0.31070923278407925,0.03926349871008661,0.5967644129425452,17.0,3.555585707820449
6,470,0.8149415692821369,0.4771097306967773,0.3961096369877709,0.759332612776954,23.0,4.886657343860002
7,120,0.39424040066777966,0.16755161158619117,0.0,0.2759822214758727,5.0,1.0743511113676965
7,170,0.4543405676126878,0.16788562036552862,0.031117066360521473,0.26388544475178677,6.0,1.2675745837390786
7,220,0.514440734557596,0.2808674778322568,0.32574571405993913,0.4034148234463597,7.0,1.5044948573296935
7,270,0.5745409015025041,0.33626423927646293,0.17218206761497723,0.5979956024054973,9.0,1.804454873038303
7,320,0.6346410684474123,0.36090622660425414,0.0,0.5920847445911728,11.0,2.199273117867479
7,370,0.6947412353923206,0.29006549059480824,0.2096009055406305,0.5500678551423119,13.0,2.745624788447456
7,420,0.7548414023372287,0.26940344052481213,0.05915502427257513,0.5918579934400248,17.0,3.555585707820449
7,470,0.8149415692821369,0.3787256893569407,0.0,0.6916072915899443,23.0,4.886657343860002
8,120,0.39424040066777966,0.19262861881947066,0.0,0.2895232495283051,5.0,1.0743511113676965
8,170,0.4543405676126878,0.15596275578276952,0.0,0.2694109506914091,6.0,1.2675745837390786
8,220,0.514440734557596,0.2957300912399313,0.37070726653884145,0.4647345430184001,7.0,1.5044948573296935
8,270,0.5745409015025041,0.2841288265119262,0.0,0.5216774764474418,9.0,1.804454873038303
8,320,0.6346410684474123,0.3908763731400128,0.29596750745524647,0.5736823554374625,11.0,2.199273117867479
8,370,0.6947412353923206,0.33462921877633267,0.0,0.6566424867717204,13.0,2.745624788447456
8,420,0.7548414023372287,0.3983272774164049,0.3756409535281402,0.6532066456296028,17.0,3.555585707820449
8,470,0.8149415692821369,0.30843863050007564,0.0,0.649252002800508,23.0,4.886657343860002
9,120,0.39424040066777966,0.22264214879371505,0.2775021274730106,0.11580025357774626,5.0,1.0743511113676965
9,170,0.4543405676126878,0.13463391353729523,0.0,0.1930185623190308,6.0,1.2675745837390786
9,220,0.514440734557596,0.22829938345196474,0.10909879274808454,0.34820593697885593,7.0,1.5044948573296935
9,270,0.5745409015025041,0.4578686072865358,0.5644500019288263,0.63994989170843,9.0,1.804454873038303
9,320,0.6346410684474123,0.33646031632737833,0.0,0.7010104623203498,11.0,2.199273117867479
9,370,0.6947412353923206,0.3992798747384536,0.3169465027313818,0.6739630353903133,13.0,2.745624788447456
9,420,0.7548414023372287,0.3455827847515778,0.0,0.7258446355020556,17.0,3.555585707820449
9,470,0.8149415692821369,0.44799557666541306,0.20531407151041148,0.7621661714420765,23.0,4.886657343860002
10,120,0.39424040066777966,0.2516530820708637,0.0,0.324007893943436,5.0,1.0743511113676965
10,170,0.4543405676126878,0.35138510339905554,0.3575344652523146,0.3981616302039923,6.0,1.2675745837390786
10,220,0.514440734557596,0.3115547332938413,0.267369902018915,0.5247662991328317,7.0,1.5044948573296935
10,270,0.5745409015025041,0.2829884770674272,0.0,0.5841763675798827,9.0,1.804454873038303
10,320,0.6346410684474123,0.4038970367470681,0.49062273682372004,0.6289240942435524,11.0,2.199273117867479
10,370,0.6947412353923206,0.29522843961693734,0.0,0.6083157419947285,13.0,2.745624788447456
10,420,0.7548414023372287,0.4177599577683777,0.5341516658727237,0.5691564806460117,17.0,3.555585707820449
10,470,0.8149415692821369,0.36746403612525,0.0,0.6596501469577637,23.0,4.886657343860002
11,120,0.39424040066777966,0.24762643817014082,0.29597075842695775,0.2851553571052643,5.0,1.0743511113676965
11,170,0.4543405676126878,0.21761042977963294,0.10746673988477251,0.41405751440345495,6.0,1.2675745837390786
11,220,0.514440734557596,0.26624926055207354,0.0,0.514471387647478,7.0,1.5044948573296935
11,270,0.5745409015025041,0.42782003560788534,0.5869201079022992,0.5581645041678502,9.0,1.804454873038303
11,320,0.6346410684474123,0.27853107346135636,0.0,0.5606712319496023,11.0,2.199273117867479
11,370,0.6947412353923206,0.3181134400498531,0.3482727273451074,0.5268353802567052,13.0,2.745624788447456
11,420,0.7548414023372287,0.2281891766592969,0.0,0.5848897857003346,17.0,3.555585707820449
11,470,0.8149415692821369,0.4230478760886527,0.4685617250829329,0.6405547234507103,23.0,4.886657343860002
12,120,0.39424040066777966,0.2172739378883895,0.0,0.47202991224055457,5.0,1.0743511113676965
12,170,0.4543405676126878,0.18742072106531363,0.0,0.3389449337049043,6.0,1.2675745837390786
12,220,0.514440734557596,0.2866422294290413,0.268177519100953,0.4521344058916785,7.0,1.5044948573296935
12,270,0.5745409015025041,0.3628479739831473,0.24234763136009174,0.5357155972167076,9.0,1.804454873038303
12,320,0.6346410684474123,0.2623548985570883,0.0006993462525713978,0.5426206096283354,11.0,2.199273117867479
12,370,0.6947412353923206,0.2737681890019777,0.0,0.5315702556115685,13.0,2.745624788447456
12,420,0.7548414023372287,0.3420590421934914,0.1927592850541333,0.6358972436027442,17.0,3.555585707820449
12,470,0.8149415692821369,0.46572176802982357,0.055194157250538,0.796762427542786,23.0,4.886657343860002
13,120,0.39424040066777966,0.23454358562284297,0.0,0.344275017741839,5.0,1.0743511113676965
13,170,0.4543405676126878,0.30457325660146484,0.44460203732124015,0.3260378245161015,6.0,1.2675745837390786
13,220,0.514440734557596,0.3361365161745321,0.1738485144140769,0.5186543805420601,7.0,1.5044948573296935
13,270,0.5745409015025041,0.30130044195676237,0.0,0.5152966420691535,9.0,1.804454873038303
13,320,0.6346410684474123,0.2814724783761503,0.0,0.469614004800778,11.0,2.199273117867479
13,370,0.6947412353923206,0.42820841941888554,0.3888651459523892,0.6292684724252936,13.0,2.745624788447456
13,420,0.7548414023372287,0.27623208274358413,0.0,0.5906232859050093,17.0,3.555585707820449
13,470,0.8149415692821369,0.3456945140785372,0.44779106264516744,0.6860273511944935,23.0,4.886657343860002
14,120,0.39424040066777966,0.2420022122551871,0.26454624131883575,0.2995662860293288,5.0,1.0743511113676965
14,170,0.4543405676126878,0.14117025050828585,0.0,0.29717230701326125,6.0,1.2675745837390786
14,220,0.514440734557596,0.2917954067156304,0.5232218380770561,0.4095285118654943,7.0,1.5044948573296935
14,270,0.5745409015025041,0.2430585176746917,0.0,0.530832962683343,9.0,1.804454873038303
14,320,0.6346410684474123,0.3252185933498807,0.37600912608285364,0.5523211976395922,11.0,2.199273117867479
14,370,0.6947412353923206,0.26964570993390735,0.0,0.6268669671979669,13.0,2.745624788447456
14,420,0.7548414023372287,0.41631461803496583,0.3485179127654121,0.7436816833120404,17.0,3.555585707820449
14,470,0.8149415692821369,0.35444876713168627,0.0,0.7144589041343868,23.0,4.886657343860002
15,120,0.39424040066777966,0.27211774920607723,0.3150868921388371,0.5128467152117517,5.0,1.0743511113676965
15,170,0.4543405676126878,0.2148105919797511,0.0,0.4917321032510499,6.0,1.2675745837390786
15,220,0.514440734557596,0.19597724912345657,0.14178784514700504,0.35178492591113253,7.0,1.5044948573296935
15,270,0.5745409015025041,0.44855558251040284,0.4269383722676309,0.5769364914118628,9.0,1.804454873038303
15,320,0.6346410684474123,0.35085349866502213,0.0,0.6997898468377793,11.0,2.199273117867479
15,370,0.6947412353923206,0.315191391957398,0.0,0.7064926715985728,13.0,2.745624788447456
15,420,0.7548414023372287,0.39994271653559077,0.0,0.6793032482570915,17.0,3.555585707820449
15,470,0.8149415692821369,0.26919547540313776,0.0,0.6138924011171604,23.0,4.886657343860002
16,120,0.39424040066777966,0.2678133130329125,0.3268586091759328,0.31450906468667883,5.0,1.0743511113676965
16,170,0.4543405676126878,0.26902726234796764,0.11684082482366154,0.48906200229084007,6.0,1.2675745837390786
16,220,0.514440734557596,0.33744719528043365,0.0,0.5652750817696406,7.0,1.5044948573296935
16,270,0.5745409015025041,0.27286653514104275,0.0,0.4748841662990232,9.0,1.804454873038303
16,320,0.6346410684474123,0.26594891177173785,0.2878812630928973,0.37033421287585366,11.0,2.199273117867479
16,370,0.6947412353923206,0.3707911070362234,0.4649149366634646,0.6246063242761261,13.0,2.745624788447456
16,420,0.7548414023372287,0.28920341752068335,0.0,0.701954008113945,17.0,3.555585707820449
16,470,0.8149415692821369,0.45493125096383,0.5173900295725593,0.7177153258365258,23.0,4.886657343860002
17,120,0.39424040066777966,0.18652594741293263,0.08220272057519296,0.1647762999696969,5.0,1.0743511113676965
17,170,0.4543405676126878,0.1146731006808801,0.0,0.13351211806118268,6.0,1.2675745837390786
17,220,0.514440734557596,0.2556629496950603,0.178279713582163,0.37624835276365576,7.0,1.5044948573296935
17,270,0.5745409015025041,0.19087027578997254,0.0,0.45316492878689374,9.0,1.804454873038303
17,320,0.6346410684474123,0.441038839817056,0.5169697086587808,0.5680317718342087,11.0,2.199273117867479
17,370,0.6947412353923206,0.5758085631865927,0.6714274956379799,0.8154678563870426,13.0,2.745624788447456
17,420,0.7548414023372287,0.43418928427118886,0.0,0.8209527137417545,17.0,3.555585707820449
17,470,0.8149415692821369,0.42008454425954184,0.0,0.7252880475203987,23.0,4.886657343860002
18,120,0.39424040066777966,0.1334263409640319,0.0,0.19613621042259877,5.0,1.0743511113676965
18,170,0.4543405676126878,0.2563128836506233,0.2473501855567508,0.35443229135875276,6.0,1.2675745837390786
18,220,0.514440734557596,0.3348027478812082,0.29474423969679586,0.4949396648774351,7.0,1.5044948573296935
18,270,0.5745409015025041,0.23669398966532168,0.0,0.5390413838614813,9.0,1.804454873038303
18,320,0.6346410684474123,0.3642232781831602,0.2928967223480293,0.6340883370993573,11.0,2.199273117867479
18,370,0.6947412353923206,0.410952762639831,0.3459321381758783,0.7286837034440082,13.0,2.745624788447456
18,420,0.7548414023372287,0.3420811675499895,0.0,0.7532028785668747,17.0,3.555585707820449
18,470,0.8149415692821369,0.3495482349651695,0.0,0.6772566483650562,23.0,4.886657343860002
19,120,0.39424040066777966,0.30197248539206256,0.4230598707675729,0.4382496319574535,5.0,1.0743511113676965
19,170,0.4543405676126878,0.2035884233502563,0.0,0.4467230759589559,6.0,1.2675745837390786
19,220,0.514440734557596,0.24796937715506812,0.17140811635858344,0.3957812870701354,7.0,1.5044948573296935
19,270,0.5745409015025041,0.22876277006822923,0.0,0.5011501194650197,9.0,1.804454873038303
19,320,0.6346410684474123,0.32110430832372955,0.30525129067629087,0.5670761572133078,11.0,2.199273117867479
19,370,0.6947412353923206,0.38378818472865933,0.12194086553934669,0.612587040841689,13.0,2.745624788447456
19,420,0.7548414023372287,0.36818071785545936,0.06693152785828693,0.6570687646521646,17.0,3.555585707820449
19,470,0.8149415692821369,0.3645110219174697,0.0,0.7591424830349568,23.0,4.886657343860002
20,120,0.39424040066777966,0.18094003069002904,0.0,0.33402176582104126,5.0,1.0743511113676965
20,170,0.4543405676126878,0.19771829683352865,0.0,0.4159079572464601,6.0,1.2675745837390786
20,220,0.514440734557596,0.2878157500673503,0.3674949923616534,0.42119217689121413,7.0,1.5044948573296935
20,270,0.5745409015025041,0.18534360884139664,0.0,0.5472929302154859,9.0,1.804454873038303
20,320,0.6346410684474123,0.34779723603282026,0.12491872368812262,0.5589584505819759,11.0,2.199273117867479
20,370,0.6947412353923206,0.41350421678915267,0.20293027136745434,0.6342786196539947,13.0,2.745624788447456
20,420,0.7548414023372287,0.4662900156242792,0.4249237221787665,0.6860199306667952,17.0,3.555585707820449
20,470,0.8149415692821369,0.414348211033763,0.0,0.7842690840305471,23.0,4.886657343860002
21,120,0.39424040066777966,0.28051433827178884,0.42353336437484124,0.31707481054037623,5.0,1.0743511113676965
21,170,0.4543405676126878,0.2583645995572447,0.0,0.4565178893366926,6.0,1.2675745837390786
21,220,0.514440734557596,0.2882332364013833,0.09868252500634245,0.524338535140215,7.0,1.5044948573296935
21,270,0.5745409015025041,0.23419591495957146,0.0,0.5704043022810081,9.0,1.804454873038303
21,320,0.6346410684474123,0.2752525372736369,0.0,0.5515636924514594,11.0,2.199273117867479
21,370,0.6947412353923206,0.5062884140226681,0.4655661438267813,0.7236424229556009,13.0,2.745624788447456
21,420,0.7548414023372287,0.5270197279712633,0.4811986673796025,0.821028920389439,17.0,3.555585707820449
21,470,0.8149415692821369,0.46073407232629293,0.17410567447980152,0.8769552650325532,23.0,4.886657343860002
22,120,0.39424040066777966,0.17759808169245042,0.0,0.3889187746917032,5.0,1.0743511113676965
22,170,0.4543405676126878,0.1692777272693618,0.047491880849990786,0.4360980642733986,6.0,1.2675745837390786
22,220,0.514440734557596,0.16045762405800565,0.0,0.4457695497540859,7.0,1.5044948573296935
22,270,0.5745409015025041,0.26427924237626427,0.20031928617323191,0.4637574634424536,9.0,1.804454873038303
22,320,0.6346410684474123,0.4126029459601549,0.3747112100675746,0.5802589101809356,11.0,2.199273117867479
22,370,0.6947412353923206,0.42905847313798356,0.19331469131304502,0.6672931425980965,13.0,2.745624788447456
22,420,0.7548414023372287,0.31357956895703876,0.0,0.6042445040853824,17.0,3.555585707820449
22,470,0.8149415692821369,0.6176405528636874,0.7206217822547195,0.8416749016965716,23.0,4.886657343860002
23,120,0.39424040066777966,0.19401694651313026,0.13563623565487415,0.421115184922903,5.0,1.0743511113676965
23,170,0.4543405676126878,0.20118527542758907,0.0,0.5029856349949285,6.0,1.2675745837390786
23,220,0.514440734557596,0.284941073449163,0.19610850664324442,0.4425370197438061,7.0,1.5044948573296935
23,270,0.5745409015025041,0.40647660029224253,0.32636616862097134,0.654647459966797,9.0,1.804454873038303
23,320,0.6346410684474123,0.33491253236823065,0.0,0.7638172887320139,11.0,2.199273117867479
23,370,0.6947412353923206,0.3449308267210072,0.0,0.6833720205215656,13.0,2.745624788447456
23,420,0.7548414023372287,0.37613705086953697,0.33886971113106434,0.5662127991978896,17.0,3.555585707820449
23,470,0.8149415692821369,0.43113893868900705,0.045730210313265074,0.7417008974794981,23.0,4.886657343860002
24,120,0.39424040066777966,0.1571802849047708,0.0,0.27985606187877965,5.0,1.0743511113676965
24,170,0.4543405676126878,0.14914425389869326,0.0,0.24413993547302382,6.0,1.2675745837390786
24,220,0.514440734557596,0.3201671888160072,0.4364971495989578,0.42180133461179037,7.0,1.5044948573296935
24,270,0.5745409015025041,0.2586648956482699,0.0,0.554052407950127,9.0,1.804454873038303
24,320,0.6346410684474123,0.37993510852202944,0.09353058606425424,0.6397286420096651,11.0,2.199273117867479
24,370,0.6947412353923206,0.3178690562216385,0.07205972707228758,0.576096971308472,13.0,2.745624788447456
24,420,0.7548414023372287,0.4212217031173296,0.2383475363428098,0.7107275823703583,17.0,3.555585707820449
24,470,0.8149415692821369,0.3713261604611945,0.0,0.7008988668569078,23.0,4.886657343860002
25,120,0.39424040066777966,0.3050875896221429,0.0,0.4840562149170454,5.0,1.0743511113676965
25,170,0.4543405676126878,0.25348781551540667,0.2281602650837964,0.3802167746100166,6.0,1.2675745837390786
25,220,0.514440734557596,0.2460061443539662,0.0,0.46307415596704493,7.0,1.5044948573296935
25,270,0.5745409015025041,0.31307741502823083,0.15336074447023773,0.4728905137623469,9.0,1.804454873038303
25,320,0.6346410684474123,0.19970207463183112,0.0,0.4624663458790521,11.0,2.199273117867479
25,370,0.6947412353923206,0.38161427079412924,0.42443724800282334,0.6186380651103102,13.0,2.745624788447456
25,420,0.7548414023372287,0.30026793981338973,0.0,0.5978206858962459,17.0,3.555585707820449
25,470,0.8149415692821369,0.3929362139374878,0.44088825120185127,0.6171470402524278,23.0,4.886657343860002
26,120,0.39424040066777966,0.1647303503705669,0.0,0.3001732559477519,5.0,1.0743511113676965
26,170,0.4543405676126878,0.2779223194823639,0.3778484428802634,0.33351687334259617,6.0,1.2675745837390786
26,220,0.514440734557596,0.18629423275391083,0.08016202385879478,0.3448679643640149,7.0,1.5044948573296935
26,270,0.5745409015025041,0.2506897904041104,0.042957018218704346,0.4348412871593057,9.0,1.804454873038303
26,320,0.6346410684474123,0.25899774747111737,0.0,0.4644051943207763,11.0,2.199273117867479
26,370,0.6947412353923206,0.2858091751121215,0.10428430119701115,0.5504802114558283,13.0,2.745624788447456
26,420,0.7548414023372287,0.2488277188770894,0.08854853775145988,0.5020180632738928,17.0,3.555585707820449
26,470,0.8149415692821369,0.5313127307431067,0.6338709140610206,0.7496421177558752,23.0,4.886657343860002
27,120,0.39424040066777966,0.19092002834269,0.40354539497149244,0.20932386274185888,5.0,1.0743511113676965
27,170,0.4543405676126878,0.14327962163038088,0.0,0.33319576621632674,6.0,1.2675745837390786
27,220,0.514440734557596,0.3475155970695547,0.3479596534020031,0.4816472517612498,7.0,1.5044948573296935
27,270,0.5745409015025041,0.2813156592942024,0.27094779039735906,0.5244199359107453,9.0,1.804454873038303
27,320,0.6346410684474123,0.22779431505779027,0.0,0.5588730469986007,11.0,2.199273117867479
27,370,0.6947412353923206,0.30292577240210417,0.10126176523353725,0.6250363362704258,13.0,2.745624788447456
27,420,0.7548414023372287,0.43928996335747106,0.3041412844147384,0.720950107657392,17.0,3.555585707820449
27,470,0.8149415692821369,0.39277078145074207,0.0,0.7327795579271459,23.0,4.886657343860002
28,120,0.39424040066777966,0.15359179101083578,0.05876705735371579,0.3257682359538502,5.0,1.0743511113676965
28,170,0.4543405676126878,0.2189786564267801,0.0,0.4913975843505254,6.0,1.2675745837390786
28,220,0.514440734557596,0.27603677470825316,0.0,0.4850606544017493,7.0,1.5044948573296935
28,270,0.5745409015025041,0.2659626225055163,0.10197534158329546,0.43745274499390696,9.0,1.804454873038303
28,320,0.6346410684474123,0.2802323754571356,0.0,0.5494078564693134,11.0,2.199273117867479
28,370,0.6947412353923206,0.2517234725861813,0.025866138378925596,0.47846970639082886,13.0,2.745624788447456
28,420,0.7548414023372287,0.3752407277241837,0.4872627564385815,0.5967248736645238,17.0,3.555585707820449
28,470,0.8149415692821369,0.32201491281286626,0.0,0.6824486030154193,23.0,4.886657343860002
29,120,0.39424040066777966,0.19146799558103844,0.0,0.3088607066375193,5.0,1.0743511113676965
29,170,0.4543405676126878,0.12601441175719136,0.10844000980999613,0.17504260825595497,6.0,1.2675745837390786
29,220,0.514440734557596,0.17300048004377236,0.0,0.2836734936125902,7.0,1.5044948573296935
29,270,0.5745409015025041,0.20410366058138943,0.0,0.32629919983290523,9.0,1.804454873038303
29,320,0.6346410684474123,0.3426783665857833,0.35188389620796456,0.4685066410947172,11.0,2.199273117867479
29,370,0.6947412353923206,0.5104276282081358,0.509631984302996,0.7506513024498053,13.0,2.745624788447456
29,420,0.7548414023372287,0.3444292851811508,0.0,0.6773225436512859,17.0,3.555585707820449
29,470,0.8149415692821369,0.4042809388916271,0.37437661121734067,0.6013774303955216,23.0,4.886657343860002
30,120,0.39424040066777966,0.23400742362650623,0.06090225245249714,0.3976097171360564,5.0,1.0743511113676965
30,170,0.4543405676126878,0.18922854698278832,0.01674138006308712,0.38661559180202776,6.0,1.2675745837390786
30,220,0.514440734557596,0.24975659804443748,0.2768013411586382,0.39856102706994534,7.0,1.5044948573296935
30,270,0.5745409015025041,0.22009189429834777,0.0,0.5306538250589439,9.0,1.804454873038303
30,320,0.6346410684474123,0.37920662541115907,0.0936707514247872,0.7055395674419354,11.0,2.199273117867479
30,370,0.6947412353923206,0.3463304205199197,0.0,0.6891743858370862,13.0,2.745624788447456
30,420,0.7548414023372287,0.5460333005296983,0.7169363231222816,0.7698288636141433,17.0,3.555585707820449
30,470,0.8149415692821369,0.41013696008829725,0.0,0.7919938821736281,23.0,4.886657343860002
31,120,0.39424040066777966,0.3202010655932813,0.14973460966353758,0.41206821469653065,5.0,1.0743511113676965
31,170,0.4543405676126878,0.2831410707097969,0.24901229300486494,0.4494964922039605,6.0,1.2675745837390786
31,220,0.514440734557596,0.22827964110894383,0.0,0.4620180961106204,7.0,1.5044948573296935
31,270,0.5745409015025041,0.16855082145175918,0.0,0.35547588224842896,9.0,1.804454873038303
31,320,0.6346410684474123,0.29397377132750363,0.41750167339703426,0.50090691234186,11.0,2.199273117867479
31,370,0.6947412353923206,0.4529713740722385,0.4812956533793047,0.6907488448287452,13.0,2.745624788447456
31,420,0.7548414023372287,0.4087686657565679,0.0,0.7277657635416224,17.0,3.555585707820449
31,470,0.8149415692821369,0.46447000508976144,0.49704111319913535,0.7305934167452166,23.0,4.886657343860002
32,120,0.39424040066777966,0.20282212111894715,0.0,0.3592039230076107,5.0,1.0743511113676965
32,170,0.4543405676126878,0.3655776590986828,0.4308606789006342,0.45692567258334715,6.0,1.2675745837390786
32,220,0.514440734557596,0.19027122320566742,0.0,0.3196664815674617,7.0,1.5044948573296935
32,270,0.5745409015025041,0.47039104854617914,0.6505906073775406,0.5235573031393409,9.0,1.804454873038303
32,320,0.6346410684474123,0.3125358316262544,0.0,0.6715633889738107,11.0,2.199273117867479
32,370,0.6947412353923206,0.49314282547433946,0.4189440256287422,0.7465639803023957,13.0,2.745624788447456
32,420,0.7548414023372287,0.35164309823501777,0.0,0.7184231788299573,17.0,3.555585707820449
32,470,0.8149415692821369,0.37624040437582346,0.04591453009752222,0.7335167066487759,23.0,4.886657343860002
33,120,0.39424040066777966,0.10326044041967816,0.0,0.0734207268991296,5.0,1.0743511113676965
33,170,0.4543405676126878,0.34454056240058367,0.5727338002683025,0.4286972408730544,6.0,1.2675745837390786
33,220,0.514440734557596,0.2612312001153342,0.0,0.5167802013680828,7.0,1.5044948573296935
33,270,0.5745409015025041,0.33574032803487663,0.04933162451967066,0.5029048954894625,9.0,1.804454873038303
33,320,0.6346410684474123,0.3311776363536231,0.12080232068025265,0.5693470028707902,11.0,2.199273117867479
33,370,0.6947412353923206,0.29597431076964414,0.0,0.6405694139813845,13.0,2.745624788447456
33,420,0.7548414023372287,0.4568665728314764,0.3311658330837114,0.7372533454711594,17.0,3.555585707820449
33,470,0.8149415692821369,0.42597644034892623,0.2537893117577483,0.7854950596512392,23.0,4.886657343860002
34,120,0.39424040066777966,0.14900214679331275,0.10785438386146562,0.2898187259803042,5.0,1.0743511113676965
34,170,0.4543405676126878,0.24589877859786108,0.1844497192425354,0.4811565582724182,6.0,1.2675745837390786
34,220,0.514440734557596,0.23429288258154984,0.03986201975576875,0.530150176667558,7.0,1.5044948573296935
34,270,0.5745409015025041,0.19234866675571577,0.010128533098998527,0.48933093579591636,9.0,1.804454873038303
34,320,0.6346410684474123,0.24942384742749554,0.0,0.4960365501764745,11.0,2.199273117867479
34,370,0.6947412353923206,0.4159229773033988,0.44093157189728427,0.6811831518556133,13.0,2.745624788447456
34,420,0.7548414023372287,0.31665187636082087,0.0,0.725919089999241,17.0,3.555585707820449
34,470,0.8149415692821369,0.3302607930001334,0.06696491946368277,0.6925980335342502,23.0,4.886657343860002
35,120,0.39424040066777966,0.2664543759903669,0.0,0.3134250456315577,5.0,1.0743511113676965
35,170,0.4543405676126878,0.21404943538495758,0.0,0.3203181197370846,6.0,1.2675745837390786
35,220,0.514440734557596,0.21155810502929312,0.1863435530041858,0.34338417724621917,7.0,1.5044948573296935
35,270,0.5745409015025041,0.2522023745709034,0.0,0.40763474554852275,9.0,1.804454873038303
35,320,0.6346410684474123,0.2039682159801511,0.04819679007893629,0.342849794577592,11.0,2.199273117867479
35,370,0.6947412353923206,0.41209117959495883,0.45897761024813255,0.6320046633472853,13.0,2.745624788447456
35,420,0.7548414023372287,0.33892713530985724,0.0,0.6653155119342938,17.0,3.555585707820449
35,470,0.8149415692821369,0.6071335410565127,0.8103991893147922,0.8117702918386982,23.0,4.886657343860002
36,120,0.39424040066777966,0.26067153958304706,0.43676546689981943,0.3576611905167556,5.0,1.0743511113676965
36,170,0.4543405676126878,0.18047373000170713,0.0,0.40445384913194515,6.0,1.2675745837390786
36,220,0.514440734557596,0.23475936198096967,0.15415634176121606,0.37008393213663404,7.0,1.5044948573296935
36,270,0.5745409015025041,0.21494027972595758,0.0,0.45225247856973416,9.0,1.804454873038303
36,320,0.6346410684474123,0.22954181622751704,0.0,0.4875746586997022,11.0,2.199273117867479
36,370,0.6947412353923206,0.37273233657091404,0.4339451180961108,0.5573804306927974,13.0,2.745624788447456
36,420,0.7548414023372287,0.40171789197942553,0.1970972217276582,0.6782265808295582,17.0,3.555585707820449
36,470,0.8149415692821369,0.3050336801483355,0.0,0.6401286900178103,23.0,4.886657343860002
37,120,0.39424040066777966,0.1502833657016735,0.0,0.26815183141433163,5.0,1.0743511113676965
37,170,0.4543405676126878,0.2584093030298308,0.1759142797144394,0.3918810217732972,6.0,1.2675745837390786
37,220,0.514440734557596,0.29704856573802996,0.31622946454844125,0.46461832873511166,7.0,1.5044948573296935
37,270,0.5745409015025041,0.30708199177672185,0.2982892573529755,0.585267697963271,9.0,1.804454873038303
37,320,0.6346410684474123,0.392552815288993,0.129484548551285,0.6719181190836434,11.0,2.199273117867479
37,370,0.6947412353923206,0.27791482059084693,0.0,0.6177394685680673,13.0,2.745624788447456
37,420,0.7548414023372287,0.46390768925819365,0.32915070843222116,0.6359869546277166,17.0,3.555585707820449
37,470,0.8149415692821369,0.46492109574816726,0.2926085738178038,0.6734205482750386,23.0,4.886657343860002
38,120,0.39424040066777966,0.21410231592591983,0.2134180031466545,0.3299423238290886,5.0,1.0743511113676965
38,170,0.4543405676126878,0.22164192974003152,0.0,0.37407393850593684,6.0,1.2675745837390786
38,220,0.514440734557596,0.30063367342042674,0.28054052598813284,0.4135532308151645,7.0,1.5044948573296935
38,270,0.5745409015025041,0.28524269926153,0.0,0.41312629452523075,9.0,1.804454873038303
38,320,0.6346410684474123,0.4431717058977907,0.5327056581425824,0.48406997923327966,11.0,2.199273117867479
38,370,0.6947412353923206,0.36299719962487803,0.0,0.5697312314152037,13.0,2.745624788447456
38,420,0.7548414023372287,0.41767233888015126,0.5243665459114801,0.63838654840087,17.0,3.555585707820449
38,470,0.8149415692821369,0.45792837357612937,0.04238307909558692,0.7290836682094453,23.0,4.886657343860002
39,120,0.39424040066777966,0.1316008184024712,0.0,0.42497386536917103,5.0,1.0743511113676965
39,170,0.4543405676126878,0.22534009748703915,0.23631797245672792,0.32168502316999614,6.0,1.2675745837390786
39,220,0.514440734557596,0.24272711861680016,0.32244998327560004,0.36471797439852915,7.0,1.5044948573296935
39,270,0.5745409015025041,0.24839830180889697,0.05961368359959218,0.4737988519595272,9.0,1.804454873038303
39,320,0.6346410684474123,0.268297641390194,0.0,0.42048394352935936,11.0,2.199273117867479
39,370,0.6947412353923206,0.297729508992302,0.2961259900524136,0.36002462649946376,13.0,2.745624788447456
39,420,0.7548414023372287,0.41300713367913,0.47493129664302514,0.5925876074292087,17.0,3.555585707820449
39,470,0.8149415692821369,0.3907772672885958,0.07335177560121553,0.7255374099921843,23.0,4.886657343860002
40,120,0.39424040066777966,0.1921852783344033,0.1582362109235712,0.3717950249467552,5.0,1.0743511113676965
40,170,0.4543405676126878,0.21374728906748985,0.0,0.4627940737600946,6.0,1.2675745837390786
40,220,0.514440734557596,0.2433917948307255,0.17609427747349737,0.3793261320671004,7.0,1.5044948573296935
40,270,0.5745409015025041,0.3292531801378363,0.35301850223936915,0.46517753990606836,9.0,1.804454873038303
40,320,0.6346410684474123,0.3168250440132284,0.0,0.46145170421565274,11.0,2.199273117867479
40,370,0.6947412353923206,0.4582208496187451,0.458711031888294,0.5709764986217286,13.0,2.745624788447456
40,420,0.7548414023372287,0.30787257575515153,0.02886909982133401,0.6036350796158713,17.0,3.555585707820449
40,470,0.8149415692821369,0.3863651396362294,0.38189915075075176,0.6563297354923706,23.0,4.886657343860002
41,120,0.39424040066777966,0.1908307391446379,0.05755597497873732,0.45500678387170557,5.0,1.0743511113676965
41,170,0.4543405676126878,0.14207220356137995,0.0,0.23949204120874612,6.0,1.2675745837390786
41,220,0.514440734557596,0.28557537854430226,0.45822194433602526,0.290699848202969,7.0,1.5044948573296935
41,270,0.5745409015025041,0.19148553570456223,0.012765479281112824,0.43149951650697926,9.0,1.804454873038303
41,320,0.6346410684474123,0.25933929222231333,0.06618003235725689,0.6023765448661823,11.0,2.199273117867479
41,370,0.6947412353923206,0.4167326882260423,0.21712659952180924,0.765955035228036,13.0,2.745624788447456
41,420,0.7548414023372287,0.3225164482866651,0.0,0.694534366008237,17.0,3.555585707820449
41,470,0.8149415692821369,0.34848410469553326,0.3542222208711583,0.6244213660121926,23.0,4.886657343860002
42,120,0.39424040066777966,0.2988648890561861,0.2041221783835303,0.3927844001418752,5.0,1.0743511113676965
42,170,0.4543405676126878,0.41540866926633513,0.539081593512742,0.5334136623316128,6.0,1.2675745837390786
42,220,0.514440734557596,0.24358665097838167,0.0,0.5387506067919743,7.0,1.5044948573296935
42,270,0.5745409015025041,0.31633178638811915,0.3165797127743426,0.5354485004099022,9.0,1.804454873038303
42,320,0.6346410684474123,0.27811914311300284,0.0,0.5805181411174275,11.0,2.199273117867479
42,370,0.6947412353923206,0.29385222680576895,0.0,0.5426144443211498,13.0,2.745624788447456
42,420,0.7548414023372287,0.5409615047751931,0.6548335159645735,0.7374348176999769,17.0,3.555585707820449
42,470,0.8149415692821369,0.38834030698578603,0.0,0.8258734893362266,23.0,4.886657343860002
43,120,0.39424040066777966,0.1624848209788618,0.23657363321263358,0.16353369371387694,5.0,1.0743511113676965
43,170,0.4543405676126878,0.16160985526976704,0.031238104220877028,0.27998806434452106,6.0,1.2675745837390786
43,220,0.514440734557596,0.22813018384590417,0.0,0.34258524646197386,7.0,1.5044948573296935
43,270,0.5745409015025041,0.26946268436837134,0.27468698320042384,0.41200718433230954,9.0,1.804454873038303
43,320,0.6346410684474123,0.2515518320915059,0.0,0.469150445852209,11.0,2.199273117867479
43,370,0.6947412353923206,0.2380930141833244,0.11587336391538894,0.4720646968588882,13.0,2.745624788447456
43,420,0.7548414023372287,0.36732074241188944,0.4120277410393748,0.5989107580513741,17.0,3.555585707820449
43,470,0.8149415692821369,0.5018561903883121,0.5067095415455579,0.7333600593763874,23.0,4.886657343860002
44,120,0.39424040066777966,0.20456095388661658,0.2098825019419972,0.17275789716863688,5.0,1.0743511113676965
44,170,0.4543405676126878,0.24208814883303137,0.19715331094904576,0.42363282123743273,6.0,1.2675745837390786
44,220,0.514440734557596,0.23882067812396449,0.10371706551354953,0.4819594056804073,7.0,1.5044948573296935
44,270,0.5745409015025041,0.19030569904218164,0.0,0.3879204809628214,9.0,1.804454873038303
44,320,0.6346410684474123,0.23596125202245738,0.38874370469484454,0.3041660380233482,11.0,2.199273117867479
44,370,0.6947412353923206,0.38324732482199036,0.45214779001006433,0.6275521248178493,13.0,2.745624788447456
44,420,0.7548414023372287,0.3191081637319054,0.0,0.7457550366693229,17.0,3.555585707820449
44,470,0.8149415692821369,0.4316664298321558,0.31531084429463807,0.8001951994908438,23.0,4.886657343860002
45,120,0.39424040066777966,0.29988726027898976,0.21072701909756653,0.35863610238037413,5.0,1.0743511113676965
45,170,0.4543405676126878,0.23272744314140778,0.0,0.3548424097399038,6.0,1.2675745837390786
45,220,0.514440734557596,0.19657004160721733,0.0,0.32628445736113854,7.0,1.5044948573296935
45,270,0.5745409015025041,0.28414257418784555,0.34828830183946036,0.3160038220993817,9.0,1.804454873038303
45,320,0.6346410684474123,0.3174879401424831,0.20777812868859946,0.559166024790791,11.0,2.199273117867479
45,370,0.6947412353923206,0.3147829031046508,0.06411546214231756,0.6477482317828053,13.0,2.745624788447456
45,420,0.7548414023372287,0.28079054967701406,0.09141342204320435,0.5708338888117145,17.0,3.555585707820449
45,470,0.8149415692821369,0.4231239141287464,0.47491248700489597,0.7349785740825769,23.0,4.886657343860002
46,120,0.39424040066777966,0.18476648563833503,0.0,0.30046958879424124,5.0,1.0743511113676965
46,170,0.4543405676126878,0.30304589593189907,0.3957173578485328,0.35975137742337915,6.0,1.2675745837390786
46,220,0.514440734557596,0.19644778396873117,0.013026762063046426,0.43235962459816646,7.0,1.5044948573296935
46,270,0.5745409015025041,0.25397529102416183,0.0,0.4617942560733983,9.0,1.804454873038303
46,320,0.6346410684474123,0.43057575813126975,0.43136254186646517,0.6866495226321996,11.0,2.199273117867479
46,370,0.6947412353923206,0.3079008496286934,0.0,0.6374798016025822,13.0,2.745624788447456
46,420,0.7548414023372287,0.4277348082852521,0.5698852308332412,0.6258017559666671,17.0,3.555585707820449
46,470,0.8149415692821369,0.3803936914307461,0.09420899897202495,0.7137358930467073,23.0,4.886657343860002
47,120,0.39424040066777966,0.16522227328119762,0.027702647242094258,0.4204563900933336,5.0,1.0743511113676965
47,170,0.4543405676126878,0.14792799220661623,0.0,0.36902371395725564,6.0,1.2675745837390786
47,220,0.514440734557596,0.16498104057907192,0.33859057164648987,0.14444624668602268,7.0,1.5044948573296935
47,270,0.5745409015025041,0.16441143087309448,0.0,0.2747907631667744,9.0,1.804454873038303
47,320,0.6346410684474123,0.4138471920480403,0.6010167583917073,0.6032357082365559,11.0,2.199273117867479
47,370,0.6947412353923206,0.2888816892517904,0.0,0.6529346960565847,13.0,2.745624788447456
47,420,0.7548414023372287,0.44419296046727264,0.43142659943962425,0.6800757126800022,17.0,3.555585707820449
47,470,0.8149415692821369,0.38191007990461845,0.0,0.7757351133502399,23.0,4.886657343860002
48,120,0.39424040066777966,0.15607904374337037,0.0,0.29204659093225893,5.0,1.0743511113676965
48,170,0.4543405676126878,0.18156387711493424,0.0,0.28903826526233733,6.0,1.2675745837390786
48,220,0.514440734557596,0.14967534134930446,0.038397231483784044,0.24056370038766417,7.0,1.5044948573296935
48,270,0.5745409015025041,0.35120810868502356,0.4446641649266283,0.4821044753331454,9.0,1.804454873038303
48,320,0.6346410684474123,0.28391883044795463,0.0,0.595059741743952,11.0,2.199273117867479
48,370,0.6947412353923206,0.3035728633988805,0.08253876783857272,0.6237478579351895,13.0,2.745624788447456
48,420,0.7548414023372287,0.39168725493124684,0.0,0.7142678258678279,17.0,3.555585707820449
48,470,0.8149415692821369,0.3576681159106746,0.2657095003425797,0.6310641378952903,23.0,4.886657343860002
49,120,0.39424040066777966,0.27859824562254987,0.0,0.4382104339346006,5.0,1.0743511113676965
49,170,0.4543405676126878,0.20764659585527961,0.19271824575435925,0.2723146727521306,6.0,1.2675745837390786
49,220,0.514440734557596,0.13031665562650355,0.08886030047406768,0.27793293604621894,7.0,1.5044948573296935
49,270,0.5745409015025041,0.24209935999918342,0.1753627462126699,0.4261229950118073,9.0,1.804454873038303
49,320,0.6346410684474123,0.3064742747245723,0.0,0.6283940160877961,11.0,2.199273117867479
49,370,0.6947412353923206,0.3117114280558716,0.0,0.5322835808176258,13.0,2.745624788447456
49,420,0.7548414023372287,0.22617817649504418,0.0,0.4527038446822623,17.0,3.555585707820449
49,470,0.8149415692821369,0.365623980410055,0.1433952537148202,0.546782576263578,23.0,4.886657343860002
50,120,0.39424040066777966,0.1718490719627229,0.0,0.3542560371507828,5.0,1.0743511113676965
50,170,0.4543405676126878,0.19594073852646954,0.10795998678346197,0.4104127037612457,6.0,1.2675745837390786
50,220,0.514440734557596,0.2915336741208372,0.05635213205137157,0.5150241987433611,7.0,1.5044948573296935
50,270,0.5745409015025041,0.3190324778992621,0.07365785605099706,0.5802012351541692,9.0,1.804454873038303
50,320,0.6346410684474123,0.3132738880424105,0.0,0.5452906160518636,11.0,2.199273117867479
50,370,0.6947412353923206,0.33067178698355787,0.29825429279538707,0.542333439911594,13.0,2.745624788447456
50,420,0.7548414023372287,0.5230911302886916,0.5725932407906772,0.7617153339316197,17.0,3.555585707820449
50,470,0.8149415692821369,0.46215039106419614,0.17541974908308844,0.8420337584465223,23.0,4.886657343860002
51,120,0.39424040066777966,0.24837694861442197,0.18130574418702572,0.21369703828601005,5.0,1.0743511113676965
51,170,0.4543405676126878,0.23528419712305465,0.0,0.43628591986680176,6.0,1.2675745837390786
51,220,0.514440734557596,0.1901094117525807,0.0,0.3744316661506464,7.0,1.5044948573296935
51,270,0.5745409015025041,0.3774497756552506,0.4310582569731003,0.4845698795458142,9.0,1.804454873038303
51,320,0.6346410684474123,0.40416318048686445,0.2702319286959314,0.6131907943985248,11.0,2.199273117867479
51,370,0.6947412353923206,0.32697656135984215,0.0,0.6290453565560304,13.0,2.745624788447456
51,420,0.7548414023372287,0.37852224898776415,0.0,0.665336368414043,17.0,3.555585707820449
51,470,0.8149415692821369,0.41194837006079565,0.33652085651981645,0.7199106371942692,23.0,4.886657343860002
52,120,0.39424040066777966,0.1839384951955409,0.0,0.36532569274287496,5.0,1.0743511113676965
52,170,0.4543405676126878,0.27193338659894684,0.199024694484641,0.33945930722790785,6.0,1.2675745837390786
52,220,0.514440734557596,0.18955573757896427,0.0,0.2532516865858814,7.0,1.5044948573296935
52,270,0.5745409015025041,0.19405863345276234,0.0,0.28230901563553557,9.0,1.804454873038303
52,320,0.6346410684474123,0.3008215223406058,0.2281533424619141,0.41272637041894134,11.0,2.199273117867479
52,370,0.6947412353923206,0.31848680250495015,0.14573794791218175,0.5956609390951816,13.0,2.745624788447456
52,420,0.7548414023372287,0.3451122404058288,0.021672742574248227,0.6510779455676349,17.0,3.555585707820449
52,470,0.8149415692821369,0.5644705861983372,0.46746084507793306,0.7992108572606833,23.0,4.886657343860002
53,120,0.39424040066777966,0.10373480052370958,0.0,0.1404600855024647,5.0,1.0743511113676965
53,170,0.4543405676126878,0.2877025590751255,0.31356861635119726,0.3458821694887788,6.0,1.2675745837390786
53,220,0.514440734557596,0.21046670081922225,0.0,0.3972153597159078,7.0,1.5044948573296935
53,270,0.5745409015025041,0.2838617866436326,0.29782902095427055,0.49358536452114865,9.0,1.804454873038303
53,320,0.6346410684474123,0.24544199468587058,0.0,0.5275241070829125,11.0,2.199273117867479
53,370,0.6947412353923206,0.35132676229371657,0.5771623550755131,0.5076487812331736,13.0,2.745624788447456
53,420,0.7548414023372287,0.26963130887618436,0.0,0.6299570848296976,17.0,3.555585707820449
53,470,0.8149415692821369,0.454432356547189,0.4543688309527142,0.768232065017433,23.0,4.886657343860002
54,120,0.39424040066777966,0.15960521193467336,0.17141548949169094,0.41565347344309256,5.0,1.0743511113676965
54,170,0.4543405676126878,0.21249947603121555,0.16577813803332786,0.41394479165904563,6.0,1.2675745837390786
54,220,0.514440734557596,0.20969951069239828,0.0,0.37647010068874387,7.0,1.5044948573296935
54,270,0.5745409015025041,0.13822823436091075,0.07352780640011936,0.311767457206938,9.0,1.804454873038303
54,320,0.6346410684474123,0.2495303983237819,0.0,0.4596441713251658,11.0,2.199273117867479
54,370,0.6947412353923206,0.2862617904759153,0.2988279591704168,0.6308359575406575,13.0,2.745624788447456
54,420,0.7548414023372287,0.2798867306974331,0.0,0.6150262804682342,17.0,3.555585707820449
54,470,0.8149415692821369,0.33994334965950435,0.09503077890984546,0.5706660148131176,23.0,4.886657343860002
55,120,0.39424040066777966,0.21971683508546627,0.0,0.3544692592915175,5.0,1.0743511113676965
55,170,0.4543405676126878,0.24534148945517548,0.0,0.3403003398023653,6.0,1.2675745837390786
55,220,0.514440734557596,0.27161561197574463,0.30571975556718933,0.3694445673875877,7.0,1.5044948573296935
55,270,0.5745409015025041,0.2458630688676105,0.0,0.44996009056274544,9.0,1.804454873038303
55,320,0.6346410684474123,0.2896000223115206,0.0,0.5143006509712683,11.0,2.199273117867479
55,370,0.6947412353923206,0.41051849930102635,0.24378406075356573,0.6599779520194137,13.0,2.745624788447456
55,420,0.7548414023372287,0.240899176316176,0.0,0.6008002482687235,17.0,3.555585707820449
55,470,0.8149415692821369,0.40563300384547707,0.5656061636416143,0.6498474277637271,23.0,4.886657343860002
56,120,0.39424040066777966,0.21583390088500778,0.0,0.3264279844140844,5.0,1.0743511113676965
56,170,0.4543405676126878,0.3119015454591965,0.4898240859350427,0.3436438948024636,6.0,1.2675745837390786
56,220,0.514440734557596,0.3010137493196555,0.19861777432347938,0.5439601604554078,7.0,1.5044948573296935
56,270,0.5745409015025041,0.22047895006859514,0.0,0.567614024979145,9.0,1.804454873038303
56,320,0.6346410684474123,0.37386832076720183,0.12235117349969749,0.6876646757466605,11.0,2.199273117867479
56,370,0.6947412353923206,0.4333287594387554,0.4546149876243527,0.7134017119274882,13.0,2.745624788447456
56,420,0.7548414023372287,0.30962926080929676,0.0,0.6287742531336032,17.0,3.555585707820449
56,470,0.8149415692821369,0.4474793540212717,0.27477999472203707,0.7472313320627255,23.0,4.886657343860002
57,120,0.39424040066777966,0.22624002798894088,0.0,0.4100030727447119,5.0,1.0743511113676965
57,170,0.4543405676126878,0.24960156716871706,0.22756259522741762,0.481766523962762,6.0,1.2675745837390786
57,220,0.514440734557596,0.25577209537444656,0.0,0.5250400071333298,7.0,1.5044948573296935
57,270,0.5745409015025041,0.2560773106188581,0.30823793897795626,0.40195218151407586,9.0,1.804454873038303
57,320,0.6346410684474123,0.27876854856737476,0.26856310645020487,0.5062775381304176,11.0,2.199273117867479
57,370,0.6947412353923206,0.2707124841498018,0.0,0.6225465510017406,13.0,2.745624788447456
57,420,0.7548414023372287,0.5532348545973409,0.5436617413393654,0.7073973622021064,17.0,3.555585707820449
57,470,0.8149415692821369,0.4133519173345941,0.0,0.8065544584965033,23.0,4.886657343860002
58,120,0.39424040066777966,0.11949540795497318,0.0,0.16832689626167707,5.0,1.0743511113676965
58,170,0.4543405676126878,0.2336918648312273,0.41235606410849657,0.30804086700990774,6.0,1.2675745837390786
58,220,0.514440734557596,0.25685654050492124,0.1714476826394048,0.4944832858114654,7.0,1.5044948573296935
58,270,0.5745409015025041,0.28810836663704076,0.0,0.5952661484841246,9.0,1.804454873038303
58,320,0.6346410684474123,0.2997345343279365,0.29771332668311945,0.5430430725238018,11.0,2.199273117867479
58,370,0.6947412353923206,0.2867315940209208,0.15352328331889642,0.5227179144836501,13.0,2.745624788447456
58,420,0.7548414023372287,0.3199157885767402,0.20465552660652597,0.5420246819038201,17.0,3.555585707820449
58,470,0.8149415692821369,0.2940629304789367,0.10701885946095124,0.6801993957652607,23.0,4.886657343860002
59,120,0.39424040066777966,0.1655768166617377,0.0,0.42644661866282263,5.0,1.0743511113676965
59,170,0.4543405676126878,0.2542240161547581,0.09280091282207192,0.5587340249156575,6.0,1.2675745837390786
59,220,0.514440734557596,0.2801147097510167,0.3135993555190506,0.5535007257569183,7.0,1.5044948573296935
59,270,0.5745409015025041,0.17539753203612754,0.0,0.4543896352761865,9.0,1.804454873038303
59,320,0.6346410684474123,0.2488225558062485,0.06345005690530758,0.4498687178779417,11.0,2.199273117867479
59,370,0.6947412353923206,0.24627499266957717,0.0,0.5666929980049216,13.0,2.745624788447456
59,420,0.7548414023372287,0.4589841220550593,0.6248776423153499,0.7160947668277741,17.0,3.555585707820449
59,470,0.8149415692821369,0.4125354390833743,0.0,0.7643539688090135,23.0,4.886657343860002
60,120,0.39424040066777966,0.19799811122691283,0.1495780458669832,0.33586564361993776,5.0,1.0743511113676965
60,170,0.4543405676126878,0.18450031229315406,0.0,0.36929922882766353,6.0,1.2675745837390786
60,220,0.514440734557596,0.1795571988837315,0.0,0.3694466704731273,7.0,1.5044948573296935
60,270,0.5745409015025041,0.34535378773173514,0.21078915699214607,0.4779353523377181,9.0,1.804454873038303
60,320,0.6346410684474123,0.33775121845053163,0.0,0.5732823426704675,11.0,2.199273117867479
60,370,0.6947412353923206,0.3607115165529432,0.16293337824001253,0.6505278197040721,13.0,2.745624788447456
60,420,0.7548414023372287,0.3892403392523051,0.09642555232486305,0.7131798904738335,17.0,3.555585707820449
60,470,0.8149415692821369,0.35087482501986544,0.014316553044506297,0.7304298367426222,23.0,4.886657343860002
61,120,0.39424040066777966,0.13584118482525204,0.0,0.21584840267081806,5.0,1.0743511113676965
61,170,0.4543405676126878,0.1733886663363699,0.11909169136711883,0.1688620110830522,6.0,1.2675745837390786
61,220,0.514440734557596,0.23565023632280732,0.08003653820015921,0.2835567559453278,7.0,1.5044948573296935
61,270,0.5745409015025041,0.24659156470519142,0.19601181139317803,0.4036532489653495,9.0,1.804454873038303
61,320,0.6346410684474123,0.19539772508395928,0.17032162378904436,0.4157845642494187,11.0,2.199273117867479
61,370,0.6947412353923206,0.28451600323937004,0.10234791631694251,0.6100410387923398,13.0,2.745624788447456
61,420,0.7548414023372287,0.488116818044902,0.3851326438465229,0.8073842815500482,17.0,3.555585707820449
61,470,0.8149415692821369,0.5215323566363543,0.3888007946333438,0.862545466962246,23.0,4.886657343860002
62,120,0.39424040066777966,0.21518124263656238,0.0,0.43363119333180844,5.0,1.0743511113676965
62,170,0.4543405676126878,0.3146185325405175,0.41098454221891556,0.479216120043221,6.0,1.2675745837390786
62,220,0.514440734557596,0.24713370022414435,0.0,0.48315857206238,7.0,1.5044948573296935
62,270,0.5745409015025041,0.28410528586191663,0.07698778207065271,0.4733870900438577,9.0,1.804454873038303
62,320,0.6346410684474123,0.3125954125179253,0.0,0.5490102502104409,11.0,2.199273117867479
62,370,0.6947412353923206,0.302818933379643,0.0,0.5209010056630904,13.0,2.745624788447456
62,420,0.7548414023372287,0.4505562790839431,0.5128510567573312,0.7047090870114477,17.0,3.555585707820449
62,470,0.8149415692821369,0.38776226045811113,0.0,0.7681422324994469,23.0,4.886657343860002
63,120,0.39424040066777966,0.3049340384382034,0.27552429602460726,0.31523513647083723,5.0,1.0743511113676965
63,170,0.4543405676126878,0.2087054018976359,0.0,0.34843743236859126,6.0,1.2675745837390786
63,220,0.514440734557596,0.2148442021275742,0.0,0.4463729113381736,7.0,1.5044948573296935
63,270,0.5745409015025041,0.3337365397537308,0.32108682443356373,0.5622959906873185,9.0,1.804454873038303
63,320,0.6346410684474123,0.38756865201392066,0.31651729521471383,0.6263011368788066,11.0,2.199273117867479
63,370,0.6947412353923206,0.3165561001625629,0.0,0.5673086477109174,13.0,2.745624788447456
63,420,0.7548414023372287,0.27119672662473704,0.0,0.4777261272759603,17.0,3.555585707820449
63,470,0.8149415692821369,0.5056942576697353,0.626200355672764,0.6945611740246923,23.0,4.886657343860002
64,120,0.39424040066777966,0.17171040122338807,0.0,0.32781926493943137,5.0,1.0743511113676965
64,170,0.4543405676126878,0.33231180894476386,0.10826272000152859,0.4719642300319784,6.0,1.2675745837390786
64,220,0.514440734557596,0.24686487178068967,0.0,0.35326926992058016,7.0,1.5044948573296935
64,270,0.5745409015025041,0.2798693084253432,0.30101320699844814,0.2974115541608796,9.0,1.804454873038303
64,320,0.6346410684474123,0.24375132919573442,0.0,0.47538349352536446,11.0,2.199273117867479
64,370,0.6947412353923206,0.25779894643642876,0.0,0.6001799369224602,13.0,2.745624788447456
64,420,0.7548414023372287,0.3272493963491738,0.17459578340686022,0.5746069293408849,17.0,3.555585707820449
64,470,0.8149415692821369,0.3963401269308953,0.11704912841987192,0.6332687769130297,23.0,4.886657343860002
65,120,0.39424040066777966,0.14658910467970837,0.0,0.3591470930512679,5.0,1.0743511113676965
65,170,0.4543405676126878,0.246738006993648,0.1429872128754005,0.4977887462983206,6.0,1.2675745837390786
65,220,0.514440734557596,0.3765666921236085,0.0,0.6655348572126852,7.0,1.5044948573296935
65,270,0.5745409015025041,0.27287020529761963,0.0,0.6059689963118432,9.0,1.804454873038303
65,320,0.6346410684474123,0.377037128350859,0.1084895786337211,0.628156682705068,11.0,2.199273117867479
65,370,0.6947412353923206,0.48664276871417583,0.3326725294756834,0.7879576952330694,13.0,2.745624788447456
65,420,0.7548414023372287,0.3853720811719861,0.0,0.7085437596264851,17.0,3.555585707820449
65,470,0.8149415692821369,0.4535513737008001,0.22594385525154692,0.7017294292125767,23.0,4.886657343860002
66,120,0.39424040066777966,0.14834671795809548,0.028847801995609212,0.14682944810398768,5.0,1.0743511113676965
66,170,0.4543405676126878,0.3012225056847811,0.27201898850995154,0.46125133966249854,6.0,1.2675745837390786
66,220,0.514440734557596,0.20635749770944906,0.11423830184132033,0.4779955843155269,7.0,1.5044948573296935
66,270,0.5745409015025041,0.3210540054706022,0.0,0.4998190765125272,9.0,1.804454873038303
66,320,0.6346410684474123,0.32460422355788465,0.0,0.5770951400123551,11.0,2.199273117867479
66,370,0.6947412353923206,0.3433712582879495,0.014033835716327658,0.574357759890351,13.0,2.745624788447456
66,420,0.7548414023372287,0.4108972445689794,0.42272671305057086,0.6472361957056048,17.0,3.555585707820449
66,470,0.8149415692821369,0.3669038975942887,0.20519829002304624,0.6970444039598827,23.0,4.886657343860002
67,120,0.39424040066777966,0.17869747064102093,0.01536652010616979,0.33553500951578485,5.0,1.0743511113676965
67,170,0.4543405676126878,0.3965798712363948,0.43371374284747,0.5307453082759949,6.0,1.2675745837390786
67,220,0.514440734557596,0.3408956419507581,0.0,0.5923874016877301,7.0,1.5044948573296935
67,270,0.5745409015025041,0.37184851285814946,0.3607093356567119,0.5610646027130839,9.0,1.804454873038303
67,320,0.6346410684474123,0.34873139188888946,0.09590566182468929,0.6614425996355522,11.0,2.199273117867479
67,370,0.6947412353923206,0.3156870086666845,0.0,0.6819725309727419,13.0,2.745624788447456
67,420,0.7548414023372287,0.5104197304556143,0.479832211338191,0.7588253765618411,17.0,3.555585707820449
67,470,0.8149415692821369,0.43043938459704234,0.11243638292317826,0.7940489181989225,23.0,4.886657343860002
68,120,0.39424040066777966,0.23780869557242465,0.307171383728412,0.28453908873573863,5.0,1.0743511113676965
68,170,0.4543405676126878,0.15568267275137188,0.0,0.31431993623445975,6.0,1.2675745837390786
68,220,0.514440734557596,0.2826523283953876,0.19767935963191208,0.48554376342173944,7.0,1.5044948573296935
68,270,0.5745409015025041,0.24631216780947449,0.0,0.5265794716285352,9.0,1.804454873038303
68,320,0.6346410684474123,0.35980229328753255,0.42061173647878125,0.5900610430205889,11.0,2.199273117867479
68,370,0.6947412353923206,0.46447595414963916,0.3947695148201391,0.7547404625717865,13.0,2.745624788447456
68,420,0.7548414023372287,0.35624661205064634,0.0,0.7566179003202258,17.0,3.555585707820449
68,470,0.8149415692821369,0.28304898452095195,0.0,0.5932080522438142,23.0,4.886657343860002
69,120,0.39424040066777966,0.20509718657487483,0.0,0.3911446613182038,5.0,1.0743511113676965
69,170,0.4543405676126878,0.18377799956664825,0.2397602382767785,0.2517172786866355,6.0,1.2675745837390786
69,220,0.514440734557596,0.25063127732581986,0.17175487883948448,0.3724069048330133,7.0,1.5044948573296935
69,270,0.5745409015025041,0.2670280544022511,0.0,0.49075712454239273,9.0,1.804454873038303
69,320,0.6346410684474123,0.23380010794324138,0.0,0.3935385108706664,11.0,2.199273117867479
69,370,0.6947412353923206,0.3533812514032677,0.5260116714284908,0.5737712972637936,13.0,2.745624788447456
69,420,0.7548414023372287,0.3156681140325287,0.0,0.6415460247393363,17.0,3.555585707820449
69,470,0.8149415692821369,0.5186987253463464,0.5868637831553323,0.7391024595767881,23.0,4.886657343860002
70,120,0.39424040066777966,0.1074436268576838,0.007765626441292084,0.26854007784456324,5.0,1.0743511113676965
70,170,0.4543405676126878,0.14065937738234313,0.055731773926327555,0.2838601528276168,6.0,1.2675745837390786
70,220,0.514440734557596,0.23043962650409497,0.0,0.2681826955586203,7.0,1.5044948573296935
70,270,0.5745409015025041,0.2663154291990828,0.25803687041406786,0.31484328188236166,9.0,1.804454873038303
70,320,0.6346410684474123,0.3128816490729737,0.0,0.5126216351167716,11.0,2.199273117867479
70,370,0.6947412353923206,0.3978052216095598,0.6360633109837606,0.6748105992883578,13.0,2.745624788447456
70,420,0.7548414023372287,0.3332337829399865,0.0,0.7476877496546812,17.0,3.555585707820449
70,470,0.8149415692821369,0.3636224665363971,0.0,0.753090505957231,23.0,4.886657343860002
71,120,0.39424040066777966,0.14944912788897796,0.07598588363131797,0.28018137855587644,5.0,1.0743511113676965
71,170,0.4543405676126878,0.3192096029762029,0.35649067819333347,0.43886603034678506,6.0,1.2675745837390786
71,220,0.514440734557596,0.2144905866096835,0.0,0.4827463163062261,7.0,1.5044948573296935
71,270,0.5745409015025041,0.20291553227536907,0.0,0.48248615861462607,9.0,1.804454873038303
71,320,0.6346410684474123,0.2801561067045326,0.0850196694383305,0.45812262255896874,11.0,2.199273117867479
71,370,0.6947412353923206,0.29822081853319904,0.0,0.5084601628200196,13.0,2.745624788447456
71,420,0.7548414023372287,0.41913220511419513,0.48403885620048026,0.693695571551308,17.0,3.555585707820449
71,470,0.8149415692821369,0.3676067836128884,0.0,0.7147726086605446,23.0,4.886657343860002
72,120,0.39424040066777966,0.355945155209926,0.4034379958029841,0.408082158669666,5.0,1.0743511113676965
72,170,0.4543405676126878,0.2872152899881365,0.02318191628294941,0.4974190553617035,6.0,1.2675745837390786
72,220,0.514440734557596,0.20098417200884486,0.0,0.421968037541248,7.0,1.5044948573296935
72,270,0.5745409015025041,0.4003640858000324,0.3610567943982136,0.5761934902831994,9.0,1.804454873038303
72,320,0.6346410684474123,0.32548226187934304,0.0,0.668195135028025,11.0,2.199273117867479
72,370,0.6947412353923206,0.3099165735461482,0.0,0.6069551411818309,13.0,2.745624788447456
72,420,0.7548414023372287,0.3591042562765477,0.07260805365472356,0.5923715367338608,17.0,3.555585707820449
72,470,0.8149415692821369,0.4067055282662445,0.3384268262753253,0.6542462296623514,23.0,4.886657343860002
73,120,0.39424040066777966,0.2248293470984847,0.15563219785266835,0.3258603447060259,5.0,1.0743511113676965
73,170,0.4543405676126878,0.30338105863063397,0.28401674368026386,0.46891032885887585,6.0,1.2675745837390786
73,220,0.514440734557596,0.24856329225397533,0.0,0.5227569704214624,7.0,1.5044948573296935
73,270,0.5745409015025041,0.3739714259233149,0.5025418267570465,0.6065125248136859,9.0,1.804454873038303
73,320,0.6346410684474123,0.2993313836953148,0.0,0.666644736513214,11.0,2.199273117867479
73,370,0.6947412353923206,0.2986804226064732,0.0,0.6410557147744355,13.0,2.745624788447456
73,420,0.7548414023372287,0.3608503069555624,0.1152213810012821,0.6319983817603504,17.0,3.555585707820449
73,470,0.8149415692821369,0.6156809362874892,0.5480743768358819,0.8435719004367599,23.0,4.886657343860002
74,120,0.39424040066777966,0.12542338508664835,0.06411264176391496,0.1425909095249247,5.0,1.0743511113676965
74,170,0.4543405676126878,0.16137341661381333,0.0,0.3371444592116106,6.0,1.2675745837390786
74,220,0.514440734557596,0.35037185659700004,0.5334465297751867,0.4807525733976311,7.0,1.5044948573296935
74,270,0.5745409015025041,0.1794827442070065,0.0,0.4124937944858432,9.0,1.804454873038303
74,320,0.6346410684474123,0.2027441472636292,0.16841825022716472,0.36650018116323024,11.0,2.199273117867479
74,370,0.6947412353923206,0.24747848712202095,0.14483477643606413,0.550495047848974,13.0,2.745624788447456
74,420,0.7548414023372287,0.4073753400041305,0.4450153304409308,0.7281154010099218,17.0,3.555585707820449
74,470,0.8149415692821369,0.41671321168072417,0.0,0.7831149923707825,23.0,4.886657343860002
75,120,0.39424040066777966,0.1934903153152219,0.0,0.3329657476404817,5.0,1.0743511113676965
75,170,0.4543405676126878,0.24320207600290825,0.16151311631551335,0.31173788790393286,6.0,1.2675745837390786
75,220,0.514440734557596,0.1907527994362407,0.006125818150551576,0.35959969731147345,7.0,1.5044948573296935
75,270,0.5745409015025041,0.25835820341038646,0.22156472935581562,0.47694142141606843,9.0,1.804454873038303
75,320,0.6346410684474123,0.21999373447528034,0.03581870592783798,0.48154846238514026,11.0,2.199273117867479
75,370,0.6947412353923206,0.3031965409244627,0.25343501247804134,0.5710985387654656,13.0,2.745624788447456
75,420,0.7548414023372287,0.276941687788554,0.0,0.6092490810853585,17.0,3.555585707820449
75,470,0.8149415692821369,0.4583351833083654,0.48347174919355906,0.7282971554277827,23.0,4.886657343860002
76,120,0.39424040066777966,0.36021705501405604,0.4072220718074283,0.564414761767294,5.0,1.0743511113676965
76,170,0.4543405676126878,0.2689174799626618,0.0,0.5624982830594121,6.0,1.2675745837390786
76,220,0.514440734557596,0.28794228641487274,0.13464153915247468,0.46768104418949485,7.0,1.5044948573296935
76,270,0.5745409015025041,0.18339359235821018,0.0,0.3456549451723896,9.0,1.804454873038303
76,320,0.6346410684474123,0.30280733518128056,0.3776004527522041,0.4266035390236145,11.0,2.199273117867479
76,370,0.6947412353923206,0.2711662760621828,0.0,0.6343805228142431,13.0,2.745624788447456
76,420,0.7548414023372287,0.36862712453320395,0.30484124868459184,0.6958849511047748,17.0,3.555585707820449
76,470,0.8149415692821369,0.40109111088979377,0.0,0.7047786439465469,23.0,4.886657343860002
77,120,0.39424040066777966,0.19396201951014685,0.0817586413857938,0.4372716204692182,5.0,1.0743511113676965
77,170,0.4543405676126878,0.1801848044242111,0.0,0.40167768549894356,6.0,1.2675745837390786
77,220,0.514440734557596,0.3048658969743,0.2319788767823019,0.4986844389352514,7.0,1.5044948573296935
77,270,0.5745409015025041,0.30097405825008605,0.0,0.5072542038612264,9.0,1.804454873038303
77,320,0.6346410684474123,0.1807413947479098,0.0,0.3486724633565439,11.0,2.199273117867479
77,370,0.6947412353923206,0.35947625667041994,0.47225349187706467,0.5861791923153491,13.0,2.745624788447456
77,420,0.7548414023372287,0.411310750727844,0.2514933409974298,0.751743380528653,17.0,3.555585707820449
77,470,0.8149415692821369,0.3306854410096277,0.0,0.7238284070121962,23.0,4.886657343860002
78,120,0.39424040066777966,0.31856442603039375,0.5738163842087215,0.37316369875804034,5.0,1.0743511113676965
78,170,0.4543405676126878,0.2697742731678991,0.013780355381567633,0.5632396811539442,6.0,1.2675745837390786
78,220,0.514440734557596,0.2881024130615562,0.0,0.5605147070707569,7.0,1.5044948573296935
78,270,0.5745409015025041,0.329876042865446,0.26047091356273644,0.5330039202992519,9.0,1.804454873038303
78,320,0.6346410684474123,0.2905773944039014,0.0,0.573042234822365,11.0,2.199273117867479
78,370,0.6947412353923206,0.3713197225398319,0.1930800009471375,0.6756124907739905,13.0,2.745624788447456
78,420,0.7548414023372287,0.25874367690674455,0.0,0.6430248543670015,17.0,3.555585707820449
78,470,0.8149415692821369,0.5376555621566607,0.6197758530569901,0.7164704198798194,23.0,4.886657343860002
79,120,0.39424040066777966,0.2353929684201786,0.33252519877853404,0.3008749839703815,5.0,1.0743511113676965
79,170,0.4543405676126878,0.2182374911363641,0.17190123697804982,0.3556564598687284,6.0,1.2675745837390786
79,220,0.514440734557596,0.18786257013215985,0.0,0.31709826732596835,7.0,1.5044948573296935
79,270,0.5745409015025041,0.2999818915942748,0.296420031698823,0.4116858386260449,9.0,1.804454873038303
79,320,0.6346410684474123,0.19587670193279255,0.09434378568683666,0.3481155871004331,11.0,2.199273117867479
79,370,0.6947412353923206,0.21502086420671276,0.21589236007665047,0.4218785916817256,13.0,2.745624788447456
79,420,0.7548414023372287,0.29714863994216856,0.05933537240078057,0.5757924745616944,17.0,3.555585707820449
79,470,0.8149415692821369,0.41711300657468886,0.5318541390823726,0.7720284580891177,23.0,4.886657343860002
80,120,0.39424040066777966,0.1671990087447352,0.0,0.2876513541389456,5.0,1.0743511113676965
80,170,0.4543405676126878,0.33585649695366826,0.42998126776229395,0.41201590554948875,6.0,1.2675745837390786
80,220,0.514440734557596,0.32652122689452057,0.0,0.5001321133075112,7.0,1.5044948573296935
80,270,0.5745409015025041,0.258340969585751,0.0,0.47627413303428545,9.0,1.804454873038303
80,320,0.6346410684474123,0.29378922088204373,0.07685083232458445,0.5787215501105879,11.0,2.199273117867479
80,370,0.6947412353923206,0.2748180677628863,0.0,0.4689595077729751,13.0,2.745624788447456
80,420,0.7548414023372287,0.27187368973286913,0.16205363865386213,0.4725526426432398,17.0,3.555585707820449
80,470,0.8149415692821369,0.31026311160158215,0.18978801460679517,0.5658768299927,23.0,4.886657343860002
81,120,0.39424040066777966,0.21173566286858492,0.0,0.49736770187222956,5.0,1.0743511113676965
81,170,0.4543405676126878,0.325753173284705,0.18518397069158898,0.5131977292109297,6.0,1.2675745837390786
81,220,0.514440734557596,0.2769391404509095,0.0,0.478479841091086,7.0,1.5044948573296935
81,270,0.5745409015025041,0.23898033354475254,0.1952342489675306,0.4786367999687442,9.0,1.804454873038303
81,320,0.6346410684474123,0.36103831397194075,0.0,0.5820797504848764,11.0,2.199273117867479
81,370,0.6947412353923206,0.28354206508382834,0.0,0.4856549977856425,13.0,2.745624788447456
81,420,0.7548414023372287,0.4477737424772412,0.37409923588795835,0.7186661256033222,17.0,3.555585707820449
81,470,0.8149415692821369,0.5365781847410844,0.4862340662557818,0.8221134800132914,23.0,4.886657343860002
82,120,0.39424040066777966,0.16992319047495336,0.0,0.21641513019326297,5.0,1.0743511113676965
82,170,0.4543405676126878,0.2099104601555581,0.2656922099169009,0.265366229718198,6.0,1.2675745837390786
82,220,0.514440734557596,0.13530927778662089,0.0,0.25079922576814906,7.0,1.5044948573296935
82,270,0.5745409015025041,0.26377875933543987,0.3111286846009368,0.5050153040812178,9.0,1.804454873038303
82,320,0.6346410684474123,0.2922849988544168,0.0,0.5788114569501952,11.0,2.199273117867479
82,370,0.6947412353923206,0.3072604558671183,0.23677848533116908,0.5101593638390883,13.0,2.745624788447456
82,420,0.7548414023372287,0.3181120844030666,0.0,0.6018127645691728,17.0,3.555585707820449
82,470,0.8149415692821369,0.46305459990691916,0.3148963870787985,0.7200720647745088,23.0,4.886657343860002
83,120,0.39424040066777966,0.12160334477540147,0.28347603432172774,0.05180035138087091,5.0,1.0743511113676965
83,170,0.4543405676126878,0.08051269430100402,0.0,0.002910372174332543,6.0,1.2675745837390786
83,220,0.514440734557596,0.34130336077083384,0.5149692247591156,0.33079373117765165,7.0,1.5044948573296935
83,270,0.5745409015025041,0.35059720206386197,0.0,0.6264993427372971,9.0,1.804454873038303
83,320,0.6346410684474123,0.3332956514994442,0.12162193324760784,0.6085035673239053,11.0,2.199273117867479
83,370,0.6947412353923206,0.34563718889987893,0.24671541003570563,0.658850084022047,13.0,2.745624788447456
83,420,0.7548414023372287,0.246639747646978,0.0,0.590748944272955,17.0,3.555585707820449
83,470,0.8149415692821369,0.4921380033014544,0.6860270511323946,0.7675181629818563,23.0,4.886657343860002
84,120,0.39424040066777966,0.16033741223532055,0.20994805412697815,0.20881611538872769,5.0,1.0743511113676965
84,170,0.4543405676126878,0.1651655837665384,0.0,0.23116109307476618,6.0,1.2675745837390786
84,220,0.514440734557596,0.4190099263848216,0.36194876673684595,0.5338304601892662,7.0,1.5044948573296935
84,270,0.5745409015025041,0.3670162264190414,0.2469341557798166,0.6794989685180968,9.0,1.804454873038303
84,320,0.6346410684474123,0.32791264736371667,0.0,0.6789086948027181,11.0,2.199273117867479
84,370,0.6947412353923206,0.34162657168593036,0.0,0.6294505987907846,13.0,2.745624788447456
84,420,0.7548414023372287,0.3699459239708341,0.43005665540565696,0.62950387065421,17.0,3.555585707820449
84,470,0.8149415692821369,0.41796897186339577,0.08681815343048982,0.7175658001346509,23.0,4.886657343860002
85,120,0.39424040066777966,0.25417436406711985,0.3138423680811613,0.3893912188879596,5.0,1.0743511113676965
85,170,0.4543405676126878,0.2608787803844558,0.0,0.5172351427245132,6.0,1.2675745837390786
85,220,0.514440734557596,0.31568801269996116,0.19571711485524446,0.464307844661796,7.0,1.5044948573296935
85,270,0.5745409015025041,0.30624081701759354,0.2554365427001901,0.4915483198506416,9.0,1.804454873038303
85,320,0.6346410684474123,0.1692499419513613,0.0,0.48251991989680243,11.0,2.199273117867479
85,370,0.6947412353923206,0.3140115891150205,0.3327956871920118,0.5923840010924926,13.0,2.745624788447456
85,420,0.7548414023372287,0.36248599960901257,0.2021813749780308,0.6310461885968187,17.0,3.555585707820449
85,470,0.8149415692821369,0.3601131960196021,0.20097329812637488,0.664477419972848,23.0,4.886657343860002
86,120,0.39424040066777966,0.1768691258302179,0.06288564267798358,0.2671116506159188,5.0,1.0743511113676965
86,170,0.4543405676126878,0.2057983707105003,0.0,0.24160787516724103,6.0,1.2675745837390786
86,220,0.514440734557596,0.32755491922250857,0.28985054561838075,0.4631495567743007,7.0,1.5044948573296935
86,270,0.5745409015025041,0.2665584021009455,0.06398203143913717,0.5014820889540389,9.0,1.804454873038303
86,320,0.6346410684474123,0.27322857171202275,0.0,0.5584752408582688,11.0,2.199273117867479
86,370,0.6947412353923206,0.5083448876641813,0.6138208512009984,0.7544436111360839,13.0,2.745624788447456
86,420,0.7548414023372287,0.41414540387819343,0.0,0.7654586112710178,17.0,3.555585707820449
86,470,0.8149415692821369,0.4547419757517215,0.1897125516077085,0.7674856698150901,23.0,4.886657343860002
87,120,0.39424040066777966,0.27046069847807075,0.36952754426796997,0.356548514974105,5.0,1.0743511113676965
87,170,0.4543405676126878,0.21200478146139767,0.0,0.47717458704372095,6.0,1.2675745837390786
87,220,0.514440734557596,0.22758262374394134,0.18062095022687163,0.43081716173041307,7.0,1.5044948573296935
87,270,0.5745409015025041,0.3326669893802265,0.3180202194949113,0.5100620228674502,9.0,1.804454873038303
87,320,0.6346410684474123,0.3303556993049236,0.0,0.6498764344991275,11.0,2.199273117867479
87,370,0.6947412353923206,0.38944681300278255,0.18069940925897732,0.678456060311017,13.0,2.745624788447456
87,420,0.7548414023372287,0.3328736510801943,0.0,0.6789887100738906,17.0,3.555585707820449
87,470,0.8149415692821369,0.27834135605974236,0.0,0.5990712529520273,23.0,4.886657343860002
88,120,0.39424040066777966,0.19418197034726734,0.06603253067086445,0.3446547493664558,5.0,1.0743511113676965
88,170,0.4543405676126878,0.2728873575787407,0.23589455936222115,0.4108477588968771,6.0,1.2675745837390786
88,220,0.514440734557596,0.23305642975540977,0.0,0.448051934771889,7.0,1.5044948573296935
88,270,0.5745409015025041,0.3077670842170008,0.17509669541595574,0.6134432376518463,9.0,1.804454873038303
88,320,0.6346410684474123,0.3432013678711175,0.11531053420305526,0.5563412736490418,11.0,2.199273117867479
88,370,0.6947412353923206,0.3386864822369483,0.1304077682313869,0.6442799846634868,13.0,2.745624788447456
88,420,0.7548414023372287,0.49998867882368075,0.3609129134710588,0.7839238297583819,17.0,3.555585707820449
88,470,0.8149415692821369,0.40012919865004803,0.14373594823477176,0.8333511524100546,23.0,4.886657343860002
89,120,0.39424040066777966,0.3960709735437529,0.24565701926397276,0.47084578155219714,5.0,1.0743511113676965
89,170,0.4543405676126878,0.3420165031754408,0.0,0.6397923567962854,6.0,1.2675745837390786
89,220,0.514440734557596,0.30196422636257914,0.15115035911949903,0.5186742947009866,7.0,1.5044948573296935
89,270,0.5745409015025041,0.2855505562213924,0.0,0.46064672851389765,9.0,1.804454873038303
89,320,0.6346410684474123,0.31887964349884623,0.31476020810357996,0.5351579074864371,11.0,2.199273117867479
89,370,0.6947412353923206,0.32038009178224225,0.0,0.6056031368642524,13.0,2.745624788447456
89,420,0.7548414023372287,0.34608001191465815,0.2831109941887303,0.6225304682284802,17.0,3.555585707820449
89,470,0.8149415692821369,0.2551677773051294,0.0021569513679595698,0.6162660411244141,23.0,4.886657343860002
90,120,0.39424040066777966,0.16472833401918358,0.08964119512427238,0.30636536057946995,5.0,1.0743511113676965
90,170,0.4543405676126878,0.24595305679140028,0.1381032717533055,0.4376598500786135,6.0,1.2675745837390786
90,220,0.514440734557596,0.2746800247763659,0.0,0.520781567465849,7.0,1.5044948573296935
90,270,0.5745409015025041,0.4011178260044139,0.43479286415512974,0.5982408036849961,9.0,1.804454873038303
90,320,0.6346410684474123,0.39360588802609675,0.0843041335484086,0.6890208575391686,11.0,2.199273117867479
90,370,0.6947412353923206,0.3453303312256252,0.0,0.6677656441714821,13.0,2.745624788447456
90,420,0.7548414023372287,0.2747423637940091,0.08093484405650564,0.5702688747792867,17.0,3.555585707820449
90,470,0.8149415692821369,0.3193654281103222,0.18216456092089373,0.6571762140356213,23.0,4.886657343860002
91,120,0.39424040066777966,0.197443243401267,0.0,0.27260425461884075,5.0,1.0743511113676965
91,170,0.4543405676126878,0.27619993251397623,0.35807261132243295,0.33826514189630397,6.0,1.2675745837390786
91,220,0.514440734557596,0.20071611634272885,0.0,0.3933973478907795,7.0,1.5044948573296935
91,270,0.5745409015025041,0.2747889750009267,0.13517078831688234,0.46032261071113867,9.0,1.804454873038303
91,320,0.6346410684474123,0.2890423132198886,0.0,0.5782532016709832,11.0,2.199273117867479
91,370,0.6947412353923206,0.47179921236141853,0.5347250199373635,0.7327702445464556,13.0,2.745624788447456
91,420,0.7548414023372287,0.3766230269710563,0.0,0.731773614422535,17.0,3.555585707820449
91,470,0.8149415692821369,0.40620117629126246,0.34866445708104854,0.6842699984550706,23.0,4.886657343860002
92,120,0.39424040066777966,0.22949978795444279,0.09252250713428745,0.3317791008210571,5.0,1.0743511113676965
92,170,0.4543405676126878,0.1889541161143628,0.0,0.28137888312299175,6.0,1.2675745837390786
92,220,0.514440734557596,0.17458605781149422,0.0,0.2299701564490525,7.0,1.5044948573296935
92,270,0.5745409015025041,0.24687807802246065,0.021246648296622483,0.46159673983513216,9.0,1.804454873038303
92,320,0.6346410684474123,0.36091164086848765,0.32034718606888624,0.6305265271165882,11.0,2.199273117867479
92,370,0.6947412353923206,0.2613276309023004,0.0,0.5761406492525414,13.0,2.745624788447456
92,420,0.7548414023372287,0.35874044473714284,0.26337672645349675,0.6316398199622026,17.0,3.555585707820449
92,470,0.8149415692821369,0.34703639728356733,0.0,0.7100171136467973,23.0,4.886657343860002
93,120,0.39424040066777966,0.11530978225923871,0.09396893186115707,0.09305526033678657,5.0,1.0743511113676965
93,170,0.4543405676126878,0.30804737800378956,0.4602875839447099,0.41008748984769205,6.0,1.2675745837390786
93,220,0.514440734557596,0.29876055759277637,0.3015089028346183,0.49727390070548116,7.0,1.5044948573296935
93,270,0.5745409015025041,0.26164728033821677,0.0,0.5519533090331765,9.0,1.804454873038303
93,320,0.6346410684474123,0.25747368918552166,0.0,0.5847704171004219,11.0,2.199273117867479
93,370,0.6947412353923206,0.26656169531119456,0.0,0.4801368046600405,13.0,2.745624788447456
93,420,0.7548414023372287,0.4285277838760243,0.3475806003638149,0.6454569738804258,17.0,3.555585707820449
93,470,0.8149415692821369,0.33631091185609224,0.0,0.7226352104833286,23.0,4.886657343860002
94,120,0.39424040066777966,0.19630273263777304,0.0,0.37187964685564645,5.0,1.0743511113676965
94,170,0.4543405676126878,0.22428543815268337,0.0,0.39189180898637543,6.0,1.2675745837390786
94,220,0.514440734557596,0.23647578090177168,0.17300433754413247,0.4421155522879895,7.0,1.5044948573296935
94,270,0.5745409015025041,0.33259334570469373,0.08393751775713343,0.49373080349927667,9.0,1.804454873038303
94,320,0.6346410684474123,0.3010015010268555,0.0,0.5753785576396283,11.0,2.199273117867479
94,370,0.6947412353923206,0.4068374210423772,0.3765551655201941,0.6185302951072602,13.0,2.745624788447456
94,420,0.7548414023372287,0.405095206291955,0.4464647084237898,0.7171947936409055,17.0,3.555585707820449
94,470,0.8149415692821369,0.3320257399255569,0.0,0.75687635596555,23.0,4.886657343860002
95,120,0.39424040066777966,0.26236976472162754,0.186623778452627,0.3454880509538778,5.0,1.0743511113676965
95,170,0.4543405676126878,0.2821909976984928,0.0,0.49313618129148307,6.0,1.2675745837390786
95,220,0.514440734557596,0.3137939911163024,0.007792625056065594,0.5753538686490872,7.0,1.5044948573296935
95,270,0.5745409015025041,0.3572996173915038,0.0,0.6164377501983989,9.0,1.804454873038303
95,320,0.6346410684474123,0.4070953514048883,0.4315087851086137,0.6454160040515238,11.0,2.199273117867479
95,370,0.6947412353923206,0.3855307712259096,0.0,0.6946344774735073,13.0,2.745624788447456
95,420,0.7548414023372287,0.4738683773334083,0.25789192176567677,0.7438551527729312,17.0,3.555585707820449
95,470,0.8149415692821369,0.31634786364499534,0.0,0.7283957915689767,23.0,4.886657343860002
96,120,0.39424040066777966,0.20843762685594092,0.0,0.23619634198193395,5.0,1.0743511113676965
96,170,0.4543405676126878,0.14424995554913028,0.020528524364543332,0.19385565946367322,6.0,1.2675745837390786
96,220,0.514440734557596,0.3757965079078047,0.3712718009652691,0.5060324006355408,7.0,1.5044948573296935
96,270,0.5745409015025041,0.26611807860954895,0.0,0.5352065550228458,9.0,1.804454873038303
96,320,0.6346410684474123,0.35181186637322004,0.14908047695933047,0.5775691146556303,11.0,2.199273117867479
96,370,0.6947412353923206,0.3758151596309675,0.12167536185280214,0.6557446890724983,13.0,2.745624788447456
96,420,0.7548414023372287,0.3313338256866313,0.0,0.650862932188664,17.0,3.555585707820449
96,470,0.8149415692821369,0.28854560814716346,0.0,0.6598087242572122,23.0,4.886657343860002
97,120,0.39424040066777966,0.09765963907653208,0.03276204893806156,0.1452212228813602,5.0,1.0743511113676965
97,170,0.4543405676126878,0.2526882778107592,0.14916482671426878,0.35925337272442726,6.0,1.2675745837390786
97,220,0.514440734557596,0.24788671363709097,0.0,0.45116437032733203,7.0,1.5044948573296935
97,270,0.5745409015025041,0.33908109160345046,0.18272355381290784,0.5330177743680005,9.0,1.804454873038303
97,320,0.6346410684474123,0.30578634546441624,0.15213120595396845,0.6146969199373513,11.0,2.199273117867479
97,370,0.6947412353923206,0.2800097090064604,0.0,0.610635805118801,13.0,2.745624788447456
97,420,0.7548414023372287,0.4594822700197015,0.4498260537258718,0.6642149619995007,17.0,3.555585707820449
97,470,0.8149415692821369,0.40336917081684653,0.18769787095407386,0.7567062020997969,23.0,4.886657343860002
98,120,0.39424040066777966,0.20716985743419009,0.24428565642827083,0.2799618479981907,5.0,1.0743511113676965
98,170,0.4543405676126878,0.30726323817631185,0.1350479131818344,0.5714791391766603,6.0,1.2675745837390786
98,220,0.514440734557596,0.26081707394649,0.0,0.5048515041715176,7.0,1.5044948573296935
98,270,0.5745409015025041,0.44308459426680213,0.6322787286320382,0.5575355429523751,9.0,1.804454873038303
98,320,0.6346410684474123,0.3208226536930225,0.17568783850638425,0.7038578041932941,11.0,2.199273117867479
98,370,0.6947412353923206,0.29362704456145405,0.0,0.5872099958476527,13.0,2.745624788447456
98,420,0.7548414023372287,0.3656588507178321,0.40059874756384206,0.5454346754552913,17.0,3.555585707820449
98,470,0.8149415692821369,0.5346101206045395,0.36847607677736494,0.7973872171453477,23.0,4.886657343860002
99,120,0.39424040066777966,0.34254657208325695,0.28132864209457265,0.4239365278990801,5.0,1.0743511113676965
99,170,0.4543405676126878,0.2251441867830947,0.013158196892227858,0.35736387341020637,6.0,1.2675745837390786
99,220,0.514440734557596,0.1725039302599753,0.028794967671932792,0.42259303932339,7.0,1.5044948573296935
99,270,0.5745409015025041,0.31500818782714557,0.2591558318575925,0.6109738915280464,9.0,1.804454873038303
99,320,0.6346410684474123,0.34736830678165587,0.4034584446789202,0.6457713807308432,11.0,2.199273117867479
99,370,0.6947412353923206,0.3666813543177184,0.0,0.7034713683657309,13.0,2.745624788447456
99,420,0.7548414023372287,0.3402590974727878,0.0,0.6981751630469244,17.0,3.555585707820449
99,470,0.8149415692821369,0.44804268574893485,0.0,0.7861942540905645,23.0,4.886657343860002
