seed,probe_index,mean_risk,va_risk,ac_risk,true_recovery_time
0,120,0.2231726692188066,0.0,0.3529235884625874,200.0
0,170,0.21562946247924283,0.1789537668613428,0.40685556564580194,200.0
0,220,0.15879696288945788,0.0,0.40822914678258515,200.0
0,270,0.290907413065415,0.36964529339045216,0.4734677987227398,200.0
0,320,0.22862830942058424,0.0,0.49435418079427884,200.0
0,370,0.2909338699263821,0.0,0.48603041135330183,200.0
0,420,0.4446787932688153,0.6499318560422644,0.548295865076025,200.0
0,470,0.7179385723042472,0.750939212138089,0.9123550495021209,200.0
1,120,0.17692953630660685,0.0,0.2088614323153487,200.0
1,170,0.18724737654695478,0.31895058579893265,0.22857675492176832,200.0
1,220,0.1567613483685431,0.11478122551612302,0.2672231218735316,200.0
1,270,0.19205488063419243,0.0,0.26660623192337796,200.0
1,320,0.29865229052771936,0.4888242794683345,0.30176536289624467,200.0
1,370,0.21085485071753363,0.0,0.414181360845844,200.0
1,420,0.31172568683649693,0.6546472299535822,0.5183713039700643,200.0
1,470,0.7904336266874828,0.8945685455853191,0.9512688348920448,200.0
2,120,0.13896041444517404,0.0,0.28863853195587375,1493.5152233029678
2,170,0.16300272471574478,0.0,0.3274240019474487,2933.225804456814
2,220,0.2067496464116906,0.18557777374380602,0.25377149222703266,200.0
2,270,0.4543518229193088,0.5243002434508834,0.4965533153649684,200.0
2,320,0.31835410847288576,0.07988799679053393,0.658655562081367,200.0
2,370,0.34341464554238066,0.0,0.6279517437811415,200.0
2,420,0.4432446462431739,0.5204720950330604,0.6695332861101057,200.0
2,470,0.6518203378240537,0.7600946316920709,0.8556863803203488,200.0
3,120,0.1678216341621494,0.11876970973382628,0.21755751369277299,200.0
3,170,0.19420135020764864,0.0,0.35436020588833794,200.0
3,220,0.21081788189880016,0.0129406787707389,0.5018838643840704,200.0
3,270,0.29685146016460384,0.19886510016704528,0.5539036520489143,200.0
3,320,0.29303368538703856,0.10105437901263037,0.5665936419417953,200.0
3,370,0.35399000464826047,0.3171113320348097,0.6105745783525494,200.0
3,420,0.49564275031457933,0.4199731999568618,0.7321679555133646,200.0
3,470,0.7538007024219964,0.8553288693456961,0.9242155283501045,200.0
4,120,0.2409629813628368,0.341543003076896,0.27854478855754683,200.0
4,170,0.24436329666673373,0.11236989358146077,0.45779789279094985,200.0
4,220,0.22147246061736608,0.0,0.42393557149107575,200.0
4,270,0.24939978654844727,0.07344938492189645,0.4737106225977792,200.0
4,320,0.3908959326510556,0.19866661869877122,0.5887951313409452,200.0
4,370,0.2976896189826664,0.0,0.5603348505682637,200.0
4,420,0.5328382951736595,0.7028484003835922,0.684384487982284,200.0
4,470,0.6899192364804805,0.7935720573371288,0.8830009773398841,200.0
5,120,0.2100770866200768,0.0,0.32486460244921056,1580.1411219370889
5,170,0.28911910433051424,0.31312324714181305,0.36938132822247094,200.0
5,220,0.23357661785812675,0.18998458561592235,0.3988481644763501,200.0
5,270,0.22686590588934114,0.058332382824299644,0.4848311728692606,200.0
5,320,0.35275518155904273,0.02882391254206529,0.6168154076961663,200.0
5,370,0.4416898002578741,0.4685529143163498,0.7235397400811733,200.0
5,420,0.3914643917996668,0.0,0.7616761862186434,200.0
5,470,0.7685594236209943,0.9015895944309654,0.9201969645725921,200.0
6,120,0.26203591264047793,0.3076752011715228,0.3555844941175784,465.1386600445137
6,170,0.18848089137148719,0.0,0.40939090752876084,200.0
6,220,0.29815176322660575,0.2605365629596902,0.5271670672218239,1396.5524492661357
6,270,0.35411694199188937,0.0,0.6166782561255894,200.0
6,320,0.30565938329915654,0.1368272959737198,0.5416885754392654,200.0
6,370,0.350956698471231,0.2754636084996659,0.5811098533122642,200.0
6,420,0.406666374711664,0.4827251823587976,0.6040077613697568,200.0
6,470,0.7553395598027386,0.8837955083166473,0.9320334072209764,200.0
7,120,0.16755161158619117,0.0,0.2759822214758727,200.0
7,170,0.16788562036552862,0.031117066360521473,0.26388544475178677,200.0
7,220,0.2808674778322568,0.32574571405993913,0.4034148234463597,200.0
7,270,0.33626423927646293,0.17218206761497723,0.5979956024054973,200.0
7,320,0.36090622660425414,0.0,0.5920847445911728,200.0
7,370,0.3769419852879071,0.2953655317353112,0.5565936703252017,200.0
7,420,0.3502173123397393,0.5091184448916548,0.5796289661536357,200.0
7,470,0.5633774020235441,0.6352614249029594,0.795403024467621,200.0
8,120,0.19262861881947066,0.0,0.2895232495283051,200.0
8,170,0.15596275578276952,0.0,0.2694109506914091,200.0
8,220,0.2957300912399313,0.37070726653884145,0.4647345430184001,904.0513479524159
8,270,0.2841288265119262,0.0,0.5216774764474418,200.0
8,320,0.3908763731400128,0.29596750745524647,0.5736823554374625,200.0
8,370,0.33095465245305855,0.0,0.6497625156588247,200.0
8,420,0.45674279621408626,0.6755216390668819,0.6540734236360618,200.0
8,470,0.6729611180639141,0.6100024328770715,0.890325658962063,200.0
9,120,0.22264214879371505,0.2775021274730106,0.11580025357774626,200.0
9,170,0.13463391353729523,0.0,0.1930185623190308,1834.1574338024002
9,220,0.22829938345196474,0.10909879274808454,0.34820593697885593,200.0
9,270,0.4578686072865358,0.5644500019288263,0.63994989170843,200.0
9,320,0.33646031632737833,0.0,0.7010104623203498,200.0
9,370,0.40224459888550596,0.33822067889743346,0.6674237053192266,200.0
9,420,0.4610509415847003,0.47555435002018076,0.7136445183762685,200.0
9,470,0.6828831109178604,0.8341669922253178,0.869969874666106,200.0
10,120,0.2516530820708637,0.0,0.324007893943436,200.0
10,170,0.35138510339905554,0.3575344652523146,0.3981616302039923,200.0
10,220,0.3115547332938413,0.267369902018915,0.5247662991328317,1124.5085930361868
10,270,0.2829884770674272,0.0,0.5841763675798827,200.0
10,320,0.4038970367470681,0.49062273682372004,0.6289240942435524,200.0
10,370,0.29142739629006825,0.0,0.6032051430370836,200.0
10,420,0.5021994541235928,0.7749301585137597,0.6031069346734393,200.0
10,470,0.700670573418822,0.7308041125917741,0.8983793691568849,200.0
11,120,0.24762643817014082,0.29597075842695775,0.2851553571052643,200.0
11,170,0.21761042977963294,0.10746673988477251,0.41405751440345495,200.0
11,220,0.26624926055207354,0.0,0.514471387647478,200.0
11,270,0.42782003560788534,0.5869201079022992,0.5581645041678502,200.0
11,320,0.27853107346135636,0.0,0.5606712319496023,200.0
11,370,0.3250405907377991,0.3861946480914964,0.5254407020512802,200.0
11,420,0.3037453517561833,0.07680452998581055,0.600263007682796,200.0
11,470,0.7088230969247634,0.9099951233472032,0.8847493460740244,200.0
12,120,0.2172739378883895,0.0,0.47202991224055457,200.0
12,170,0.18742072106531363,0.0,0.3389449337049043,2224.143139021376
12,220,0.2866422294290413,0.268177519100953,0.4521344058916785,200.0
12,270,0.3628479739831473,0.24234763136009174,0.5357155972167076,200.0
12,320,0.2623548985570883,0.0006993462525713978,0.5426206096283354,200.0
12,370,0.2647937901187308,0.07087544950190172,0.5320427076683422,200.0
12,420,0.4295261537135103,0.5695351723769019,0.6696510834807873,200.0
12,470,0.6576706023415693,0.703980827151948,0.8645911475452931,200.0
13,120,0.23454358562284297,0.0,0.344275017741839,604.8120548920785
13,170,0.30457325660146484,0.44460203732124015,0.3260378245161015,200.0
13,220,0.3361365161745321,0.1738485144140769,0.5186543805420601,200.0
13,270,0.30130044195676237,0.0,0.5152966420691535,200.0
13,320,0.2814724783761503,0.0,0.469614004800778,200.0
13,370,0.454981923808156,0.43340294882339925,0.632635932662093,200.0
13,420,0.3515996134489089,0.39756700344314944,0.5799838426688739,200.0
13,470,0.6325880241102702,0.7285387876832017,0.8429943772726478,200.0
14,120,0.2420022122551871,0.26454624131883575,0.2995662860293288,200.0
14,170,0.14117025050828585,0.0,0.29717230701326125,200.0
14,220,0.2917954067156304,0.5232218380770561,0.4095285118654943,200.0
14,270,0.2430585176746917,0.0,0.530832962683343,200.0
14,320,0.3252185933498807,0.37600912608285364,0.5523211976395922,200.0
14,370,0.2964326266266467,0.04684994301820533,0.6282555245264332,200.0
14,420,0.5027172524173634,0.6735965490273806,0.7538354438643288,200.0
14,470,0.6614984563500765,0.6885501083624874,0.8818979721641432,200.0
15,120,0.27211774920607723,0.3150868921388371,0.5128467152117517,200.0
15,170,0.2148105919797511,0.0,0.4917321032510499,200.0
15,220,0.19597724912345657,0.14178784514700504,0.35178492591113253,200.0
15,270,0.44855558251040284,0.4269383722676309,0.5769364914118628,200.0
15,320,0.35085349866502213,0.0,0.6997898468377793,200.0
15,370,0.3155608139673176,0.07748618615216618,0.7101993226474324,200.0
15,420,0.4615576131802667,0.34920499715211106,0.67677208026787,200.0
15,470,0.7554820319483391,0.8560208576845565,0.9191836731839789,200.0
16,120,0.2678133130329125,0.3268586091759328,0.31450906468667883,200.0
16,170,0.26902726234796764,0.11684082482366154,0.48906200229084007,200.0
16,220,0.33744719528043365,0.0,0.5652750817696406,200.0
16,270,0.27286653514104275,0.0,0.4748841662990232,200.0
16,320,0.26594891177173785,0.2878812630928973,0.37033421287585366,200.0
16,370,0.39176882404958874,0.5028888254836573,0.6276069054466697,200.0
16,420,0.26954439569079,0.19177181127453224,0.666480770731987,200.0
16,470,0.6963959800869443,0.8578316032101396,0.8898829589415516,200.0
17,120,0.18652594741293263,0.08220272057519296,0.1647762999696969,3479.4485017727507
17,170,0.1146731006808801,0.0,0.13351211806118268,200.0
17,220,0.2556629496950603,0.178279713582163,0.37624835276365576,200.0
17,270,0.19087027578997254,0.0,0.45316492878689374,200.0
17,320,0.441038839817056,0.5169697086587808,0.5680317718342087,200.0
17,370,0.5911737342423459,0.7147289062389612,0.8264303963450869,200.0
17,420,0.41500196877167905,0.0,0.7888454837224476,200.0
17,470,0.6247900601096795,0.6378519148799883,0.849142548282317,200.0
18,120,0.1334263409640319,0.0,0.19613621042259877,717.5251765690222
18,170,0.2563128836506233,0.2473501855567508,0.35443229135875276,200.0
18,220,0.3348027478812082,0.29474423969679586,0.4949396648774351,200.0
18,270,0.23669398966532168,0.0,0.5390413838614813,200.0
18,320,0.3642232781831602,0.2928967223480293,0.6340883370993573,200.0
18,370,0.4198097466116515,0.3751709868506298,0.7294461027485436,200.0
18,420,0.38976783751003635,0.102211920865792,0.7254954191514381,200.0
18,470,0.6505745894970609,0.5946350418660182,0.8604468172668849,200.0
19,120,0.30197248539206256,0.4230598707675729,0.4382496319574535,200.0
19,170,0.2035884233502563,0.0,0.4467230759589559,200.0
19,220,0.24796937715506812,0.17140811635858344,0.3957812870701354,200.0
19,270,0.22876277006822923,0.0,0.5011501194650197,200.0
19,320,0.32110430832372955,0.30525129067629087,0.5670761572133078,200.0
19,370,0.3910370570858072,0.21345224943457786,0.6149060066718394,200.0
19,420,0.4645349210622028,0.5150539749522167,0.6776014140944434,200.0
19,470,0.5680094847718831,0.3796450964467394,0.8313908842720569,200.0
20,120,0.18094003069002904,0.0,0.33402176582104126,200.0
20,170,0.19771829683352865,0.0,0.4159079572464601,1292.4908370223159
20,220,0.2878157500673503,0.3674949923616534,0.42119217689121413,200.0
20,270,0.18534360884139664,0.0,0.5472929302154859,200.0
20,320,0.34779723603282026,0.12491872368812262,0.5589584505819759,200.0
20,370,0.43547332229498037,0.28005776998268295,0.6280421777770262,200.0
20,420,0.5167045649476348,0.6720612580465168,0.6837173785924812,200.0
20,470,0.6455238219120777,0.3447191261520096,0.9247134481361039,200.0
21,120,0.28051433827178884,0.42353336437484124,0.31707481054037623,200.0
21,170,0.2583645995572447,0.0,0.4565178893366926,459.2656771094351
21,220,0.2882332364013833,0.09868252500634245,0.524338535140215,200.0
21,270,0.23419591495957146,0.0,0.5704043022810081,200.0
21,320,0.2752525372736369,0.0,0.5515636924514594,200.0
21,370,0.5569854982040174,0.5256882708032368,0.735753068393138,200.0
21,420,0.6242287419476653,0.7604495388056025,0.8463201442066999,200.0
21,470,0.7056463501391438,0.6940764084521018,0.9283841318784576,200.0
22,120,0.17759808169245042,0.0,0.3889187746917032,1151.5937635691203
22,170,0.1692777272693618,0.047491880849990786,0.4360980642733986,200.0
22,220,0.16045762405800565,0.0,0.4457695497540859,200.0
22,270,0.26427924237626427,0.20031928617323191,0.4637574634424536,200.0
22,320,0.4126029459601549,0.3747112100675746,0.5802589101809356,200.0
22,370,0.41569673916432065,0.23625539713895383,0.6535787115028486,200.0
22,420,0.3497255369625537,0.2627019030847504,0.5807579861061598,200.0
22,470,0.6214747855550468,0.7293127700025592,0.8369365953339603,200.0
23,120,0.19401694651313026,0.13563623565487415,0.421115184922903,56490.475822157314
23,170,0.20118527542758907,0.0,0.5029856349949285,200.0
23,220,0.284941073449163,0.19610850664324442,0.4425370197438061,200.0
23,270,0.40647660029224253,0.32636616862097134,0.654647459966797,200.0
23,320,0.33491253236823065,0.0,0.7638172887320139,200.0
23,370,0.34381541105335833,0.0,0.6800229771660693,200.0
23,420,0.45122993606393,0.6840078998098416,0.5721945832041994,200.0
23,470,0.7604432057185211,0.8095241892935994,0.9297949088405129,200.0
24,120,0.1571802849047708,0.0,0.27985606187877965,200.0
24,170,0.14914425389869326,0.0,0.24413993547302382,200.0
24,220,0.3201671888160072,0.4364971495989578,0.42180133461179037,200.0
24,270,0.2586648956482699,0.0,0.554052407950127,200.0
24,320,0.37993510852202944,0.09353058606425424,0.6397286420096651,200.0
24,370,0.34743473682857795,0.13549757084950653,0.5684081105596955,200.0
24,420,0.5415701571066349,0.6045476771487597,0.7458900245885483,200.0
24,470,0.6957020942755267,0.7110138860390887,0.8841957046986311,200.0
25,120,0.3050875896221429,0.0,0.4840562149170454,529.8541586992263
25,170,0.25348781551540667,0.2281602650837964,0.3802167746100166,200.0
25,220,0.2460061443539662,0.0,0.46307415596704493,200.0
25,270,0.31307741502823083,0.15336074447023773,0.4728905137623469,200.0
25,320,0.19970207463183112,0.0,0.4624663458790521,200.0
25,370,0.37626382127162283,0.484269643425561,0.6204553979968671,200.0
25,420,0.31932225998316116,0.19241820359864414,0.5623104580512881,200.0
25,470,0.678397287343188,0.8398268061546279,0.8602167672429185,200.0
26,120,0.1647303503705669,0.0,0.3001732559477519,200.0
26,170,0.2779223194823639,0.3778484428802634,0.33351687334259617,200.0
26,220,0.18629423275391083,0.08016202385879478,0.3448679643640149,200.0
26,270,0.2506897904041104,0.042957018218704346,0.4348412871593057,200.0
26,320,0.25899774747111737,0.0,0.4644051943207763,200.0
26,370,0.295070009290716,0.14603632524919152,0.553243027382222,200.0
26,420,0.3404947425171957,0.564469661691619,0.47596929569114166,200.0
26,470,0.7520606204749674,0.9079405424687201,0.9316411255252046,200.0
27,120,0.19092002834269,0.40354539497149244,0.20932386274185888,1332.0024791146886
27,170,0.14327962163038088,0.0,0.33319576621632674,200.0
27,220,0.3475155970695547,0.3479596534020031,0.4816472517612498,200.0
27,270,0.2813156592942024,0.27094779039735906,0.5244199359107453,200.0
27,320,0.22779431505779027,0.0,0.5588730469986007,200.0
27,370,0.37622913649538614,0.16987247700158237,0.630018980110315,200.0
27,420,0.5113959743349682,0.6647989315934903,0.7385811349998987,200.0
27,470,0.6820374186491888,0.6969796957096154,0.9022876992559579,200.0
28,120,0.15359179101083578,0.05876705735371579,0.3257682359538502,200.0
28,170,0.2189786564267801,0.0,0.4913975843505254,200.0
28,220,0.27603677470825316,0.0,0.4850606544017493,200.0
28,270,0.2659626225055163,0.10197534158329546,0.43745274499390696,200.0
28,320,0.2802323754571356,0.0,0.5494078564693134,200.0
28,370,0.2799971417710463,0.11858644215192948,0.48319061371077554,200.0
28,420,0.4410343596589291,0.7317241588932565,0.6337676059582265,200.0
28,470,0.7123998208215367,0.7737737214509096,0.9048157414415394,200.0
29,120,0.19146799558103844,0.0,0.3088607066375193,613.0550083740034
29,170,0.12601441175719136,0.10844000980999613,0.17504260825595497,200.0
29,220,0.17300048004377236,0.0,0.2836734936125902,71538.8010776539
29,270,0.20410366058138943,0.0,0.32629919983290523,200.0
29,320,0.3426783665857833,0.35188389620796456,0.4685066410947172,200.0
29,370,0.5284582451324494,0.5630608918753481,0.7625715310177801,200.0
29,420,0.3316482241818292,0.0,0.6147627058127082,200.0
29,470,0.7600847132302511,0.8994791095969191,0.913718193035886,200.0
30,120,0.23400742362650623,0.06090225245249714,0.3976097171360564,200.0
30,170,0.18922854698278832,0.01674138006308712,0.38661559180202776,9690.052656842523
30,220,0.24975659804443748,0.2768013411586382,0.39856102706994534,200.0
30,270,0.22009189429834777,0.0,0.5306538250589439,200.0
30,320,0.37920662541115907,0.0936707514247872,0.7055395674419354,200.0
30,370,0.3452355152684555,0.0,0.6856396208507625,200.0
30,420,0.5741636586765019,0.843897289666198,0.7805983487245537,200.0
30,470,0.5070527297208365,0.16583484840088591,0.8734273413425565,200.0
31,120,0.3202010655932813,0.14973460966353758,0.41206821469653065,4724.807448387514
31,170,0.2831410707097969,0.24901229300486494,0.4494964922039605,200.0
31,220,0.22827964110894383,0.0,0.4620180961106204,200.0
31,270,0.16855082145175918,0.0,0.35547588224842896,200.0
31,320,0.29397377132750363,0.41750167339703426,0.50090691234186,200.0
31,370,0.4621133300820131,0.5180490441635783,0.6971773650064681,200.0
31,420,0.41357819234487564,0.21006460755918344,0.7042551858080973,200.0
31,470,0.6990241580061431,0.8587186967717063,0.8983343664648186,200.0
32,120,0.20282212111894715,0.0,0.3592039230076107,200.0
32,170,0.3655776590986828,0.4308606789006342,0.45692567258334715,200.0
32,220,0.19027122320566742,0.0,0.3196664815674617,200.0
32,270,0.47039104854617914,0.6505906073775406,0.5235573031393409,200.0
32,320,0.3125358316262544,0.0,0.6715633889738107,200.0
32,370,0.4959310143707917,0.44605325128881657,0.7435609839196428,200.0
32,420,0.3832364740826898,0.16602229242549282,0.6803006044027192,200.0
32,470,0.6564098980028248,0.7206708945810469,0.9195850651686384,200.0
33,120,0.10326044041967816,0.0,0.0734207268991296,541.2980168278242
33,170,0.34454056240058367,0.5727338002683025,0.4286972408730544,200.0
33,220,0.2612312001153342,0.0,0.5167802013680828,200.0
33,270,0.33574032803487663,0.04933162451967066,0.5029048954894625,200.0
33,320,0.3311776363536231,0.12080232068025265,0.5693470028707902,200.0
33,370,0.3020613899661327,0.0015393264210488145,0.6508904610314644,200.0
33,420,0.5646989044530751,0.6305075117342993,0.7563343402421121,200.0
33,470,0.7116196519878224,0.7864551521602459,0.9176436066430748,200.0
34,120,0.14900214679331275,0.10785438386146562,0.2898187259803042,1535.835436774158
34,170,0.24589877859786108,0.1844497192425354,0.4811565582724182,200.0
34,220,0.23429288258154984,0.03986201975576875,0.530150176667558,200.0
34,270,0.19234866675571577,0.010128533098998527,0.48933093579591636,200.0
34,320,0.24942384742749554,0.0,0.4960365501764745,200.0
34,370,0.42531158815908965,0.4866308831114997,0.675243593325268,200.0
34,420,0.487202376468976,0.49829310504937796,0.7307353531937362,200.0
34,470,0.6845822664124208,0.8234303201286954,0.8909844211965575,200.0
35,120,0.2664543759903669,0.0,0.3134250456315577,200.0
35,170,0.21404943538495758,0.0,0.3203181197370846,200.0
35,220,0.21155810502929312,0.1863435530041858,0.34338417724621917,200.0
35,270,0.2522023745709034,0.0,0.40763474554852275,200.0
35,320,0.2039682159801511,0.04819679007893629,0.342849794577592,200.0
35,370,0.41696561905207685,0.49095796040537065,0.6319196206224873,200.0
35,420,0.32345135583802365,0.0,0.6138086871352503,200.0
35,470,0.779511021703176,0.9589204092384513,0.9464615454901084,200.0
36,120,0.26067153958304706,0.43676546689981943,0.3576611905167556,200.0
36,170,0.18047373000170713,0.0,0.40445384913194515,200.0
36,220,0.23475936198096967,0.15415634176121606,0.37008393213663404,200.0
36,270,0.21494027972595758,0.0,0.45225247856973416,200.0
36,320,0.22954181622751704,0.0,0.4875746586997022,200.0
36,370,0.37806361659115784,0.46338937233192123,0.5526009175927912,200.0
36,420,0.5126708081885435,0.6237539959736468,0.7054820757421357,200.0
36,470,0.6518257386490329,0.684089064827087,0.88211560475098,200.0
37,120,0.1502833657016735,0.0,0.26815183141433163,200.0
37,170,0.2584093030298308,0.1759142797144394,0.3918810217732972,200.0
37,220,0.29704856573802996,0.31622946454844125,0.46461832873511166,200.0
37,270,0.30708199177672185,0.2982892573529755,0.585267697963271,200.0
37,320,0.392552815288993,0.129484548551285,0.6719181190836434,200.0
37,370,0.28371961578242066,0.0,0.6233750252313549,200.0
37,420,0.5030927043024922,0.6104197724444101,0.6405121358495341,200.0
37,470,0.7006251488171076,0.8560689471362555,0.8914381155961781,200.0
38,120,0.21410231592591983,0.2134180031466545,0.3299423238290886,200.0
38,170,0.22164192974003152,0.0,0.37407393850593684,200.0
38,220,0.30063367342042674,0.28054052598813284,0.4135532308151645,2348.3351503136896
38,270,0.28524269926153,0.0,0.41312629452523075,200.0
38,320,0.4431717058977907,0.5327056581425824,0.48406997923327966,200.0
38,370,0.36911532203678066,0.0,0.5801999871069838,200.0
38,420,0.45917168974658373,0.7207975255449559,0.6450469854520986,200.0
38,470,0.7578734769043418,0.8446534923378862,0.9239310377494152,200.0
39,120,0.1316008184024712,0.0,0.42497386536917103,200.0
39,170,0.22534009748703915,0.23631797245672792,0.32168502316999614,960.3660900176586
39,220,0.24272711861680016,0.32244998327560004,0.36471797439852915,200.0
39,270,0.24839830180889697,0.05961368359959218,0.4737988519595272,200.0
39,320,0.268297641390194,0.0,0.42048394352935936,200.0
39,370,0.30975605183944965,0.34988891939033173,0.37344894407718854,200.0
39,420,0.444252886570918,0.7118561521744124,0.6229976704640898,200.0
39,470,0.5405506013989869,0.42429097756531664,0.8260638534016689,200.0
40,120,0.1921852783344033,0.1582362109235712,0.3717950249467552,200.0
40,170,0.21374728906748985,0.0,0.4627940737600946,12767.970841734726
40,220,0.2433917948307255,0.17609427747349737,0.3793261320671004,2508.2667085985986
40,270,0.3292531801378363,0.35301850223936915,0.46517753990606836,200.0
40,320,0.3168250440132284,0.0,0.46145170421565274,200.0
40,370,0.4588030716265168,0.47370560852126753,0.5670779285242322,200.0
40,420,0.4465716380423757,0.5234057901174254,0.6008802892188144,200.0
40,470,0.6510607844753096,0.7121612520170065,0.8037685525302397,200.0
41,120,0.1908307391446379,0.05755597497873732,0.45500678387170557,200.0
41,170,0.14207220356137995,0.0,0.23949204120874612,200.0
41,220,0.28557537854430226,0.45822194433602526,0.290699848202969,200.0
41,270,0.19148553570456223,0.012765479281112824,0.43149951650697926,200.0
41,320,0.25933929222231333,0.06618003235725689,0.6023765448661823,200.0
41,370,0.4273011045152956,0.2836400244863213,0.7678083746455905,200.0
41,420,0.343604382198299,0.16768827927935415,0.6604271494220666,200.0
41,470,0.7311070544258225,0.8954741185620704,0.892345319803746,200.0
42,120,0.2988648890561861,0.2041221783835303,0.3927844001418752,2421.201523612047
42,170,0.41540866926633513,0.539081593512742,0.5334136623316128,200.0
42,220,0.24358665097838167,0.0,0.5387506067919743,200.0
42,270,0.31633178638811915,0.3165797127743426,0.5354485004099022,200.0
42,320,0.27811914311300284,0.0,0.5805181411174275,200.0
42,370,0.291236921140371,0.0,0.536991808599174,200.0
42,420,0.5935022858092455,0.8318429752448584,0.7777274957551081,200.0
42,470,0.7111670058092804,0.7162604839033491,0.9213896680474033,200.0
43,120,0.1624848209788618,0.23657363321263358,0.16353369371387694,791.0653511297731
43,170,0.16160985526976704,0.031238104220877028,0.27998806434452106,200.0
43,220,0.22813018384590417,0.0,0.34258524646197386,200.0
43,270,0.26946268436837134,0.27468698320042384,0.41200718433230954,200.0
43,320,0.2515518320915059,0.0,0.469150445852209,200.0
43,370,0.1888368667473647,0.18068778258418428,0.4710040914273377,200.0
43,420,0.4112853597668037,0.6866140318518561,0.5825055862364269,200.0
43,470,0.7452295689736681,0.9101725239200099,0.9199144803250757,200.0
44,120,0.20456095388661658,0.2098825019419972,0.17275789716863688,200.0
44,170,0.24208814883303137,0.19715331094904576,0.42363282123743273,200.0
44,220,0.23882067812396449,0.10371706551354953,0.4819594056804073,200.0
44,270,0.19030569904218164,0.0,0.3879204809628214,200.0
44,320,0.23596125202245738,0.38874370469484454,0.3041660380233482,200.0
44,370,0.38952599701757296,0.479933952207793,0.6266080963342784,200.0
44,420,0.4253543172002905,0.2705248764405098,0.7261868555799079,200.0
44,470,0.6554300457198712,0.6621761032440125,0.8958730659535424,200.0
45,120,0.29988726027898976,0.21072701909756653,0.35863610238037413,200.0
45,170,0.23272744314140778,0.0,0.3548424097399038,4417.515099874356
45,220,0.19657004160721733,0.0,0.32628445736113854,200.0
45,270,0.28414257418784555,0.34828830183946036,0.3160038220993817,200.0
45,320,0.3174879401424831,0.20777812868859946,0.559166024790791,200.0
45,370,0.35151909723292446,0.12995264495394232,0.643893075192738,200.0
45,420,0.40943264978597976,0.5548401964021377,0.5769240747010486,200.0
45,470,0.6608096202270806,0.6869929814321099,0.8358683891204522,200.0
46,120,0.18476648563833503,0.0,0.30046958879424124,2200.7186158795
46,170,0.30304589593189907,0.3957173578485328,0.35975137742337915,200.0
46,220,0.19644778396873117,0.013026762063046426,0.43235962459816646,200.0
46,270,0.25397529102416183,0.0,0.4617942560733983,200.0
46,320,0.43057575813126975,0.43136254186646517,0.6866495226321996,200.0
46,370,0.3316097105856504,0.0,0.6304191733796917,200.0
46,420,0.48486783707562325,0.7659102328540736,0.6443250171022689,200.0
46,470,0.70775339880478,0.7670165068482392,0.8970953057531684,200.0
47,120,0.16522227328119762,0.027702647242094258,0.4204563900933336,386.02919490641597
47,170,0.14792799220661623,0.0,0.36902371395725564,200.0
47,220,0.16498104057907192,0.33859057164648987,0.14444624668602268,200.0
47,270,0.16441143087309448,0.0,0.2747907631667744,200.0
47,320,0.4138471920480403,0.6010167583917073,0.6032357082365559,200.0
47,370,0.3242457390166578,0.0,0.653558297450077,200.0
47,420,0.5097530236248482,0.697774285695536,0.714800575817842,200.0
47,470,0.7585923743101557,0.8281963413856657,0.9365674289970755,200.0
48,120,0.15607904374337037,0.0,0.29204659093225893,200.0
48,170,0.18156387711493424,0.0,0.28903826526233733,1247.1874509042511
48,220,0.14967534134930446,0.038397231483784044,0.24056370038766417,200.0
48,270,0.35120810868502356,0.4446641649266283,0.4821044753331454,200.0
48,320,0.28391883044795463,0.0,0.595059741743952,200.0
48,370,0.31121459635813825,0.13487708261223252,0.6215719962036791,200.0
48,420,0.4998577905391838,0.4902200639475951,0.7323121223799111,200.0
48,470,0.6581377644172149,0.7907548040243761,0.8366623471412544,200.0
49,120,0.27859824562254987,0.0,0.4382104339346006,200.0
49,170,0.20764659585527961,0.19271824575435925,0.2723146727521306,2329.642773982834
49,220,0.13031665562650355,0.08886030047406768,0.27793293604621894,200.0
49,270,0.24209935999918342,0.1753627462126699,0.4261229950118073,200.0
49,320,0.3064742747245723,0.0,0.6283940160877961,200.0
49,370,0.29061917074140087,0.0,0.5357591411952054,200.0
49,420,0.30656042225808455,0.182205684518163,0.5032659714937752,200.0
49,470,0.7018372830922314,0.8379476062164983,0.9122595125420786,200.0
