agent,step,perturbation,memory,intent,correction,constraint,truth,coherence,gv_intelligence
recoverable_intelligence,0,0.0,1.0,1.0,1.0,1.0,1.0,1.0,1.0
recoverable_intelligence,1,0.0,0.9844,0.9844,0.9844,0.9844,0.9844,0.9844,0.9844
recoverable_intelligence,2,0.0,0.998184,0.997903,0.998465,0.997379,0.99771,0.997647,0.997912
recoverable_intelligence,3,0.0,1.0,1.0,1.0,1.0,1.0,1.0,1.0
recoverable_intelligence,4,0.0,0.970734,0.970734,0.970734,0.970734,0.970734,0.970734,0.970734
recoverable_intelligence,5,0.0,0.955943,0.955416,0.95647,0.954433,0.955053,0.954935,0.955433
recoverable_intelligence,6,0.0,0.964998,0.963754,0.966223,0.961381,0.962886,0.962594,0.963777
recoverable_intelligence,7,0.0,0.965924,0.96423,0.967559,0.960901,0.963026,0.962603,0.964229
recoverable_intelligence,8,0.0,0.971193,0.969128,0.973146,0.964965,0.96764,0.967096,0.969092
recoverable_intelligence,9,0.0,0.963064,0.960778,0.965184,0.956038,0.959103,0.958464,0.960695
recoverable_intelligence,10,0.0,0.982238,0.979617,0.984642,0.974082,0.977676,0.976915,0.979491
recoverable_intelligence,11,0.0,0.996783,0.994219,0.999073,0.98861,0.992281,0.991482,0.994032
recoverable_intelligence,12,0.0,0.998294,0.996042,1.0,0.990858,0.994287,0.993511,0.99575
recoverable_intelligence,13,0.0,1.0,1.0,1.0,1.0,1.0,1.0,1.0
recoverable_intelligence,14,0.0,1.0,1.0,1.0,1.0,1.0,1.0,1.0
recoverable_intelligence,15,0.0,0.987111,0.987111,0.987111,0.987111,0.987111,0.987111,0.987111
recoverable_intelligence,16,0.0,0.99473,0.994498,0.994962,0.994065,0.994338,0.994286,0.994505
recoverable_intelligence,17,0.0,0.9812,0.980907,0.981486,0.980337,0.9807,0.980628,0.980909
recoverable_intelligence,18,0.0,0.997423,0.996833,0.997995,0.995684,0.996417,0.996272,0.996836
recoverable_intelligence,19,0.0,0.997091,0.99654,0.997607,0.995412,0.996139,0.995989,0.996525
recoverable_intelligence,20,0.186132,0.884976,0.893758,0.904064,0.970814,0.975265,0.896461,0.926059
recoverable_intelligence,21,0.0,0.921948,0.927395,0.939671,0.992374,0.996859,0.931378,0.955918
recoverable_intelligence,22,0.0,0.932274,0.935532,0.948212,0.990898,0.994954,0.940021,0.960619
recoverable_intelligence,23,0.0,0.936821,0.938391,0.951109,0.985478,0.989193,0.943147,0.96042
recoverable_intelligence,24,0.0,0.941774,0.941981,0.954627,0.981799,0.985333,0.946886,0.961303
recoverable_intelligence,25,0.0,0.959191,0.95832,0.970779,0.991793,0.995248,0.963265,0.975247
recoverable_intelligence,26,0.0,0.971284,0.969804,0.981521,0.998181,1.0,0.974516,0.984317
recoverable_intelligence,27,0.0,0.982127,0.980343,0.991038,1.0,1.0,0.984392,0.990828
recoverable_intelligence,28,0.0,0.991485,0.989636,0.999113,1.0,1.0,0.99265,0.99613
recoverable_intelligence,29,0.0,1.0,1.0,1.0,1.0,1.0,1.0,1.0
recoverable_intelligence,30,0.0,0.993904,0.993904,0.993904,0.993904,0.993904,0.993904,0.993904
recoverable_intelligence,31,0.0,0.987208,0.987098,0.987317,0.986893,0.987022,0.986998,0.987102
recoverable_intelligence,32,0.0,0.977073,0.976749,0.977394,0.976134,0.976524,0.976448,0.976756
recoverable_intelligence,33,0.0,0.990027,0.989337,0.990703,0.988008,0.988853,0.988688,0.989346
recoverable_intelligence,34,0.0,1.0,1.0,1.0,1.0,1.0,1.0,1.0
recoverable_intelligence,35,0.0,0.998291,0.998291,0.998291,0.998291,0.998291,0.998291,0.998291
recoverable_intelligence,36,0.0,0.985965,0.985935,0.985996,0.985877,0.985913,0.985906,0.985936
recoverable_intelligence,37,0.0,0.975872,0.975593,0.97615,0.975069,0.9754,0.975337,0.975601
recoverable_intelligence,38,0.0,0.989539,0.988866,0.990202,0.98758,0.988396,0.988238,0.988878
recoverable_intelligence,39,0.0,1.0,1.0,1.0,1.0,1.0,1.0,1.0
recoverable_intelligence,40,0.196575,0.874316,0.884145,0.893973,0.966706,0.970638,0.886536,0.918248
recoverable_intelligence,41,0.0,0.902824,0.908975,0.921205,0.978529,0.982649,0.912868,0.939115
recoverable_intelligence,42,0.0,0.908584,0.9121,0.925406,0.970917,0.97495,0.916803,0.93865
recoverable_intelligence,43,0.0,0.926876,0.92824,0.942315,0.97761,0.981729,0.93352,0.951592
recoverable_intelligence,44,0.0,0.940472,0.940324,0.954449,0.981832,0.985884,0.945803,0.960808
recoverable_intelligence,45,0.0,0.953396,0.952197,0.965928,0.987118,0.991022,0.957635,0.970126
recoverable_intelligence,46,0.0,0.974017,0.972152,0.985133,1.0,1.0,0.977212,0.986426
recoverable_intelligence,47,0.0,0.98158,0.979516,0.991163,1.0,1.0,0.983904,0.990586
recoverable_intelligence,48,0.0,0.994748,0.99265,1.0,1.0,1.0,0.995112,0.997536
recoverable_intelligence,49,0.0,0.996613,0.994722,1.0,1.0,1.0,0.996613,0.998305
recoverable_intelligence,50,0.0,1.0,0.999819,1.0,1.0,1.0,0.999909,0.999964
recoverable_intelligence,51,0.0,1.0,1.0,1.0,1.0,1.0,1.0,1.0
recoverable_intelligence,52,0.0,0.978143,0.978143,0.978143,0.978143,0.978143,0.978143,0.978143
recoverable_intelligence,53,0.0,0.976888,0.976495,0.977282,0.975761,0.976224,0.976136,0.976508
recoverable_intelligence,54,0.0,0.973577,0.972824,0.974316,0.971381,0.972297,0.972119,0.972836
recoverable_intelligence,55,0.0,0.968274,0.967154,0.969356,0.964957,0.96636,0.966081,0.967155
recoverable_intelligence,56,0.0,0.969287,0.967757,0.970744,0.964699,0.96666,0.966264,0.967739
recoverable_intelligence,57,0.0,0.996686,0.994824,0.998435,0.99102,0.993471,0.992967,0.994776
recoverable_intelligence,58,0.0,0.984236,0.982582,0.985729,0.979024,0.981343,0.980845,0.98248
recoverable_intelligence,59,0.0,1.0,0.999614,1.0,0.995864,0.998323,0.99758,0.998671
recoverable_intelligence,60,0.159133,0.907454,0.91508,0.923367,0.978567,0.983972,0.917123,0.941922
recoverable_intelligence,61,0.0,0.924887,0.92975,0.939602,0.983374,0.988523,0.93284,0.953448
recoverable_intelligence,62,0.0,0.945849,0.948659,0.959267,0.994003,0.998826,0.952355,0.969525
recoverable_intelligence,63,0.0,0.96529,0.966721,0.977267,1.0,1.0,0.970319,0.982028
recoverable_intelligence,64,0.0,0.982813,0.983413,0.993259,1.0,1.0,0.986208,0.992021
recoverable_intelligence,65,0.0,0.980366,0.980571,0.989242,0.994769,0.994769,0.983122,0.98805
recoverable_intelligence,66,0.0,0.976612,0.976433,0.984243,0.988411,0.988522,0.978804,0.982936
recoverable_intelligence,67,0.0,0.99327,0.992697,0.999949,1.0,1.0,0.994608,0.997248
recoverable_intelligence,68,0.0,0.991491,0.990879,0.997089,0.99713,0.99713,0.99256,0.994799
recoverable_intelligence,69,0.0,0.973734,0.973057,0.978477,0.978312,0.978373,0.974549,0.976437
recoverable_intelligence,70,0.0,0.96099,0.959937,0.965352,0.963707,0.96422,0.961311,0.962875
recoverable_intelligence,71,0.0,0.953518,0.951915,0.957797,0.953922,0.955137,0.952986,0.954468
recoverable_intelligence,72,0.0,0.968505,0.966296,0.972851,0.966466,0.968498,0.966751,0.968497
recoverable_intelligence,73,0.0,0.975744,0.973286,0.979874,0.972305,0.97478,0.973232,0.975146
recoverable_intelligence,74,0.0,0.990031,0.98749,0.993854,0.98572,0.988456,0.987045,0.989042
recoverable_intelligence,75,0.0,0.985237,0.982883,0.988552,0.980887,0.983567,0.982295,0.984154
recoverable_intelligence,76,0.0,0.990007,0.987726,0.99299,0.985376,0.988107,0.986933,0.988764
recoverable_intelligence,77,0.0,1.0,0.998877,1.0,0.996374,0.999056,0.997865,0.998799
recoverable_intelligence,78,0.0,0.99536,0.994399,0.99536,0.992134,0.99454,0.993472,0.994302
recoverable_intelligence,79,0.0,1.0,1.0,1.0,0.999854,1.0,0.999927,0.999968
recoverable_intelligence,80,0.103376,0.937697,0.942866,0.948035,0.986154,0.988352,0.944121,0.960774
recoverable_intelligence,81,0.0,0.942064,0.945367,0.951663,0.981957,0.984158,0.947353,0.961187
recoverable_intelligence,82,0.0,0.933512,0.935297,0.942426,0.966011,0.968306,0.937821,0.949247
recoverable_intelligence,83,0.0,0.951588,0.951919,0.960094,0.977068,0.979781,0.954996,0.96422
recoverable_intelligence,84,0.0,0.95239,0.951801,0.960236,0.972559,0.975401,0.955057,0.962596
recoverable_intelligence,85,0.0,0.96029,0.958929,0.967581,0.975776,0.978826,0.962288,0.968387
recoverable_intelligence,86,0.0,0.973934,0.972055,0.980627,0.985661,0.988823,0.97536,0.980315
recoverable_intelligence,87,0.0,0.984855,0.982777,0.990812,0.993942,0.996992,0.985855,0.989957
recoverable_intelligence,88,0.0,0.997289,0.995238,1.0,1.0,1.0,0.997049,0.998537
recoverable_intelligence,89,0.0,0.996251,0.994446,0.998523,0.998523,0.998523,0.996011,0.99728
recoverable_intelligence,90,0.0,0.990509,0.988896,0.992439,0.992336,0.992368,0.990254,0.991332
recoverable_intelligence,91,0.0,0.990851,0.9893,0.992604,0.991987,0.992176,0.990489,0.9914
recoverable_intelligence,92,0.0,0.967023,0.96553,0.968626,0.967561,0.967896,0.966549,0.967338
recoverable_intelligence,93,0.0,0.950658,0.948787,0.952566,0.949436,0.950414,0.949407,0.95036
recoverable_intelligence,94,0.0,0.938811,0.936322,0.941264,0.935178,0.937099,0.936142,0.937678
recoverable_intelligence,95,0.0,0.933765,0.930533,0.936878,0.927375,0.930418,0.929358,0.931682
recoverable_intelligence,96,0.0,0.950492,0.946532,0.954236,0.94139,0.945572,0.944354,0.947478
recoverable_intelligence,97,0.0,0.94493,0.94065,0.948892,0.934278,0.939152,0.937834,0.941382
recoverable_intelligence,98,0.0,0.948179,0.943524,0.952419,0.935861,0.941487,0.940042,0.944062
recoverable_intelligence,99,0.0,0.976062,0.971145,0.980472,0.962431,0.968676,0.967118,0.971498
recoverable_intelligence,100,0.189025,0.887039,0.89185,0.909988,0.962519,0.97252,0.897886,0.925121
recoverable_intelligence,101,0.0,0.891335,0.893419,0.912186,0.952653,0.962132,0.900088,0.922653
recoverable_intelligence,102,0.0,0.905857,0.905685,0.924911,0.954798,0.964034,0.912785,0.931338
recoverable_intelligence,103,0.0,0.906858,0.905016,0.924177,0.945538,0.954516,0.91223,0.927473
recoverable_intelligence,104,0.0,0.916861,0.913608,0.932739,0.946465,0.955417,0.92083,0.933242
recoverable_intelligence,105,0.0,0.942934,0.938653,0.957451,0.96498,0.973888,0.945669,0.955776
recoverable_intelligence,106,0.0,0.926269,0.921578,0.9392,0.942937,0.951415,0.928076,0.936446
recoverable_intelligence,107,0.0,0.94473,0.939387,0.95666,0.955753,0.964325,0.945467,0.952307
recoverable_intelligence,108,0.0,0.95725,0.951681,0.968027,0.964204,0.972586,0.957142,0.962857
recoverable_intelligence,109,0.0,0.955263,0.949727,0.96487,0.959243,0.967281,0.954502,0.959357
recoverable_intelligence,110,0.0,0.94082,0.935275,0.949503,0.942052,0.949896,0.939349,0.943561
recoverable_intelligence,111,0.0,0.951489,0.945678,0.959674,0.949531,0.957572,0.948918,0.952802
recoverable_intelligence,112,0.0,0.951405,0.945558,0.95899,0.947161,0.955213,0.947932,0.951643
recoverable_intelligence,113,0.0,0.962768,0.956887,0.969862,0.956484,0.964597,0.95836,0.962061
recoverable_intelligence,114,0.0,0.969127,0.963423,0.975615,0.961616,0.969584,0.964147,0.967788
recoverable_intelligence,115,0.0,0.998155,0.992717,1.0,0.98988,0.997613,0.992848,0.99557
recoverable_intelligence,116,0.0,0.994864,0.990176,0.99641,0.987407,0.994337,0.99014,0.992543
recoverable_intelligence,117,0.0,0.980343,0.976238,0.981703,0.973445,0.97973,0.976026,0.978201
recoverable_intelligence,118,0.0,0.986217,0.982349,0.987686,0.979066,0.985087,0.981788,0.983981
recoverable_intelligence,119,0.0,0.99175,0.98819,0.993202,0.984677,0.990349,0.987399,0.989531
recoverable_intelligence,120,0.149159,0.923576,0.927838,0.939831,0.986963,0.995196,0.931952,0.954931
recoverable_intelligence,121,0.0,0.941309,0.943583,0.956015,0.993755,1.0,0.948156,0.967161
recoverable_intelligence,122,0.0,0.972767,0.973656,0.985882,1.0,1.0,0.977471,0.986631
recoverable_intelligence,123,0.0,0.959347,0.959618,0.970591,0.982169,0.982169,0.963169,0.970926
recoverable_intelligence,124,0.0,0.956337,0.955837,0.966289,0.974541,0.974919,0.959324,0.965714
recoverable_intelligence,125,0.0,0.949511,0.948298,0.958458,0.963453,0.964321,0.951733,0.956921
recoverable_intelligence,126,0.0,0.951843,0.949896,0.960089,0.961641,0.963169,0.95328,0.957424
recoverable_intelligence,127,0.0,0.938995,0.936461,0.946622,0.945225,0.947366,0.939649,0.943011
recoverable_intelligence,128,0.0,0.958405,0.955137,0.965758,0.9608,0.96382,0.957948,0.960831
recoverable_intelligence,129,0.0,0.96181,0.958264,0.968588,0.961794,0.965248,0.960511,0.96316
recoverable_intelligence,130,0.0,0.945935,0.942212,0.95218,0.94395,0.947759,0.94383,0.946397
recoverable_intelligence,131,0.0,0.939459,0.9353,0.945554,0.934904,0.9394,0.936043,0.93887
recoverable_intelligence,132,0.0,0.95397,0.949319,0.960057,0.946793,0.952078,0.949054,0.95234
recoverable_intelligence,133,0.0,0.973999,0.969189,0.979819,0.965239,0.970956,0.968171,0.971703
recoverable_intelligence,134,0.0,1.0,1.0,1.0,0.999028,1.0,0.999514,0.999786
recoverable_intelligence,135,0.0,1.0,1.0,1.0,1.0,1.0,1.0,1.0
recoverable_intelligence,136,0.0,1.0,1.0,1.0,1.0,1.0,1.0,1.0
recoverable_intelligence,137,0.0,0.985157,0.985157,0.985157,0.985157,0.985157,0.985157,0.985157
recoverable_intelligence,138,0.0,0.955581,0.955314,0.955848,0.954815,0.95513,0.95507,0.955322
recoverable_intelligence,139,0.0,0.966792,0.965764,0.967811,0.963819,0.96505,0.964813,0.965789
recoverable_intelligence,140,0.12642,0.896411,0.901254,0.910486,0.951469,0.955834,0.904043,0.923299
recoverable_intelligence,141,0.0,0.904011,0.906292,0.917417,0.947646,0.952465,0.910146,0.925766
recoverable_intelligence,142,0.0,0.917449,0.917674,0.93017,0.951314,0.956609,0.922256,0.934831
recoverable_intelligence,143,0.0,0.946812,0.945519,0.958729,0.972678,0.978309,0.950458,0.960581
recoverable_intelligence,144,0.0,0.957784,0.95572,0.968514,0.978051,0.983519,0.960538,0.968869
recoverable_intelligence,145,0.0,0.962244,0.959717,0.971802,0.978094,0.983308,0.964271,0.971165
recoverable_intelligence,146,0.0,0.952825,0.949983,0.961343,0.964978,0.96997,0.954231,0.959933
recoverable_intelligence,147,0.0,0.935347,0.932065,0.943181,0.943724,0.948802,0.936072,0.940718
recoverable_intelligence,148,0.0,0.938527,0.934553,0.946114,0.942642,0.948245,0.938283,0.942086
recoverable_intelligence,149,0.0,0.947679,0.943171,0.955006,0.948168,0.954249,0.946336,0.949691
recoverable_intelligence,150,0.0,0.982674,0.977873,0.989624,0.980409,0.986789,0.980288,0.983474
recoverable_intelligence,151,0.0,0.987435,0.983013,0.993446,0.984526,0.990482,0.984918,0.987768
recoverable_intelligence,152,0.0,1.0,1.0,1.0,1.0,1.0,1.0,1.0
recoverable_intelligence,153,0.0,0.992511,0.992511,0.992511,0.992511,0.992511,0.992511,0.992511
recoverable_intelligence,154,0.0,0.97595,0.975815,0.976085,0.975563,0.975722,0.975692,0.975819
recoverable_intelligence,155,0.0,0.965369,0.964821,0.965913,0.963784,0.96444,0.964314,0.964834
recoverable_intelligence,156,0.0,0.960101,0.959008,0.96117,0.956904,0.958242,0.95798,0.959022
recoverable_intelligence,157,0.0,0.998492,0.996838,1.0,0.993589,0.995664,0.995252,0.99682
recoverable_intelligence,158,0.0,0.986415,0.984973,0.987679,0.981976,0.983914,0.98351,0.984904
recoverable_intelligence,159,0.0,1.0,0.999714,1.0,0.996543,0.998608,0.997984,0.998898
fast_but_drifty,0,0.0,0.986456,0.986456,0.986456,0.986456,0.986456,0.986456,0.986456
fast_but_drifty,1,0.0,1.0,1.0,1.0,1.0,1.0,1.0,1.0
fast_but_drifty,2,0.0,1.0,1.0,1.0,1.0,1.0,1.0,1.0
fast_but_drifty,3,0.0,0.99765,0.99765,0.99765,0.99765,0.99765,0.99765,0.99765
fast_but_drifty,4,0.0,0.997229,0.997208,0.99725,0.997194,0.997203,0.997202,0.997216
fast_but_drifty,5,0.0,0.987632,0.987587,0.987676,0.987557,0.987577,0.987574,0.987605
fast_but_drifty,6,0.0,0.995325,0.995172,0.995476,0.99507,0.995138,0.995127,0.995231
fast_but_drifty,7,0.0,0.988879,0.988695,0.989059,0.98857,0.988654,0.98864,0.988765
fast_but_drifty,8,0.0,0.971395,0.971125,0.971659,0.970941,0.971064,0.971043,0.971228
fast_but_drifty,9,0.0,0.954543,0.954035,0.955041,0.95369,0.95392,0.953881,0.954229
fast_but_drifty,10,0.0,0.960814,0.959933,0.961676,0.959335,0.959735,0.959667,0.96027
fast_but_drifty,11,0.0,0.987675,0.986504,0.988812,0.985705,0.98624,0.986149,0.986949
fast_but_drifty,12,0.0,0.991073,0.989876,0.992218,0.989048,0.989603,0.989509,0.990325
fast_but_drifty,13,0.0,0.990016,0.988825,0.991139,0.987992,0.988551,0.988457,0.989266
fast_but_drifty,14,0.0,0.995112,0.993917,0.996224,0.993072,0.99364,0.993544,0.994354
fast_but_drifty,15,0.0,1.0,1.0,1.0,1.0,1.0,1.0,1.0
fast_but_drifty,16,0.0,1.0,1.0,1.0,1.0,1.0,1.0,1.0
fast_but_drifty,17,0.0,0.993836,0.993836,0.993836,0.993836,0.993836,0.993836,0.993836
fast_but_drifty,18,0.0,1.0,1.0,1.0,1.0,1.0,1.0,1.0
fast_but_drifty,19,0.0,1.0,1.0,1.0,1.0,1.0,1.0,1.0
fast_but_drifty,20,0.184551,0.901246,0.910473,0.919701,0.919701,0.910473,0.90714,0.91237
fast_but_drifty,21,0.0,0.890878,0.898552,0.908561,0.906633,0.898373,0.895815,0.900643
fast_but_drifty,22,0.0,0.879194,0.885334,0.896268,0.892273,0.884965,0.88311,0.887641
fast_but_drifty,23,0.0,0.913743,0.918354,0.930368,0.924147,0.917781,0.916536,0.920898
fast_but_drifty,24,0.0,0.946585,0.950087,0.96249,0.955008,0.949391,0.948519,0.95272
fast_but_drifty,25,0.0,0.948219,0.950988,0.963173,0.955285,0.950241,0.949591,0.953581
fast_but_drifty,26,0.0,0.946665,0.948769,0.960739,0.952488,0.947976,0.947512,0.95132
fast_but_drifty,27,0.0,0.972907,0.97438,0.986194,0.977546,0.97354,0.973233,0.976897
fast_but_drifty,28,0.0,0.958496,0.959619,0.970831,0.962422,0.958786,0.95857,0.962011
fast_but_drifty,29,0.0,0.948437,0.949105,0.960036,0.951481,0.94825,0.948133,0.951436
fast_but_drifty,30,0.0,0.962263,0.962419,0.973282,0.964334,0.961523,0.961495,0.96473
fast_but_drifty,31,0.0,0.959401,0.959206,0.969768,0.960768,0.958297,0.958327,0.961449
fast_but_drifty,32,0.0,0.962613,0.962067,0.972412,0.963281,0.961139,0.961216,0.964257
fast_but_drifty,33,0.0,0.963189,0.962346,0.972443,0.963253,0.961408,0.961517,0.964478
fast_but_drifty,34,0.0,0.971235,0.970121,0.979987,0.970742,0.969173,0.969305,0.972197
fast_but_drifty,35,0.0,0.994677,0.993384,1.0,0.993785,0.992443,0.992856,0.994811
fast_but_drifty,36,0.0,0.996467,0.995219,1.0,0.995554,0.994331,0.99484,0.996274
fast_but_drifty,37,0.0,1.0,1.0,1.0,1.0,1.0,1.0,1.0
fast_but_drifty,38,0.0,0.969247,0.969247,0.969247,0.969247,0.969247,0.969247,0.969247
fast_but_drifty,39,0.0,0.971008,0.970731,0.971284,0.970546,0.970669,0.970649,0.970839
fast_but_drifty,40,0.177197,0.857616,0.865958,0.875848,0.87447,0.865842,0.862971,0.867994
fast_but_drifty,41,0.0,0.855976,0.862436,0.873849,0.869582,0.862061,0.860089,0.864816
fast_but_drifty,42,0.0,0.86263,0.867329,0.880191,0.873178,0.866705,0.865429,0.870025
fast_but_drifty,43,0.0,0.887496,0.89062,0.904712,0.895287,0.889774,0.88899,0.893575
fast_but_drifty,44,0.0,0.876713,0.878599,0.893392,0.882302,0.877594,0.877116,0.881698
fast_but_drifty,45,0.0,0.887159,0.8878,0.903447,0.890529,0.886622,0.886377,0.891067
fast_but_drifty,46,0.0,0.889036,0.888616,0.904874,0.890492,0.887296,0.887198,0.891998
fast_but_drifty,47,0.0,0.893109,0.89172,0.90852,0.892804,0.89027,0.890266,0.895199
fast_but_drifty,48,0.0,0.916809,0.914558,0.931795,0.914921,0.912992,0.913042,0.918109
fast_but_drifty,49,0.0,0.931619,0.928781,0.946005,0.928608,0.927155,0.92723,0.932315
fast_but_drifty,50,0.0,0.957219,0.95397,0.970925,0.953381,0.952315,0.952402,0.957434
fast_but_drifty,51,0.0,0.958366,0.954967,0.971225,0.95414,0.953335,0.953431,0.958277
fast_but_drifty,52,0.0,0.9513,0.94777,0.963375,0.946727,0.946163,0.946261,0.950936
fast_but_drifty,53,0.0,0.951887,0.948173,0.963314,0.946886,0.946573,0.946667,0.951232
fast_but_drifty,54,0.0,0.959421,0.955542,0.970253,0.954029,0.953951,0.954036,0.958501
fast_but_drifty,55,0.0,0.965357,0.961391,0.975579,0.959711,0.959823,0.959899,0.964233
fast_but_drifty,56,0.0,0.951897,0.947905,0.961511,0.946105,0.946369,0.946436,0.950619
fast_but_drifty,57,0.0,0.957151,0.953013,0.966332,0.951019,0.951481,0.95153,0.955657
fast_but_drifty,58,0.0,0.964045,0.95982,0.972786,0.957675,0.958301,0.958332,0.962381
fast_but_drifty,59,0.0,1.0,1.0,1.0,0.998231,0.998982,0.9989,0.999398
fast_but_drifty,60,0.163446,0.897306,0.905478,0.913651,0.911998,0.904531,0.90221,0.906626
fast_but_drifty,61,0.0,0.901314,0.907973,0.917111,0.913496,0.906903,0.905253,0.909384
fast_but_drifty,62,0.0,0.887356,0.892647,0.90262,0.897253,0.891468,0.890344,0.894283
fast_but_drifty,63,0.0,0.887619,0.891516,0.902523,0.895174,0.890205,0.889531,0.893406
fast_but_drifty,64,0.0,0.901456,0.904061,0.91603,0.906826,0.902625,0.902275,0.90618
fast_but_drifty,65,0.0,0.927526,0.929057,0.941675,0.931064,0.927529,0.927385,0.931334
fast_but_drifty,66,0.0,0.92246,0.923228,0.935988,0.924677,0.921666,0.921639,0.925556
fast_but_drifty,67,0.0,0.918929,0.918944,0.931937,0.919836,0.917337,0.917398,0.921335
fast_but_drifty,68,0.0,0.893286,0.89257,0.905854,0.892918,0.890914,0.891033,0.895033
fast_but_drifty,69,0.0,0.89949,0.897865,0.911887,0.897545,0.89611,0.896263,0.900483
fast_but_drifty,70,0.0,0.891695,0.889283,0.903881,0.888371,0.887446,0.887605,0.89202
fast_but_drifty,71,0.0,0.892526,0.889313,0.90459,0.887797,0.887383,0.887526,0.892186
fast_but_drifty,72,0.0,0.888079,0.884129,0.900024,0.882049,0.882113,0.882225,0.887124
fast_but_drifty,73,0.0,0.89573,0.891058,0.907608,0.88842,0.888952,0.889021,0.894179
fast_but_drifty,74,0.0,0.87781,0.872536,0.889557,0.869419,0.870359,0.870382,0.875745
fast_but_drifty,75,0.0,0.865702,0.859708,0.877491,0.856031,0.857428,0.857392,0.86306
fast_but_drifty,76,0.0,0.908519,0.901747,0.920456,0.897472,0.899347,0.899241,0.905272
fast_but_drifty,77,0.0,0.896617,0.88951,0.908303,0.884927,0.887081,0.886931,0.893043
fast_but_drifty,78,0.0,0.88854,0.881014,0.900104,0.87607,0.878534,0.878331,0.884595
fast_but_drifty,79,0.0,0.925122,0.917135,0.936649,0.911804,0.91459,0.914331,0.920788
fast_but_drifty,80,0.094739,0.861507,0.858158,0.882144,0.857418,0.855626,0.85564,0.862803
fast_but_drifty,81,0.0,0.867201,0.862847,0.887228,0.861305,0.860208,0.860242,0.867566
fast_but_drifty,82,0.0,0.883081,0.877845,0.9025,0.875582,0.875117,0.875148,0.882613
fast_but_drifty,83,0.0,0.918482,0.912571,0.937206,0.909724,0.909789,0.909807,0.917326
fast_but_drifty,84,0.0,0.910282,0.904063,0.928054,0.90088,0.901301,0.90131,0.908682
fast_but_drifty,85,0.0,0.91387,0.907291,0.93085,0.903742,0.904531,0.90452,0.911815
fast_but_drifty,86,0.0,0.932507,0.925626,0.948734,0.921756,0.922874,0.922839,0.93005
fast_but_drifty,87,0.0,0.944495,0.937503,0.959869,0.933441,0.934794,0.934742,0.94177
fast_but_drifty,88,0.0,0.943349,0.93636,0.957839,0.932192,0.933716,0.933649,0.940443
fast_but_drifty,89,0.0,0.94593,0.938935,0.959626,0.93466,0.936349,0.936265,0.942853
fast_but_drifty,90,0.0,0.929686,0.922708,0.942636,0.918349,0.920181,0.920079,0.926467
fast_but_drifty,91,0.0,0.931809,0.9247,0.944226,0.920165,0.922196,0.922065,0.928372
fast_but_drifty,92,0.0,0.933337,0.926126,0.94525,0.921438,0.923646,0.923487,0.92971
fast_but_drifty,93,0.0,0.942219,0.934928,0.95366,0.930106,0.932473,0.932286,0.938426
fast_but_drifty,94,0.0,0.938569,0.931283,0.949501,0.926389,0.92887,0.928661,0.934672
fast_but_drifty,95,0.0,0.950618,0.943304,0.961119,0.93832,0.940923,0.940688,0.946606
fast_but_drifty,96,0.0,0.969809,0.962577,0.979809,0.957582,0.960249,0.959997,0.965757
fast_but_drifty,97,0.0,0.974586,0.967602,0.983958,0.962713,0.965363,0.965107,0.970605
fast_but_drifty,98,0.0,0.981921,0.975211,0.990678,0.97045,0.973064,0.972806,0.978034
fast_but_drifty,99,0.0,0.984183,0.977794,0.992314,0.973198,0.975747,0.975491,0.980427
fast_but_drifty,100,0.202501,0.863265,0.867319,0.891057,0.873018,0.865371,0.864458,0.871973
fast_but_drifty,101,0.0,0.879088,0.881619,0.905609,0.886146,0.879542,0.878958,0.886345
fast_but_drifty,102,0.0,0.887423,0.888683,0.912645,0.892201,0.886515,0.886167,0.893418
fast_but_drifty,103,0.0,0.927939,0.928096,0.951905,0.930714,0.925856,0.925683,0.932808
fast_but_drifty,104,0.0,0.957376,0.956873,0.979834,0.958887,0.954647,0.954582,0.961422
fast_but_drifty,105,0.0,0.966616,0.965766,0.987436,0.967388,0.963609,0.963617,0.97006
fast_but_drifty,106,0.0,0.957875,0.956785,0.977121,0.958095,0.954711,0.954775,0.960815
fast_but_drifty,107,0.0,0.944601,0.94321,0.962494,0.944174,0.941195,0.941308,0.947031
fast_but_drifty,108,0.0,0.966955,0.965166,0.983737,0.965726,0.963178,0.963333,0.968843
fast_but_drifty,109,0.0,0.973573,0.971615,0.989142,0.971929,0.969697,0.969879,0.975083
fast_but_drifty,110,0.0,0.982916,0.980861,0.997321,0.980984,0.97902,0.979222,0.984114
fast_but_drifty,111,0.0,0.958131,0.956071,0.971393,0.95607,0.95432,0.954535,0.959094
fast_but_drifty,112,0.0,0.975434,0.973145,0.98788,0.972881,0.971429,0.971653,0.976048
fast_but_drifty,113,0.0,0.98424,0.981895,0.995787,0.981487,0.980246,0.980473,0.984627
fast_but_drifty,114,0.0,0.96886,0.966542,0.979509,0.966053,0.964972,0.965201,0.969087
fast_but_drifty,115,0.0,0.964309,0.961878,0.974281,0.96122,0.960351,0.960576,0.964307
fast_but_drifty,116,0.0,0.971156,0.968579,0.980551,0.967736,0.967082,0.967299,0.970918
fast_but_drifty,117,0.0,0.97428,0.971628,0.983089,0.970652,0.970173,0.970381,0.973861
fast_but_drifty,118,0.0,0.97198,0.969288,0.980228,0.968206,0.967879,0.968075,0.971414
fast_but_drifty,119,0.0,0.972698,0.969947,0.980455,0.968752,0.968575,0.968758,0.971983
fast_but_drifty,120,0.15505,0.89192,0.896875,0.91473,0.903331,0.895538,0.894461,0.900481
fast_but_drifty,121,0.0,0.922747,0.926372,0.944477,0.931784,0.924923,0.92421,0.930047
fast_but_drifty,122,0.0,0.890505,0.893173,0.910974,0.897786,0.891679,0.891202,0.896798
fast_but_drifty,123,0.0,0.895821,0.897312,0.915434,0.900979,0.895708,0.895471,0.901007
fast_but_drifty,124,0.0,0.906907,0.907353,0.925692,0.910162,0.905656,0.905592,0.911093
fast_but_drifty,125,0.0,0.918888,0.918464,0.93682,0.920532,0.9167,0.916752,0.922204
fast_but_drifty,126,0.0,0.919879,0.918756,0.936928,0.920198,0.916953,0.917081,0.922453
fast_but_drifty,127,0.0,0.900018,0.898254,0.916253,0.899114,0.896415,0.896596,0.901909
fast_but_drifty,128,0.0,0.913036,0.9105,0.92871,0.910692,0.908586,0.9088,0.914186
fast_but_drifty,129,0.0,0.945991,0.942854,0.961037,0.942497,0.940895,0.941121,0.946523
fast_but_drifty,130,0.0,0.927358,0.923961,0.941535,0.923284,0.922025,0.922253,0.927496
fast_but_drifty,131,0.0,0.946199,0.942393,0.959755,0.941305,0.94044,0.94066,0.945873
fast_but_drifty,132,0.0,0.945629,0.941613,0.958449,0.940251,0.939682,0.939891,0.944975
fast_but_drifty,133,0.0,0.949113,0.944897,0.961269,0.943274,0.942984,0.943177,0.948154
fast_but_drifty,134,0.0,0.937442,0.933071,0.948961,0.931225,0.931182,0.931357,0.93622
fast_but_drifty,135,0.0,0.937492,0.932873,0.948538,0.930747,0.930982,0.93113,0.935964
fast_but_drifty,136,0.0,0.962056,0.957207,0.97267,0.954818,0.955314,0.955432,0.960245
fast_but_drifty,137,0.0,0.973869,0.969028,0.983869,0.96654,0.967182,0.967281,0.971931
fast_but_drifty,138,0.0,1.0,0.997242,1.0,0.994733,0.995464,0.995832,0.997376
fast_but_drifty,139,0.0,1.0,1.0,1.0,1.0,1.0,1.0,1.0
fast_but_drifty,140,0.154961,0.940931,0.948679,0.956427,0.956427,0.948679,0.94588,0.950271
fast_but_drifty,141,0.0,0.9523,0.958959,0.966933,0.965887,0.958856,0.95658,0.960625
fast_but_drifty,142,0.0,0.968584,0.974333,0.982329,0.980559,0.974156,0.972287,0.976025
fast_but_drifty,143,0.0,0.96668,0.971733,0.979471,0.977393,0.971516,0.969933,0.973388
fast_but_drifty,144,0.0,0.970377,0.974766,0.982317,0.979883,0.974508,0.973194,0.976395
fast_but_drifty,145,0.0,0.962315,0.966122,0.973447,0.97075,0.965831,0.964744,0.967714
fast_but_drifty,146,0.0,0.980211,0.983405,0.99068,0.987524,0.983067,0.982215,0.984994
fast_but_drifty,147,0.0,0.96414,0.966925,0.973845,0.970673,0.966578,0.965868,0.968445
fast_but_drifty,148,0.0,0.97878,0.981042,0.987934,0.984344,0.980653,0.980125,0.982559
fast_but_drifty,149,0.0,0.977639,0.979547,0.98616,0.982517,0.979147,0.978733,0.981008
fast_but_drifty,150,0.0,0.997019,0.998588,1.0,1.0,0.998176,0.997903,0.99876
fast_but_drifty,151,0.0,1.0,1.0,1.0,1.0,1.0,1.0,1.0
fast_but_drifty,152,0.0,1.0,1.0,1.0,1.0,1.0,1.0,1.0
fast_but_drifty,153,0.0,1.0,1.0,1.0,1.0,1.0,1.0,1.0
fast_but_drifty,154,0.0,0.976419,0.976419,0.976419,0.976419,0.976419,0.976419,0.976419
fast_but_drifty,155,0.0,0.977325,0.977113,0.977537,0.976971,0.977066,0.97705,0.977196
fast_but_drifty,156,0.0,0.961582,0.961181,0.961979,0.960911,0.961091,0.961061,0.961336
fast_but_drifty,157,0.0,0.956919,0.956201,0.957627,0.955717,0.95604,0.955986,0.956478
fast_but_drifty,158,0.0,0.983077,0.982023,0.984109,0.981308,0.981786,0.981705,0.982427
fast_but_drifty,159,0.0,0.994011,0.992881,0.995102,0.992105,0.992624,0.992536,0.993308
truth_weak_agent,0,0.0,0.989516,0.989516,0.989516,0.989516,0.989516,0.989516,0.989516
truth_weak_agent,1,0.0,0.975631,0.975484,0.975778,0.975317,0.974677,0.975091,0.975359
truth_weak_agent,2,0.0,0.979193,0.978722,0.979661,0.978178,0.976055,0.977421,0.9783
truth_weak_agent,3,0.0,0.963567,0.962857,0.96426,0.962025,0.958645,0.960801,0.962174
truth_weak_agent,4,0.0,0.95809,0.95695,0.959196,0.955603,0.950025,0.95357,0.955815
truth_weak_agent,5,0.0,0.968051,0.966451,0.969589,0.964545,0.956454,0.96157,0.964791
truth_weak_agent,6,0.0,0.989406,0.987539,0.991176,0.985279,0.975308,0.981562,0.985465
truth_weak_agent,7,0.0,0.999872,0.998066,1.0,0.995823,0.985304,0.991712,0.995523
truth_weak_agent,8,0.0,0.965519,0.963913,0.965631,0.961855,0.951449,0.957704,0.961393
truth_weak_agent,9,0.0,0.974429,0.97252,0.975008,0.970082,0.957714,0.965184,0.969619
truth_weak_agent,10,0.0,0.978732,0.976678,0.979587,0.974035,0.960274,0.968568,0.973496
truth_weak_agent,11,0.0,0.98762,0.985499,0.988653,0.982736,0.967873,0.976793,0.982086
truth_weak_agent,12,0.0,1.0,1.0,1.0,1.0,0.993241,0.99662,0.998513
truth_weak_agent,13,0.0,0.969051,0.969051,0.969051,0.969051,0.962529,0.96579,0.967616
truth_weak_agent,14,0.0,0.964084,0.963651,0.964518,0.963156,0.954974,0.959391,0.961897
truth_weak_agent,15,0.0,0.977473,0.976586,0.978349,0.975557,0.965413,0.971133,0.97444
truth_weak_agent,16,0.0,0.956588,0.955484,0.957656,0.954179,0.9429,0.949344,0.953094
truth_weak_agent,17,0.0,0.984197,0.982609,0.985723,0.980717,0.967037,0.975018,0.979721
truth_weak_agent,18,0.0,0.991714,0.990082,0.993248,0.988094,0.973716,0.982092,0.987018
truth_weak_agent,19,0.0,1.0,1.0,1.0,1.0,0.987335,0.993668,0.997214
truth_weak_agent,20,0.188405,0.908584,0.918004,0.927424,0.974525,0.858681,0.889603,0.916496
truth_weak_agent,21,0.0,0.936129,0.943215,0.953612,0.992998,0.879654,0.91376,0.940085
truth_weak_agent,22,0.0,0.94767,0.953068,0.963599,0.997163,0.88736,0.923049,0.948679
truth_weak_agent,23,0.0,0.95778,0.96184,0.972211,1.0,0.894818,0.931413,0.956194
truth_weak_agent,24,0.0,0.967155,0.970169,0.980157,1.0,0.902555,0.939404,0.962837
truth_weak_agent,25,0.0,0.958343,0.96056,0.969985,0.98705,0.893015,0.92977,0.952603
truth_weak_agent,26,0.0,0.961379,0.962764,0.971974,0.98608,0.894547,0.93161,0.95413
truth_weak_agent,27,0.0,0.963957,0.964647,0.97361,0.985129,0.89595,0.933178,0.955413
truth_weak_agent,28,0.0,0.97425,0.974357,0.983055,0.992307,0.905342,0.942624,0.964595
truth_weak_agent,29,0.0,0.992491,0.992227,1.0,1.0,0.923653,0.959766,0.98037
truth_weak_agent,30,0.0,0.977559,0.977219,0.984122,0.984122,0.910447,0.945481,0.965418
truth_weak_agent,31,0.0,0.978512,0.977896,0.98447,0.983771,0.911706,0.946339,0.965996
truth_weak_agent,32,0.0,1.0,1.0,1.0,1.0,0.937018,0.968509,0.986144
truth_weak_agent,33,0.0,0.988846,0.988846,0.988846,0.988846,0.928069,0.958457,0.975475
truth_weak_agent,34,0.0,0.977918,0.977762,0.978074,0.977583,0.918252,0.948043,0.964726
truth_weak_agent,35,0.0,0.983735,0.983287,0.984178,0.98277,0.924148,0.953817,0.970436
truth_weak_agent,36,0.0,0.99845,0.997825,0.999059,0.99709,0.939469,0.96878,0.985204
truth_weak_agent,37,0.0,0.998817,0.99824,0.999362,0.99754,0.941759,0.970118,0.986007
truth_weak_agent,38,0.0,1.0,1.0,1.0,1.0,0.963732,0.981866,0.992021
truth_weak_agent,39,0.0,1.0,1.0,1.0,1.0,0.977853,0.988926,0.995128
truth_weak_agent,40,0.213167,0.89107,0.901728,0.912386,0.965678,0.827064,0.866266,0.89838
truth_weak_agent,41,0.0,0.93971,0.947649,0.959567,1.0,0.868032,0.910862,0.941679
truth_weak_agent,42,0.0,0.944229,0.950435,0.96215,0.996923,0.869573,0.913361,0.943303
truth_weak_agent,43,0.0,0.921203,0.925934,0.937396,0.967165,0.844086,0.888557,0.917756
truth_weak_agent,44,0.0,0.955195,0.958293,0.970225,0.994381,0.873606,0.919765,0.948861
truth_weak_agent,45,0.0,0.953975,0.956099,0.967528,0.988055,0.871165,0.917385,0.945858
truth_weak_agent,46,0.0,0.961393,0.962634,0.973692,0.99082,0.877292,0.923632,0.951631
truth_weak_agent,47,0.0,0.9859,0.986462,0.997018,1.0,0.90123,0.946467,0.972534
truth_weak_agent,48,0.0,0.963643,0.963944,0.973402,0.975966,0.880653,0.924689,0.949958
truth_weak_agent,49,0.0,0.949449,0.949208,0.958351,0.959499,0.866056,0.909894,0.934935
truth_weak_agent,50,0.0,0.9318,0.930877,0.940163,0.939368,0.846724,0.890987,0.916172
truth_weak_agent,51,0.0,0.928481,0.926707,0.936628,0.933276,0.840177,0.885599,0.911374
truth_weak_agent,52,0.0,0.944087,0.94151,0.952095,0.946276,0.852365,0.899057,0.925517
truth_weak_agent,53,0.0,0.958995,0.955924,0.966664,0.959297,0.865395,0.912685,0.939464
truth_weak_agent,54,0.0,0.968305,0.965005,0.975475,0.967348,0.874251,0.921521,0.948272
truth_weak_agent,55,0.0,0.951107,0.947733,0.957717,0.949291,0.85746,0.904346,0.930859
truth_weak_agent,56,0.0,0.922616,0.918935,0.928985,0.919508,0.827798,0.875029,0.901739
truth_weak_agent,57,0.0,0.933182,0.92883,0.939743,0.92805,0.83464,0.883381,0.910984
truth_weak_agent,58,0.0,0.934524,0.929724,0.941102,0.927881,0.833351,0.883134,0.911357
truth_weak_agent,59,0.0,0.949665,0.944486,0.956239,0.941695,0.846075,0.896823,0.925622
truth_weak_agent,60,0.094899,0.905887,0.905328,0.921734,0.930386,0.782362,0.848462,0.886853
truth_weak_agent,61,0.0,0.929147,0.927333,0.944094,0.948471,0.801381,0.868859,0.90771
truth_weak_agent,62,0.0,0.941513,0.93891,0.955359,0.956856,0.811771,0.879613,0.918458
truth_weak_agent,63,0.0,0.956833,0.953703,0.969559,0.968949,0.82631,0.89401,0.93262
truth_weak_agent,64,0.0,0.951702,0.948318,0.963251,0.96136,0.821819,0.888767,0.92684
truth_weak_agent,65,0.0,0.955093,0.951412,0.965702,0.962375,0.825361,0.891823,0.929531
truth_weak_agent,66,0.0,0.963703,0.959806,0.973455,0.968939,0.834425,0.900299,0.937607
truth_weak_agent,67,0.0,0.980585,0.976615,0.989479,0.984228,0.852528,0.917498,0.954243
truth_weak_agent,68,0.0,0.977125,0.973328,0.985046,0.979836,0.851783,0.915201,0.951023
truth_weak_agent,69,0.0,0.987825,0.984133,0.994957,0.98959,0.864789,0.926866,0.961894
truth_weak_agent,70,0.0,0.985371,0.981923,0.991676,0.986601,0.865533,0.925887,0.95991
truth_weak_agent,71,0.0,0.985451,0.982184,0.991078,0.986125,0.868477,0.927279,0.960401
truth_weak_agent,72,0.0,0.999727,0.996622,1.0,0.999899,0.885523,0.942279,0.974118
truth_weak_agent,73,0.0,0.969866,0.967105,0.970104,0.970013,0.859633,0.914442,0.945182
truth_weak_agent,74,0.0,0.954215,0.951342,0.954842,0.953445,0.845099,0.899268,0.929648
truth_weak_agent,75,0.0,0.937752,0.934559,0.938932,0.935681,0.828288,0.882489,0.912896
truth_weak_agent,76,0.0,0.910591,0.906884,0.912477,0.906852,0.799294,0.854207,0.885038
truth_weak_agent,77,0.0,0.911682,0.907139,0.914556,0.90562,0.796144,0.852863,0.884766
truth_weak_agent,78,0.0,0.934052,0.928781,0.93776,0.925922,0.814521,0.87294,0.905868
truth_weak_agent,79,0.0,0.938088,0.932484,0.9422,0.92876,0.816739,0.875894,0.909279
truth_weak_agent,80,0.188095,0.858775,0.862337,0.881988,0.914318,0.69842,0.78691,0.840222
truth_weak_agent,81,0.0,0.896484,0.89767,0.918425,0.942459,0.728891,0.81992,0.8737
truth_weak_agent,82,0.0,0.90849,0.908094,0.928808,0.946946,0.737343,0.829174,0.882772
truth_weak_agent,83,0.0,0.940324,0.938691,0.959079,0.972343,0.766839,0.858947,0.912233
truth_weak_agent,84,0.0,0.949225,0.94694,0.96619,0.97638,0.776382,0.86743,0.919797
truth_weak_agent,85,0.0,0.943062,0.940322,0.958362,0.966086,0.771648,0.861332,0.912682
truth_weak_agent,86,0.0,0.94132,0.93809,0.955275,0.960426,0.770724,0.859386,0.909954
truth_weak_agent,87,0.0,0.926506,0.922815,0.939329,0.942017,0.756541,0.84432,0.894228
truth_weak_agent,88,0.0,0.922444,0.918138,0.934501,0.934262,0.75174,0.839316,0.888978
truth_weak_agent,89,0.0,0.926846,0.921936,0.9383,0.935202,0.755059,0.842634,0.892198
truth_weak_agent,90,0.0,0.948117,0.942733,0.958992,0.953477,0.775685,0.863101,0.912508
truth_weak_agent,91,0.0,0.980466,0.974959,0.990545,0.983754,0.809348,0.895752,0.944536
truth_weak_agent,92,0.0,0.962194,0.957031,0.971136,0.964581,0.795288,0.879397,0.926837
truth_weak_agent,93,0.0,0.97285,0.967736,0.981069,0.973874,0.808345,0.891011,0.937604
truth_weak_agent,94,0.0,0.960663,0.955741,0.968111,0.960774,0.799445,0.880293,0.925831
truth_weak_agent,95,0.0,0.97274,0.967819,0.979696,0.97166,0.813585,0.893195,0.938017
truth_weak_agent,96,0.0,0.974208,0.969457,0.980572,0.972414,0.818143,0.896073,0.939929
truth_weak_agent,97,0.0,0.949995,0.945414,0.955829,0.947599,0.797045,0.873303,0.9162
truth_weak_agent,98,0.0,0.97022,0.965452,0.975937,0.966554,0.818072,0.893724,0.936283
truth_weak_agent,99,0.0,0.964897,0.960246,0.970231,0.96069,0.815365,0.889609,0.931367
truth_weak_agent,100,0.105695,0.895142,0.895805,0.91079,0.927278,0.72651,0.816169,0.867933
truth_weak_agent,101,0.0,0.89854,0.897661,0.913465,0.924445,0.726268,0.81689,0.868827
truth_weak_agent,102,0.0,0.917742,0.915541,0.931998,0.938117,0.742267,0.833691,0.885815
truth_weak_agent,103,0.0,0.925268,0.922162,0.93868,0.941219,0.748449,0.839863,0.891801
truth_weak_agent,104,0.0,0.939614,0.93581,0.952195,0.951792,0.762183,0.853301,0.904942
truth_weak_agent,105,0.0,0.952651,0.948428,0.964316,0.961849,0.775935,0.866198,0.917262
truth_weak_agent,106,0.0,0.978427,0.974014,0.989122,0.985321,0.803588,0.892509,0.942746
truth_weak_agent,107,0.0,0.976004,0.971782,0.985503,0.981589,0.80532,0.891901,0.94076
truth_weak_agent,108,0.0,0.956874,0.95279,0.96538,0.961203,0.789981,0.874423,0.922029
truth_weak_agent,109,0.0,0.978316,0.974086,0.986235,0.980936,0.81334,0.89653,0.943396
truth_weak_agent,110,0.0,0.976076,0.972016,0.98319,0.977794,0.814901,0.896011,0.941674
truth_weak_agent,111,0.0,0.99581,0.991869,1.0,0.996645,0.838098,0.91705,0.961413
truth_weak_agent,112,0.0,1.0,0.99853,1.0,1.0,0.849515,0.924572,0.966621
truth_weak_agent,113,0.0,0.998033,0.996728,0.998033,0.998033,0.852815,0.925259,0.965844
truth_weak_agent,114,0.0,1.0,1.0,1.0,1.0,0.863198,0.931599,0.969904
truth_weak_agent,115,0.0,1.0,1.0,1.0,1.0,0.897252,0.948626,0.977395
truth_weak_agent,116,0.0,1.0,1.0,1.0,1.0,0.932003,0.966001,0.985041
truth_weak_agent,117,0.0,1.0,1.0,1.0,1.0,0.935423,0.967712,0.985793
truth_weak_agent,118,0.0,1.0,1.0,1.0,1.0,0.940086,0.970043,0.986819
truth_weak_agent,119,0.0,1.0,1.0,1.0,1.0,0.958327,0.979163,0.990832
truth_weak_agent,120,0.139906,0.928048,0.935043,0.942038,0.977015,0.859852,0.899756,0.927127
truth_weak_agent,121,0.0,0.936726,0.94193,0.949765,0.978833,0.864369,0.90591,0.932988
truth_weak_agent,122,0.0,0.949407,0.953143,0.961506,0.985574,0.873825,0.916489,0.943299
truth_weak_agent,123,0.0,0.943281,0.94589,0.954395,0.974458,0.86574,0.908888,0.935325
truth_weak_agent,124,0.0,0.926584,0.928107,0.936936,0.953067,0.846596,0.890473,0.916783
truth_weak_agent,125,0.0,0.90474,0.905064,0.91467,0.926478,0.82087,0.866168,0.892815
truth_weak_agent,126,0.0,0.899982,0.898936,0.909856,0.916775,0.810379,0.857963,0.885526
truth_weak_agent,127,0.0,0.905704,0.903375,0.915596,0.917885,0.810136,0.860101,0.888761
truth_weak_agent,128,0.0,0.913187,0.909799,0.923015,0.92137,0.812383,0.864395,0.894067
truth_weak_agent,129,0.0,0.953184,0.94896,0.962851,0.957977,0.848008,0.901688,0.932221
truth_weak_agent,130,0.0,0.975673,0.971267,0.984642,0.978601,0.869918,0.923568,0.954024
truth_weak_agent,131,0.0,0.964307,0.960053,0.972361,0.966224,0.860039,0.912749,0.942619
truth_weak_agent,132,0.0,0.97402,0.969743,0.981446,0.974682,0.870153,0.922438,0.952031
truth_weak_agent,133,0.0,0.971187,0.967026,0.977937,0.971006,0.868592,0.920079,0.949189
truth_weak_agent,134,0.0,0.970552,0.966453,0.97676,0.969524,0.868926,0.919771,0.948494
truth_weak_agent,135,0.0,0.977042,0.97299,0.982794,0.97523,0.876293,0.926556,0.954931
truth_weak_agent,136,0.0,0.989223,0.985303,0.99449,0.986895,0.88991,0.939353,0.967248
truth_weak_agent,137,0.0,0.985492,0.98186,0.990173,0.983064,0.888675,0.936832,0.963979
truth_weak_agent,138,0.0,1.0,0.99985,1.0,1.0,0.908529,0.954246,0.979849
truth_weak_agent,139,0.0,0.982871,0.982737,0.982871,0.982871,0.894601,0.938719,0.963427
truth_weak_agent,140,0.167642,0.931791,0.939815,0.948795,0.989952,0.811524,0.879469,0.922122
truth_weak_agent,141,0.0,0.943732,0.949902,0.95931,0.994263,0.821467,0.88964,0.931448
truth_weak_agent,142,0.0,0.97232,0.977011,0.986505,1.0,0.849214,0.915968,0.954662
truth_weak_agent,143,0.0,0.97718,0.980959,0.989767,1.0,0.855864,0.92098,0.95843
truth_weak_agent,144,0.0,0.988767,0.991803,0.999911,1.0,0.869621,0.932224,0.967698
truth_weak_agent,145,0.0,0.989331,0.991869,0.999072,0.999148,0.873332,0.933977,0.968286
truth_weak_agent,146,0.0,0.988119,0.990224,0.996646,0.996674,0.875209,0.93397,0.967166
truth_weak_agent,147,0.0,0.977924,0.979627,0.985423,0.985301,0.867885,0.924903,0.957077
truth_weak_agent,148,0.0,0.98716,0.988363,0.993918,0.993167,0.878963,0.93475,0.966194
truth_weak_agent,149,0.0,0.976005,0.976893,0.981997,0.98105,0.870427,0.92466,0.955203
truth_weak_agent,150,0.0,0.989012,0.989465,0.994501,0.992853,0.884945,0.938164,0.968112
truth_weak_agent,151,0.0,1.0,1.0,1.0,1.0,0.905252,0.952626,0.979155
truth_weak_agent,152,0.0,1.0,1.0,1.0,1.0,0.914066,0.957033,0.981094
truth_weak_agent,153,0.0,0.995706,0.995706,0.995706,0.995706,0.91278,0.954243,0.977462
truth_weak_agent,154,0.0,1.0,1.0,1.0,1.0,0.922642,0.961321,0.982981
truth_weak_agent,155,0.0,0.99537,0.99537,0.99537,0.99537,0.920719,0.958045,0.978947
truth_weak_agent,156,0.0,1.0,1.0,1.0,1.0,0.937527,0.968764,0.986256
truth_weak_agent,157,0.0,0.972529,0.972529,0.972529,0.972529,0.912243,0.942386,0.959266
truth_weak_agent,158,0.0,0.970956,0.970572,0.971341,0.970132,0.91028,0.940513,0.957446
truth_weak_agent,159,0.0,0.944754,0.944005,0.945491,0.943137,0.883558,0.913943,0.930972
constraint_weak_agent,0,0.0,0.977574,0.977574,0.977574,0.977574,0.977574,0.977574,0.977574
constraint_weak_agent,1,0.0,1.0,1.0,1.0,0.998705,1.0,0.999352,0.999715
constraint_weak_agent,2,0.0,1.0,1.0,1.0,1.0,1.0,1.0,1.0
constraint_weak_agent,3,0.0,0.989208,0.989208,0.989208,0.989208,0.989208,0.989208,0.989208
constraint_weak_agent,4,0.0,0.96803,0.967879,0.968181,0.966994,0.967879,0.967482,0.967774
constraint_weak_agent,5,0.0,0.92759,0.927009,0.928168,0.923516,0.927009,0.925437,0.926584
constraint_weak_agent,6,0.0,0.928562,0.927031,0.930072,0.917658,0.927031,0.922805,0.925871
constraint_weak_agent,7,0.0,0.973869,0.97151,0.976168,0.956435,0.97151,0.964686,0.969578
constraint_weak_agent,8,0.0,0.983685,0.981224,0.986028,0.964265,0.981224,0.973496,0.978927
constraint_weak_agent,9,0.0,0.977347,0.974933,0.97959,0.956943,0.974933,0.966681,0.972371
constraint_weak_agent,10,0.0,0.987177,0.984717,0.989424,0.965211,0.984717,0.975726,0.981841
constraint_weak_agent,11,0.0,0.965379,0.963014,0.96749,0.942841,0.963014,0.953664,0.959926
constraint_weak_agent,12,0.0,0.965281,0.962697,0.967582,0.940096,0.962697,0.952204,0.959199
constraint_weak_agent,13,0.0,0.971148,0.968367,0.973612,0.943385,0.968367,0.956747,0.964455
constraint_weak_agent,14,0.0,0.973492,0.970618,0.976015,0.943792,0.970618,0.958108,0.966349
constraint_weak_agent,15,0.0,0.988694,0.985771,0.991235,0.95734,0.985771,0.972477,0.981172
constraint_weak_agent,16,0.0,0.995288,0.992535,0.997632,0.96379,0.992535,0.979033,0.987761
constraint_weak_agent,17,0.0,1.0,1.0,1.0,0.974901,1.0,0.98745,0.994478
constraint_weak_agent,18,0.0,0.989674,0.989674,0.989674,0.965328,0.989674,0.977501,0.984318
constraint_weak_agent,19,0.0,1.0,1.0,1.0,0.979836,1.0,0.989918,0.995564
constraint_weak_agent,20,0.218479,0.865285,0.876208,0.887132,0.802029,0.941752,0.840903,0.873288
constraint_weak_agent,21,0.0,0.868943,0.876758,0.889618,0.794653,0.93496,0.838972,0.871631
constraint_weak_agent,22,0.0,0.905493,0.910598,0.925109,0.82085,0.962282,0.870012,0.903345
constraint_weak_agent,23,0.0,0.914531,0.91774,0.932723,0.823355,0.963636,0.87525,0.908762
constraint_weak_agent,24,0.0,0.946357,0.948011,0.963199,0.849711,0.988766,0.90376,0.937472
constraint_weak_agent,25,0.0,0.946478,0.947196,0.961713,0.847582,0.983386,0.902171,0.935484
constraint_weak_agent,26,0.0,0.975048,0.974935,0.988899,0.87398,1.0,0.928613,0.960717
constraint_weak_agent,27,0.0,0.980164,0.979715,0.992426,0.879733,1.0,0.9334,0.964546
constraint_weak_agent,28,0.0,0.986537,0.98586,0.997359,0.887214,1.0,0.939544,0.969528
constraint_weak_agent,29,0.0,1.0,1.0,1.0,0.914069,1.0,0.957034,0.981095
constraint_weak_agent,30,0.0,0.994573,0.994573,0.994573,0.91122,0.994573,0.952897,0.976236
constraint_weak_agent,31,0.0,0.98114,0.981064,0.981216,0.899767,0.981064,0.940444,0.963224
constraint_weak_agent,32,0.0,0.976788,0.976457,0.977118,0.896045,0.976457,0.936374,0.958963
constraint_weak_agent,33,0.0,0.986498,0.985879,0.987106,0.905949,0.985879,0.946142,0.96866
constraint_weak_agent,34,0.0,0.964713,0.963974,0.965425,0.885284,0.963974,0.924899,0.947096
constraint_weak_agent,35,0.0,0.978721,0.977571,0.979827,0.898288,0.977571,0.938347,0.960804
constraint_weak_agent,36,0.0,0.973321,0.972001,0.97457,0.893257,0.972001,0.933105,0.955448
constraint_weak_agent,37,0.0,0.993899,0.992354,0.995347,0.913677,0.992354,0.953568,0.975944
constraint_weak_agent,38,0.0,0.958754,0.957297,0.960085,0.880353,0.957297,0.919342,0.94121
constraint_weak_agent,39,0.0,0.952153,0.950281,0.953875,0.872144,0.950281,0.911874,0.934173
constraint_weak_agent,40,0.114113,0.883026,0.886399,0.896588,0.778001,0.920633,0.835988,0.87098
constraint_weak_agent,41,0.0,0.901479,0.902838,0.91478,0.788376,0.933237,0.849767,0.886046
constraint_weak_agent,42,0.0,0.911205,0.911031,0.924023,0.792036,0.938026,0.855842,0.893053
constraint_weak_agent,43,0.0,0.918592,0.917195,0.930859,0.794474,0.941167,0.860176,0.898149
constraint_weak_agent,44,0.0,0.926462,0.924082,0.938151,0.798252,0.945368,0.865469,0.904071
constraint_weak_agent,45,0.0,0.938778,0.935635,0.949861,0.807356,0.954538,0.875702,0.914773
constraint_weak_agent,46,0.0,0.931364,0.927716,0.941752,0.798007,0.944502,0.866907,0.906163
constraint_weak_agent,47,0.0,0.950615,0.946415,0.960509,0.814669,0.96132,0.884475,0.924144
constraint_weak_agent,48,0.0,0.966778,0.962356,0.975978,0.830169,0.975592,0.899991,0.939592
constraint_weak_agent,49,0.0,0.976739,0.972348,0.985117,0.84104,0.984102,0.910157,0.949294
constraint_weak_agent,50,0.0,0.988018,0.983793,0.995548,0.854157,0.99423,0.922153,0.960599
constraint_weak_agent,51,0.0,0.993974,0.990054,1.0,0.862978,0.999323,0.929314,0.966758
constraint_weak_agent,52,0.0,1.0,1.0,1.0,0.897615,1.0,0.948807,0.977475
constraint_weak_agent,53,0.0,0.998694,0.998694,0.998694,0.89938,0.998694,0.949037,0.976845
constraint_weak_agent,54,0.0,0.994252,0.994234,0.99427,0.897792,0.994234,0.94602,0.973027
constraint_weak_agent,55,0.0,0.983673,0.983577,0.983769,0.889556,0.983577,0.936602,0.962949
constraint_weak_agent,56,0.0,0.970247,0.969932,0.970558,0.877385,0.969932,0.923776,0.949758
constraint_weak_agent,57,0.0,0.955328,0.954633,0.956013,0.862396,0.954633,0.908771,0.934752
constraint_weak_agent,58,0.0,0.947625,0.946382,0.948839,0.853193,0.946382,0.900241,0.926614
constraint_weak_agent,59,0.0,0.953164,0.951327,0.954941,0.856537,0.951327,0.904596,0.931553
constraint_weak_agent,60,0.208427,0.845198,0.853332,0.868224,0.705287,0.91586,0.784681,0.834997
constraint_weak_agent,61,0.0,0.85322,0.858276,0.87519,0.702646,0.913801,0.786483,0.837856
constraint_weak_agent,62,0.0,0.885217,0.887651,0.906166,0.725069,0.936958,0.81277,0.865266
constraint_weak_agent,63,0.0,0.910771,0.911326,0.930394,0.744408,0.95511,0.834324,0.887333
constraint_weak_agent,64,0.0,0.919619,0.918862,0.937744,0.749681,0.957743,0.840563,0.893583
constraint_weak_agent,65,0.0,0.919953,0.918156,0.936666,0.747397,0.952682,0.838837,0.891762
constraint_weak_agent,66,0.0,0.938265,0.935549,0.953759,0.763201,0.966208,0.855206,0.908129
constraint_weak_agent,67,0.0,0.948864,0.945587,0.963053,0.773125,0.972812,0.864864,0.917394
constraint_weak_agent,68,0.0,0.933585,0.929959,0.946503,0.758209,0.954135,0.84924,0.901177
constraint_weak_agent,69,0.0,0.940933,0.936784,0.952973,0.764443,0.958252,0.855529,0.907344
constraint_weak_agent,70,0.0,0.952306,0.947795,0.963487,0.775441,0.966859,0.866275,0.917827
constraint_weak_agent,71,0.0,0.94482,0.940147,0.955104,0.768682,0.957075,0.858779,0.909817
constraint_weak_agent,72,0.0,0.954621,0.949698,0.964237,0.778469,0.96473,0.868224,0.918994
constraint_weak_agent,73,0.0,0.938516,0.933509,0.947421,0.763293,0.946858,0.852291,0.902571
constraint_weak_agent,74,0.0,0.966306,0.960999,0.974825,0.790437,0.972853,0.879465,0.929716
constraint_weak_agent,75,0.0,0.989271,0.984086,0.997069,0.815443,0.994613,0.903244,0.952759
constraint_weak_agent,76,0.0,0.986835,0.982081,0.993692,0.817192,0.991428,0.902763,0.950978
constraint_weak_agent,77,0.0,0.993945,0.98954,1.0,0.828128,0.99784,0.911658,0.958687
constraint_weak_agent,78,0.0,0.958559,0.954562,0.963851,0.797135,0.961933,0.878373,0.924081
constraint_weak_agent,79,0.0,0.946436,0.942306,0.951567,0.785876,0.948851,0.866529,0.911894
constraint_weak_agent,80,0.189481,0.832888,0.837946,0.856999,0.634107,0.900602,0.743257,0.808822
constraint_weak_agent,81,0.0,0.86466,0.866812,0.887735,0.6558,0.92245,0.76887,0.835617
constraint_weak_agent,82,0.0,0.911673,0.911688,0.933412,0.696085,0.961095,0.811464,0.878782
constraint_weak_agent,83,0.0,0.905153,0.90393,0.925085,0.687554,0.947804,0.803003,0.869843
constraint_weak_agent,84,0.0,0.904541,0.902128,0.923011,0.684365,0.941088,0.800237,0.866903
constraint_weak_agent,85,0.0,0.920101,0.916621,0.937321,0.697366,0.951218,0.813723,0.88034
constraint_weak_agent,86,0.0,0.954335,0.950126,0.970263,0.730612,0.980848,0.846765,0.913018
constraint_weak_agent,87,0.0,0.941753,0.937377,0.956091,0.720358,0.964657,0.834773,0.899855
constraint_weak_agent,88,0.0,0.952828,0.948126,0.965973,0.732482,0.972351,0.845838,0.910167
constraint_weak_agent,89,0.0,0.986091,0.981255,0.998057,0.767827,1.0,0.87938,0.942474
constraint_weak_agent,90,0.0,0.963067,0.958578,0.973552,0.750016,0.975224,0.858643,0.92
constraint_weak_agent,91,0.0,0.948505,0.944002,0.958039,0.7383,0.958783,0.845177,0.905482
constraint_weak_agent,92,0.0,0.948639,0.943919,0.957559,0.739797,0.957045,0.845676,0.905368
constraint_weak_agent,93,0.0,0.947302,0.942391,0.955692,0.739794,0.954047,0.844724,0.90384
constraint_weak_agent,94,0.0,0.966131,0.961033,0.974084,0.759789,0.971383,0.863883,0.922496
constraint_weak_agent,95,0.0,0.974023,0.969022,0.981337,0.77062,0.978213,0.873056,0.930704
constraint_weak_agent,96,0.0,0.950672,0.945867,0.957326,0.750877,0.954028,0.851358,0.907878
constraint_weak_agent,97,0.0,0.964618,0.959661,0.971031,0.766082,0.966908,0.865755,0.921805
constraint_weak_agent,98,0.0,0.960413,0.955516,0.966424,0.764437,0.961952,0.862698,0.917938
constraint_weak_agent,99,0.0,0.984518,0.979615,0.990241,0.79062,0.98533,0.887718,0.942291
constraint_weak_agent,100,0.157765,0.890149,0.893466,0.911064,0.669029,0.945871,0.788078,0.857767
constraint_weak_agent,101,0.0,0.912107,0.913515,0.931632,0.687075,0.96005,0.807052,0.876646
constraint_weak_agent,102,0.0,0.934625,0.934645,0.952648,0.707907,0.975968,0.8278,0.896885
constraint_weak_agent,103,0.0,0.949584,0.948687,0.965998,0.723391,0.985381,0.842204,0.910331
constraint_weak_agent,104,0.0,0.930653,0.92915,0.945475,0.706405,0.961735,0.823527,0.890428
constraint_weak_agent,105,0.0,0.947461,0.945155,0.961179,0.723284,0.974091,0.839695,0.905969
constraint_weak_agent,106,0.0,0.938566,0.935783,0.951099,0.71607,0.961478,0.831058,0.896355
constraint_weak_agent,107,0.0,0.949836,0.946505,0.961474,0.728117,0.969322,0.842178,0.906811
constraint_weak_agent,108,0.0,0.934801,0.93114,0.945512,0.714918,0.951402,0.827597,0.89134
constraint_weak_agent,109,0.0,0.949711,0.945547,0.959835,0.730165,0.96354,0.842234,0.905544
constraint_weak_agent,110,0.0,0.943948,0.939547,0.953359,0.726161,0.955524,0.836982,0.899517
constraint_weak_agent,111,0.0,0.931771,0.927078,0.940649,0.715137,0.941266,0.825041,0.887005
constraint_weak_agent,112,0.0,0.951075,0.945953,0.959666,0.73439,0.958551,0.843993,0.905746
constraint_weak_agent,113,0.0,0.960864,0.955631,0.968937,0.745983,0.966818,0.854429,0.915494
constraint_weak_agent,114,0.0,0.956586,0.95139,0.964076,0.744394,0.961325,0.851288,0.911446
constraint_weak_agent,115,0.0,0.983824,0.978602,0.990873,0.77383,0.987424,0.879432,0.938839
constraint_weak_agent,116,0.0,0.979252,0.974389,0.985541,0.774005,0.982223,0.877117,0.935094
constraint_weak_agent,117,0.0,0.982348,0.977739,0.988047,0.781267,0.984696,0.882185,0.938905
constraint_weak_agent,118,0.0,0.988606,0.984266,0.993754,0.791862,0.990443,0.89052,0.94595
constraint_weak_agent,119,0.0,0.980747,0.976733,0.985334,0.788811,0.982219,0.884997,0.939019
constraint_weak_agent,120,0.084145,0.928891,0.929265,0.94152,0.724037,0.959379,0.831367,0.89271
constraint_weak_agent,121,0.0,0.931676,0.931013,0.943533,0.726141,0.957754,0.833155,0.894096
constraint_weak_agent,122,0.0,0.960725,0.959179,0.971878,0.754796,0.982926,0.861416,0.921959
constraint_weak_agent,123,0.0,0.950064,0.948142,0.960206,0.746544,0.969229,0.851472,0.910932
constraint_weak_agent,124,0.0,0.920165,0.917758,0.929585,0.717956,0.936484,0.821775,0.880502
constraint_weak_agent,125,0.0,0.954388,0.951134,0.963608,0.750581,0.967762,0.854739,0.913573
constraint_weak_agent,126,0.0,0.998375,0.994847,1.0,0.796303,1.0,0.897288,0.953932
constraint_weak_agent,127,0.0,0.992501,0.989345,0.993921,0.796335,0.993921,0.894365,0.949342
constraint_weak_agent,128,0.0,0.964393,0.961485,0.965719,0.773393,0.965549,0.868828,0.922344
constraint_weak_agent,129,0.0,0.964222,0.961142,0.965861,0.775534,0.96475,0.869752,0.922585
constraint_weak_agent,130,0.0,0.964437,0.961201,0.966348,0.777974,0.964405,0.871022,0.923201
constraint_weak_agent,131,0.0,0.966069,0.962697,0.96821,0.781786,0.965543,0.873692,0.925233
constraint_weak_agent,132,0.0,0.953643,0.950174,0.95596,0.771632,0.952701,0.862358,0.91324
constraint_weak_agent,133,0.0,0.968178,0.964448,0.970819,0.787176,0.966692,0.877333,0.927903
constraint_weak_agent,134,0.0,0.980055,0.976298,0.982772,0.801429,0.97829,0.890367,0.940256
constraint_weak_agent,135,0.0,0.960152,0.956536,0.962768,0.78497,0.958306,0.872182,0.9211
constraint_weak_agent,136,0.0,0.975661,0.971892,0.978468,0.801909,0.973463,0.888363,0.936862
constraint_weak_agent,137,0.0,1.0,1.0,1.0,0.838642,1.0,0.919321,0.964501
constraint_weak_agent,138,0.0,1.0,1.0,1.0,0.846062,1.0,0.923031,0.966134
constraint_weak_agent,139,0.0,0.99494,0.99494,0.99494,0.84562,0.99494,0.92028,0.96209
constraint_weak_agent,140,0.099155,0.950271,0.955158,0.960258,0.785114,0.984905,0.873136,0.923958
constraint_weak_agent,141,0.0,0.930577,0.93422,0.939861,0.7656,0.960635,0.852888,0.902998
constraint_weak_agent,142,0.0,0.94179,0.944054,0.950747,0.775098,0.96751,0.862631,0.912628
constraint_weak_agent,143,0.0,0.943268,0.944463,0.951785,0.775988,0.965292,0.863267,0.912935
constraint_weak_agent,144,0.0,0.978133,0.9784,0.986253,0.810426,0.996897,0.897423,0.946788
constraint_weak_agent,145,0.0,0.978276,0.978207,0.985565,0.813501,0.994632,0.898636,0.946852
constraint_weak_agent,146,0.0,1.0,1.0,1.0,0.844114,1.0,0.922057,0.965705
constraint_weak_agent,147,0.0,0.983444,0.983444,0.983444,0.832235,0.983444,0.907839,0.950178
constraint_weak_agent,148,0.0,0.994339,0.994107,0.994571,0.846076,0.994107,0.920178,0.961678
constraint_weak_agent,149,0.0,0.999843,0.999558,1.0,0.855485,0.999558,0.927612,0.968005
constraint_weak_agent,150,0.0,0.986827,0.986572,0.986964,0.846785,0.986572,0.916759,0.955946
constraint_weak_agent,151,0.0,0.991148,0.990737,0.99145,0.854042,0.990737,0.92253,0.960886
constraint_weak_agent,152,0.0,1.0,1.0,1.0,0.876609,1.0,0.938304,0.972854
constraint_weak_agent,153,0.0,0.995143,0.995143,0.995143,0.875454,0.995143,0.935298,0.968811
constraint_weak_agent,154,0.0,0.970376,0.970308,0.970444,0.853811,0.970308,0.912085,0.944719
constraint_weak_agent,155,0.0,0.973845,0.97337,0.974318,0.857933,0.97337,0.915828,0.948256
constraint_weak_agent,156,0.0,0.963604,0.962816,0.964377,0.848658,0.962816,0.906028,0.938167
constraint_weak_agent,157,0.0,0.963055,0.961845,0.964229,0.848064,0.961845,0.905397,0.937526
constraint_weak_agent,158,0.0,0.966486,0.964895,0.968013,0.851398,0.964895,0.908724,0.940859
constraint_weak_agent,159,0.0,0.945124,0.943242,0.946907,0.830271,0.943242,0.887435,0.919487
