agent,step,gv,mode,truth,constraint,coherence,autonomy
recoverable_ai,0,1.0,STABLE,1.0,1.0,1.0,1.0
recoverable_ai,1,0.9896,STABLE,0.9896,0.9896,0.9896,1.0
recoverable_ai,2,0.998066,STABLE,0.997895,0.997895,0.997885,1.0
recoverable_ai,3,1.0,STABLE,1.0,1.0,1.0,1.0
recoverable_ai,4,0.98049,STABLE,0.98049,0.98049,0.98049,1.0
recoverable_ai,5,0.969271,STABLE,0.968951,0.968951,0.968932,1.0
recoverable_ai,6,0.973381,STABLE,0.972589,0.972589,0.972548,1.0
recoverable_ai,7,0.972659,STABLE,0.97151,0.97151,0.971461,1.0
recoverable_ai,8,0.97499,STABLE,0.973507,0.973507,0.973456,1.0
recoverable_ai,9,0.968734,STABLE,0.96699,0.96699,0.966945,1.0
recoverable_ai,10,0.980375,STABLE,0.978293,0.978293,0.978251,1.0
recoverable_ai,11,0.989916,STABLE,0.98772,0.98772,0.987699,1.0
recoverable_ai,12,0.991455,STABLE,0.989314,0.989314,0.98932,1.0
recoverable_ai,13,1.0,STABLE,1.0,1.0,1.0,1.0
recoverable_ai,14,1.0,STABLE,1.0,1.0,1.0,1.0
recoverable_ai,15,0.991407,STABLE,0.991407,0.991407,0.991407,1.0
recoverable_ai,16,0.995889,STABLE,0.995748,0.995748,0.995739,1.0
recoverable_ai,17,0.986676,STABLE,0.986482,0.986482,0.986473,1.0
recoverable_ai,18,0.996687,STABLE,0.996294,0.996294,0.996276,1.0
recoverable_ai,19,0.996485,STABLE,0.996076,0.996076,0.996064,1.0
recoverable_ai,20,0.901655,STABLE,0.975468,0.975468,0.844888,1.0
recoverable_ai,21,0.924162,STABLE,0.989558,0.989558,0.873403,1.0
recoverable_ai,22,0.930612,STABLE,0.988806,0.988806,0.885029,1.0
recoverable_ai,23,0.933597,STABLE,0.985374,0.985374,0.892635,1.0
recoverable_ai,24,0.936964,STABLE,0.982964,0.982964,0.900158,1.0
recoverable_ai,25,0.948769,STABLE,0.989582,0.989582,0.915696,1.0
recoverable_ai,26,0.957705,STABLE,0.994028,0.994028,0.927907,1.0
recoverable_ai,27,0.966201,STABLE,0.998609,0.998609,0.939299,1.0
recoverable_ai,28,0.972821,STABLE,1.0,1.0,0.949796,1.0
recoverable_ai,29,0.988498,STABLE,1.0,1.0,0.976325,1.0
recoverable_ai,30,0.985558,STABLE,0.995936,0.995936,0.974507,1.0
recoverable_ai,31,0.981833,STABLE,0.991122,0.991122,0.97181,1.0
recoverable_ai,32,0.975439,STABLE,0.983659,0.983659,0.966358,1.0
recoverable_ai,33,0.983938,STABLE,0.991061,0.991061,0.975719,1.0
recoverable_ai,34,0.995078,STABLE,1.0,1.0,0.988934,1.0
recoverable_ai,35,0.994401,STABLE,0.998861,0.998861,0.988834,1.0
recoverable_ai,36,0.986526,STABLE,0.990546,0.990546,0.981482,1.0
recoverable_ai,37,0.97955,STABLE,0.983019,0.983019,0.974974,1.0
recoverable_ai,38,0.987977,STABLE,0.990816,0.990816,0.983806,1.0
recoverable_ai,39,0.996386,STABLE,0.998946,0.998946,0.992735,1.0
recoverable_ai,40,0.891085,WATCH,0.972322,0.972322,0.828083,0.96
recoverable_ai,41,0.907858,STABLE,0.979857,0.979857,0.851452,0.96
recoverable_ai,42,0.910797,STABLE,0.974733,0.974733,0.860174,0.96
recoverable_ai,43,0.922311,STABLE,0.978975,0.978975,0.876892,0.96
recoverable_ai,44,0.931462,STABLE,0.98174,0.98174,0.890644,0.96
recoverable_ai,45,0.94067,STABLE,0.985314,0.985314,0.903937,0.96
recoverable_ai,46,0.95545,STABLE,0.995145,0.995145,0.922343,0.96
recoverable_ai,47,0.962278,STABLE,0.99775,0.99775,0.932346,0.96
recoverable_ai,48,0.971089,STABLE,1.0,1.0,0.946011,0.96
recoverable_ai,49,0.974468,STABLE,1.0,1.0,0.952017,0.96
recoverable_ai,50,0.978823,STABLE,1.0,1.0,0.95966,0.96
recoverable_ai,51,0.984762,STABLE,1.0,1.0,0.969897,0.96
recoverable_ai,52,0.971709,STABLE,0.985428,0.985428,0.95821,0.96
recoverable_ai,53,0.971258,STABLE,0.983339,0.983339,0.959053,0.96
recoverable_ai,54,0.969326,STABLE,0.979902,0.979902,0.958294,0.96
recoverable_ai,55,0.965876,STABLE,0.97504,0.97504,0.955906,0.96
recoverable_ai,56,0.966373,STABLE,0.974186,0.974186,0.957359,0.96
recoverable_ai,57,0.984507,STABLE,0.991097,0.991097,0.97634,0.96
recoverable_ai,58,0.977308,STABLE,0.983115,0.983115,0.969905,0.96
recoverable_ai,59,0.989125,STABLE,0.994081,0.994081,0.982403,0.96
recoverable_ai,60,0.973309,STABLE,0.977703,0.977703,0.967219,0.96
recoverable_ai,61,0.97246,STABLE,0.976048,0.976048,0.966899,0.96
recoverable_ai,62,0.976656,STABLE,0.979496,0.979496,0.971548,0.96
recoverable_ai,63,0.984682,STABLE,0.986917,0.986917,0.979982,0.96
recoverable_ai,64,0.9932,STABLE,0.995023,0.995023,0.988901,0.96
recoverable_ai,65,0.998884,STABLE,1.0,1.0,0.997468,0.96
recoverable_ai,66,0.995502,STABLE,0.996513,0.996513,0.994219,0.96
recoverable_ai,67,0.991302,STABLE,0.992154,0.992154,0.990137,0.96
recoverable_ai,68,0.999754,STABLE,1.0,1.0,0.999373,0.96
recoverable_ai,69,0.997864,STABLE,0.998087,0.998087,0.997519,0.96
recoverable_ai,70,0.891157,WATCH,0.971659,0.971659,0.829279,0.9216
recoverable_ai,71,0.893331,WATCH,0.964618,0.964618,0.838025,0.884736
recoverable_ai,72,0.909314,STABLE,0.972279,0.972279,0.859915,0.884736
recoverable_ai,73,0.920089,STABLE,0.97581,0.97581,0.875851,0.884736
recoverable_ai,74,0.935204,STABLE,0.984553,0.984553,0.895523,0.884736
recoverable_ai,75,0.937606,STABLE,0.981455,0.981455,0.901905,0.884736
recoverable_ai,76,0.945559,STABLE,0.984449,0.984449,0.913447,0.884736
recoverable_ai,77,0.957356,STABLE,0.991887,0.991887,0.92843,0.884736
recoverable_ai,78,0.958623,STABLE,0.98941,0.98941,0.932494,0.884736
recoverable_ai,79,0.967384,STABLE,0.994783,0.994783,0.943791,0.884736
recoverable_ai,80,0.964084,STABLE,0.98856,0.98856,0.942735,0.884736
recoverable_ai,81,0.964053,STABLE,0.985799,0.985799,0.94477,0.884736
recoverable_ai,82,0.963807,STABLE,0.983061,0.983061,0.946402,0.884736
recoverable_ai,83,0.955414,STABLE,0.97239,0.97239,0.939714,0.884736
recoverable_ai,84,0.964618,STABLE,0.979358,0.979358,0.950503,0.884736
recoverable_ai,85,0.963357,STABLE,0.976233,0.976233,0.950625,0.884736
recoverable_ai,86,0.967012,STABLE,0.978164,0.978164,0.95553,0.884736
recoverable_ai,87,0.974983,STABLE,0.984631,0.984631,0.964613,0.884736
recoverable_ai,88,0.98184,STABLE,0.990264,0.990264,0.972455,0.884736
recoverable_ai,89,0.990227,STABLE,0.997658,0.997658,0.981723,0.884736
recoverable_ai,90,0.990176,STABLE,0.996851,0.996851,0.982464,0.884736
recoverable_ai,91,0.986879,STABLE,0.992858,0.992858,0.979887,0.884736
recoverable_ai,92,0.987326,STABLE,0.992603,0.992603,0.980989,0.884736
recoverable_ai,93,0.971651,STABLE,0.976292,0.976292,0.965907,0.884736
recoverable_ai,94,0.95985,STABLE,0.963623,0.963623,0.954623,0.884736
recoverable_ai,95,0.913592,STABLE,0.949999,0.949999,0.884496,0.884736
recoverable_ai,96,0.926206,STABLE,0.957797,0.957797,0.900408,0.884736
recoverable_ai,97,0.924484,STABLE,0.951949,0.951949,0.901519,0.884736
recoverable_ai,98,0.928132,STABLE,0.95182,0.95182,0.907712,0.884736
recoverable_ai,99,0.948146,STABLE,0.968474,0.968474,0.92996,0.884736
recoverable_ai,100,0.94965,STABLE,0.967307,0.967307,0.933331,0.884736
recoverable_ai,101,0.961911,STABLE,0.977167,0.977167,0.947258,0.884736
recoverable_ai,102,0.956266,STABLE,0.969566,0.969566,0.943053,0.884736
recoverable_ai,103,0.958413,STABLE,0.969825,0.969825,0.946512,0.884736
recoverable_ai,104,0.952886,STABLE,0.962618,0.962618,0.942146,0.884736
recoverable_ai,105,0.953968,STABLE,0.962068,0.962068,0.944257,0.884736
recoverable_ai,106,0.966716,STABLE,0.973354,0.973354,0.957895,0.884736
recoverable_ai,107,0.952565,STABLE,0.958106,0.958106,0.944536,0.884736
recoverable_ai,108,0.961348,STABLE,0.965634,0.965634,0.953959,0.884736
recoverable_ai,109,0.967318,STABLE,0.970623,0.970623,0.960497,0.884736
recoverable_ai,110,0.964395,STABLE,0.966915,0.966915,0.95809,0.884736
recoverable_ai,111,0.953217,STABLE,0.954968,0.954968,0.947325,0.884736
recoverable_ai,112,0.958251,STABLE,0.959112,0.959112,0.952585,0.884736
recoverable_ai,113,0.956781,STABLE,0.956925,0.956925,0.951317,0.884736
recoverable_ai,114,0.963056,STABLE,0.962525,0.962525,0.957711,0.884736
recoverable_ai,115,0.966627,STABLE,0.965592,0.965592,0.961434,0.884736
recoverable_ai,116,0.985658,STABLE,0.984225,0.984225,0.980627,0.884736
recoverable_ai,117,0.984508,STABLE,0.98303,0.98303,0.979885,0.884736
recoverable_ai,118,0.975628,STABLE,0.974085,0.974085,0.971342,0.884736
recoverable_ai,119,0.979602,STABLE,0.977847,0.977847,0.975472,0.884736
recoverable_ai,120,0.983614,STABLE,0.981731,0.981731,0.979674,0.884736
recoverable_ai,121,0.997362,STABLE,0.996711,0.996711,0.996196,0.884736
recoverable_ai,122,1.0,STABLE,1.0,1.0,1.0,0.884736
recoverable_ai,123,1.0,STABLE,1.0,1.0,1.0,0.884736
recoverable_ai,124,1.0,STABLE,1.0,1.0,1.0,0.884736
recoverable_ai,125,0.988112,STABLE,0.988112,0.988112,0.988112,0.884736
recoverable_ai,126,0.982814,STABLE,0.982618,0.982618,0.982607,0.884736
recoverable_ai,127,0.975131,STABLE,0.974674,0.974674,0.97465,0.884736
recoverable_ai,128,0.97352,STABLE,0.9727,0.9727,0.972663,0.884736
recoverable_ai,129,0.96218,STABLE,0.961008,0.961008,0.960963,0.884736
recoverable_ai,130,0.887915,WATCH,0.949658,0.949658,0.840167,0.849347
recoverable_ai,131,0.884638,WATCH,0.938776,0.938776,0.842229,0.815373
recoverable_ai,132,0.886096,WATCH,0.933273,0.933273,0.848512,0.782758
recoverable_ai,133,0.900588,STABLE,0.94148,0.94148,0.8673,0.782758
recoverable_ai,134,0.918837,STABLE,0.954309,0.954309,0.889253,0.782758
recoverable_ai,135,0.946846,STABLE,0.977748,0.977748,0.920425,0.782758
recoverable_ai,136,0.977878,STABLE,1.0,1.0,0.957676,0.782758
recoverable_ai,137,0.982607,STABLE,1.0,1.0,0.965932,0.782758
recoverable_ai,138,0.974453,STABLE,0.990105,0.990105,0.959311,0.782758
recoverable_ai,139,0.955634,STABLE,0.969536,0.969536,0.941925,0.782758
recoverable_ai,140,0.962579,STABLE,0.974529,0.974529,0.950233,0.782758
recoverable_ai,141,0.958034,STABLE,0.968335,0.968335,0.946887,0.782758
recoverable_ai,142,0.957874,STABLE,0.966588,0.966588,0.947802,0.782758
recoverable_ai,143,0.95574,STABLE,0.963006,0.963006,0.946612,0.782758
recoverable_ai,144,0.958499,STABLE,0.96441,0.96441,0.950187,0.782758
recoverable_ai,145,0.973045,STABLE,0.977775,0.977775,0.965435,0.782758
recoverable_ai,146,0.977118,STABLE,0.981034,0.981034,0.97017,0.782758
recoverable_ai,147,0.977645,STABLE,0.980889,0.980889,0.9713,0.782758
recoverable_ai,148,0.969347,STABLE,0.971985,0.971985,0.963539,0.782758
recoverable_ai,149,0.955431,STABLE,0.957367,0.957367,0.950035,0.782758
recoverable_ai,150,0.954687,STABLE,0.955744,0.955744,0.949506,0.782758
recoverable_ai,151,0.958318,STABLE,0.95857,0.95857,0.953258,0.782758
recoverable_ai,152,0.979811,STABLE,0.979398,0.979398,0.974847,0.782758
recoverable_ai,153,0.982917,STABLE,0.982266,0.982266,0.978288,0.782758
recoverable_ai,154,0.993664,STABLE,0.993442,0.993442,0.990484,0.782758
recoverable_ai,155,0.989214,STABLE,0.988947,0.988947,0.986335,0.782758
recoverable_ai,156,0.978325,STABLE,0.977938,0.977938,0.975651,0.782758
recoverable_ai,157,0.970645,STABLE,0.969963,0.969963,0.967997,0.782758
recoverable_ai,158,0.96607,STABLE,0.964994,0.964994,0.963313,0.782758
recoverable_ai,159,0.990446,STABLE,0.988939,0.988939,0.987498,0.782758
recoverable_ai,160,0.906234,STABLE,0.983207,0.983207,0.846455,0.782758
recoverable_ai,161,0.907043,STABLE,0.975454,0.975454,0.853407,0.782758
recoverable_ai,162,0.925988,STABLE,0.986635,0.986635,0.877902,0.782758
recoverable_ai,163,0.93754,STABLE,0.9915,0.9915,0.894285,0.782758
recoverable_ai,164,0.942478,STABLE,0.99058,0.99058,0.903494,0.782758
recoverable_ai,165,0.948023,STABLE,0.990888,0.990888,0.912872,0.782758
recoverable_ai,166,0.946828,STABLE,0.985033,0.985033,0.915113,0.782758
recoverable_ai,167,0.956696,STABLE,0.990631,0.990631,0.928113,0.782758
recoverable_ai,168,0.956557,STABLE,0.986793,0.986793,0.930742,0.782758
recoverable_ai,169,0.948681,STABLE,0.975541,0.975541,0.925384,0.782758
recoverable_ai,170,0.940989,STABLE,0.964621,0.964621,0.920032,0.782758
recoverable_ai,171,0.948491,STABLE,0.969035,0.969035,0.929692,0.782758
recoverable_ai,172,0.969302,STABLE,0.987179,0.987179,0.9524,0.782758
recoverable_ai,173,0.973913,STABLE,0.989754,0.989754,0.958626,0.782758
recoverable_ai,174,0.975281,STABLE,0.989346,0.989346,0.961441,0.782758
recoverable_ai,175,0.980547,STABLE,0.993014,0.993014,0.968019,0.782758
recoverable_ai,176,0.992754,STABLE,1.0,1.0,0.98375,0.782758
recoverable_ai,177,0.994282,STABLE,1.0,1.0,0.987172,0.782758
recoverable_ai,178,0.990711,STABLE,0.995891,0.995891,0.984268,0.782758
recoverable_ai,179,0.99814,STABLE,1.0,1.0,0.995778,0.782758
recoverable_ai,180,0.999808,STABLE,1.0,1.0,0.999466,0.782758
recoverable_ai,181,1.0,STABLE,1.0,1.0,1.0,0.782758
recoverable_ai,182,1.0,STABLE,1.0,1.0,1.0,0.782758
recoverable_ai,183,0.987755,STABLE,0.987755,0.987755,0.987755,0.782758
recoverable_ai,184,0.975205,STABLE,0.975004,0.975004,0.974992,0.782758
recoverable_ai,185,0.994001,STABLE,0.993413,0.993413,0.993382,0.782758
recoverable_ai,186,1.0,STABLE,1.0,1.0,1.0,0.782758
recoverable_ai,187,0.998205,STABLE,0.998205,0.998205,0.998205,0.782758
recoverable_ai,188,0.994539,STABLE,0.994509,0.994509,0.994508,0.782758
recoverable_ai,189,1.0,STABLE,1.0,1.0,1.0,0.782758
recoverable_ai,190,0.916869,STABLE,0.998559,0.998559,0.854132,0.782758
recoverable_ai,191,0.91685,STABLE,0.989721,0.989721,0.86047,0.782758
recoverable_ai,192,0.932075,STABLE,0.996936,0.996936,0.881454,0.782758
recoverable_ai,193,0.935343,STABLE,0.993223,0.993223,0.889774,0.782758
recoverable_ai,194,0.94209,STABLE,0.993686,0.993686,0.90107,0.782758
recoverable_ai,195,0.94652,STABLE,0.992532,0.992532,0.90956,0.782758
recoverable_ai,196,0.955458,STABLE,0.996475,0.996475,0.922144,0.782758
recoverable_ai,197,0.969895,STABLE,1.0,1.0,0.944557,0.782758
recoverable_ai,198,0.973565,STABLE,1.0,1.0,0.951007,0.782758
recoverable_ai,199,0.980175,STABLE,1.0,1.0,0.962454,0.782758
recoverable_ai,200,0.961695,STABLE,0.979498,0.979498,0.945616,0.782758
recoverable_ai,201,0.964965,STABLE,0.980569,0.980569,0.950489,0.782758
recoverable_ai,202,0.959952,STABLE,0.973614,0.973614,0.946907,0.782758
recoverable_ai,203,0.951635,STABLE,0.963431,0.963431,0.939899,0.782758
recoverable_ai,204,0.947486,STABLE,0.957429,0.957429,0.93694,0.782758
recoverable_ai,205,0.94914,STABLE,0.957323,0.957323,0.939633,0.782758
recoverable_ai,206,0.963107,STABLE,0.969725,0.969725,0.954482,0.782758
recoverable_ai,207,0.953309,STABLE,0.958762,0.958762,0.945453,0.782758
recoverable_ai,208,0.957986,STABLE,0.962203,0.962203,0.950758,0.782758
recoverable_ai,209,0.957053,STABLE,0.960234,0.960234,0.950359,0.782758
recoverable_ai,210,0.957755,STABLE,0.959979,0.959979,0.951486,0.782758
recoverable_ai,211,0.971678,STABLE,0.973048,0.973048,0.965746,0.782758
recoverable_ai,212,0.979641,STABLE,0.980478,0.980478,0.974107,0.782758
recoverable_ai,213,0.994047,STABLE,0.995335,0.995335,0.990225,0.782758
recoverable_ai,214,0.993026,STABLE,0.994145,0.994145,0.989576,0.782758
recoverable_ai,215,0.986688,STABLE,0.98763,0.98763,0.983561,0.782758
recoverable_ai,216,0.985664,STABLE,0.986332,0.986332,0.982769,0.782758
recoverable_ai,217,0.989397,STABLE,0.989796,0.989796,0.986692,0.782758
recoverable_ai,218,0.99212,STABLE,0.992337,0.992337,0.989615,0.782758
recoverable_ai,219,0.98198,STABLE,0.982075,0.982075,0.979678,0.782758
truth_drift_ai,0,1.0,STABLE,1.0,1.0,1.0,1.0
truth_drift_ai,1,1.0,STABLE,1.0,1.0,1.0,1.0
truth_drift_ai,2,1.0,STABLE,1.0,1.0,1.0,1.0
truth_drift_ai,3,1.0,STABLE,1.0,1.0,1.0,1.0
truth_drift_ai,4,0.991468,STABLE,0.991468,0.991468,0.991468,1.0
truth_drift_ai,5,0.98915,STABLE,0.988799,0.989153,0.988968,1.0
truth_drift_ai,6,0.975217,STABLE,0.974433,0.975231,0.974815,1.0
truth_drift_ai,7,0.970913,STABLE,0.969139,0.970948,0.970006,1.0
truth_drift_ai,8,0.975935,STABLE,0.973036,0.97601,0.974462,1.0
truth_drift_ai,9,0.989511,STABLE,0.985742,0.989642,0.987613,1.0
truth_drift_ai,10,0.982838,STABLE,0.978793,0.983031,0.980827,1.0
truth_drift_ai,11,0.977345,STABLE,0.972761,0.977603,0.975084,1.0
truth_drift_ai,12,0.957271,STABLE,0.951942,0.957599,0.954656,1.0
truth_drift_ai,13,0.958339,STABLE,0.951468,0.958754,0.954963,1.0
truth_drift_ai,14,0.950314,STABLE,0.942009,0.950836,0.946242,1.0
truth_drift_ai,15,0.948117,STABLE,0.938106,0.948766,0.943218,1.0
truth_drift_ai,16,0.94256,STABLE,0.930823,0.943359,0.936832,1.0
truth_drift_ai,17,0.945162,STABLE,0.931541,0.946132,0.938533,1.0
truth_drift_ai,18,0.930928,STABLE,0.915606,0.932088,0.923502,1.0
truth_drift_ai,19,0.9205,STABLE,0.902961,0.921873,0.912017,1.0
truth_drift_ai,20,0.836264,WATCH,0.780779,0.885417,0.806954,0.96
truth_drift_ai,21,0.835351,WATCH,0.775073,0.881966,0.804908,0.9216
truth_drift_ai,22,0.863716,WATCH,0.79884,0.908078,0.831956,0.884736
truth_drift_ai,23,0.900793,STABLE,0.832718,0.943159,0.868113,0.884736
truth_drift_ai,24,0.894598,WATCH,0.825018,0.935172,0.861618,0.849347
truth_drift_ai,25,0.896807,WATCH,0.825535,0.935742,0.863384,0.815373
truth_drift_ai,26,0.905931,STABLE,0.833137,0.943373,0.872088,0.815373
truth_drift_ai,27,0.928295,STABLE,0.854429,0.964375,0.894191,0.815373
truth_drift_ai,28,0.922014,STABLE,0.848054,0.956843,0.888062,0.815373
truth_drift_ai,29,0.923556,STABLE,0.849248,0.957221,0.889614,0.815373
truth_drift_ai,30,0.935214,STABLE,0.86064,0.967801,0.901297,0.815373
truth_drift_ai,31,0.942675,STABLE,0.868332,0.974261,0.908994,0.815373
truth_drift_ai,32,0.941541,STABLE,0.86773,0.972188,0.908219,0.815373
truth_drift_ai,33,0.942912,STABLE,0.869567,0.972674,0.909903,0.815373
truth_drift_ai,34,0.931789,STABLE,0.858948,0.960718,0.899098,0.815373
truth_drift_ai,35,0.932769,STABLE,0.859952,0.960913,0.900161,0.815373
truth_drift_ai,36,0.933401,STABLE,0.860649,0.960813,0.900885,0.815373
truth_drift_ai,37,0.938977,STABLE,0.866315,0.965706,0.906557,0.815373
truth_drift_ai,38,0.936313,STABLE,0.86397,0.962402,0.904089,0.815373
truth_drift_ai,39,0.944095,STABLE,0.87195,0.969584,0.912004,0.815373
truth_drift_ai,40,0.82221,CONSTRAIN,0.742218,0.975727,0.757286,0.587068
truth_drift_ai,41,0.857045,WATCH,0.751922,0.980836,0.793178,0.563586
truth_drift_ai,42,0.865797,WATCH,0.758407,0.982625,0.803442,0.541042
truth_drift_ai,43,0.873355,WATCH,0.764206,0.983766,0.812343,0.5194
truth_drift_ai,44,0.873126,WATCH,0.76265,0.977615,0.813324,0.498624
truth_drift_ai,45,0.883236,WATCH,0.771511,0.982249,0.824439,0.478679
truth_drift_ai,46,0.888487,WATCH,0.776022,0.98244,0.830672,0.459532
truth_drift_ai,47,0.914367,STABLE,0.802329,1.0,0.858503,0.459532
truth_drift_ai,48,0.931066,STABLE,0.822807,1.0,0.879574,0.459532
truth_drift_ai,49,0.937131,STABLE,0.830918,1.0,0.887395,0.459532
truth_drift_ai,50,0.932097,STABLE,0.827345,0.992369,0.883381,0.459532
truth_drift_ai,51,0.923916,STABLE,0.820365,0.981746,0.876066,0.459532
truth_drift_ai,52,0.939321,STABLE,0.836588,0.994855,0.89213,0.459532
truth_drift_ai,53,0.944437,STABLE,0.843137,0.99782,0.898137,0.459532
truth_drift_ai,54,0.950844,STABLE,0.851703,1.0,0.905911,0.459532
truth_drift_ai,55,0.93517,STABLE,0.837817,0.982554,0.891206,0.459532
truth_drift_ai,56,0.947269,STABLE,0.850983,0.992973,0.903935,0.459532
truth_drift_ai,57,0.953858,STABLE,0.859104,0.997978,0.911341,0.459532
truth_drift_ai,58,0.944388,STABLE,0.851381,0.987006,0.902767,0.459532
truth_drift_ai,59,0.941953,STABLE,0.850233,0.983144,0.901009,0.459532
truth_drift_ai,60,0.947048,STABLE,0.856464,0.986887,0.9067,0.459532
truth_drift_ai,61,0.94971,STABLE,0.860434,0.988271,0.910024,0.459532
truth_drift_ai,62,0.94877,STABLE,0.860862,0.986119,0.909763,0.459532
truth_drift_ai,63,0.949798,STABLE,0.863166,0.985995,0.91142,0.459532
truth_drift_ai,64,0.949291,STABLE,0.86393,0.984394,0.911532,0.459532
truth_drift_ai,65,0.952881,STABLE,0.868722,0.986943,0.915703,0.459532
truth_drift_ai,66,0.96807,STABLE,0.886587,1.0,0.932333,0.459532
truth_drift_ai,67,0.943304,STABLE,0.863643,0.974333,0.908392,0.459532
truth_drift_ai,68,0.943487,STABLE,0.864547,0.973649,0.908904,0.459532
truth_drift_ai,69,0.947797,STABLE,0.869563,0.977142,0.913534,0.459532
truth_drift_ai,70,0.868001,WATCH,0.754208,0.945412,0.814307,0.441151
truth_drift_ai,71,0.857577,WATCH,0.74254,0.931425,0.803935,0.423505
truth_drift_ai,72,0.868638,WATCH,0.751999,0.939204,0.8148,0.406565
truth_drift_ai,73,0.892914,WATCH,0.775224,0.960465,0.839018,0.390302
truth_drift_ai,74,0.882945,WATCH,0.76528,0.94772,0.829377,0.37469
truth_drift_ai,75,0.897592,WATCH,0.779552,0.959788,0.844133,0.359703
truth_drift_ai,76,0.899334,WATCH,0.781558,0.959141,0.846217,0.345314
truth_drift_ai,77,0.903625,STABLE,0.786187,0.961208,0.85085,0.345314
truth_drift_ai,78,0.897713,WATCH,0.780789,0.953224,0.845331,0.331502
truth_drift_ai,79,0.899372,WATCH,0.782706,0.952948,0.847246,0.318242
truth_drift_ai,80,0.917262,STABLE,0.800921,0.969035,0.8654,0.318242
truth_drift_ai,81,0.926803,STABLE,0.811526,0.976893,0.87552,0.318242
truth_drift_ai,82,0.947226,STABLE,0.833372,0.995732,0.89667,0.318242
truth_drift_ai,83,0.957592,STABLE,0.849146,1.0,0.910039,0.318242
truth_drift_ai,84,0.961339,STABLE,0.857157,1.0,0.915913,0.318242
truth_drift_ai,85,0.96853,STABLE,0.878025,1.0,0.929254,0.318242
truth_drift_ai,86,0.970418,STABLE,0.885342,1.0,0.933498,0.318242
truth_drift_ai,87,0.973264,STABLE,0.896374,1.0,0.939897,0.318242
truth_drift_ai,88,0.97094,STABLE,0.895895,0.997034,0.938373,0.318242
truth_drift_ai,89,0.972426,STABLE,0.899059,0.997894,0.940587,0.318242
truth_drift_ai,90,0.966199,STABLE,0.894507,0.991058,0.935086,0.318242
truth_drift_ai,91,0.975989,STABLE,0.906935,1.0,0.946022,0.318242
truth_drift_ai,92,0.964782,STABLE,0.897385,0.988217,0.935535,0.318242
truth_drift_ai,93,0.973941,STABLE,0.907672,0.996813,0.945179,0.318242
truth_drift_ai,94,0.972783,STABLE,0.907981,0.995116,0.944657,0.318242
truth_drift_ai,95,0.862763,WATCH,0.744482,0.958404,0.804208,0.305512
truth_drift_ai,96,0.888502,WATCH,0.768821,0.979339,0.830391,0.293292
truth_drift_ai,97,0.901585,STABLE,0.781677,0.988002,0.84419,0.293292
truth_drift_ai,98,0.890746,WATCH,0.771197,0.973069,0.834175,0.28156
truth_drift_ai,99,0.895652,WATCH,0.776018,0.974166,0.839642,0.270298
truth_drift_ai,100,0.88916,WATCH,0.769674,0.964141,0.833716,0.259486
truth_drift_ai,101,0.889612,WATCH,0.770019,0.96131,0.83456,0.249106
truth_drift_ai,102,0.910308,STABLE,0.790651,0.97896,0.8556,0.249106
truth_drift_ai,103,0.920889,STABLE,0.80205,0.986716,0.866841,0.249106
truth_drift_ai,104,0.917411,STABLE,0.799812,0.980598,0.864162,0.249106
truth_drift_ai,105,0.911021,STABLE,0.794479,0.971734,0.858461,0.249106
truth_drift_ai,106,0.915522,STABLE,0.79974,0.973916,0.863494,0.249106
truth_drift_ai,107,0.907235,STABLE,0.79238,0.963461,0.855785,0.249106
truth_drift_ai,108,0.904951,STABLE,0.790652,0.959147,0.853893,0.249106
truth_drift_ai,109,0.912647,STABLE,0.798796,0.964947,0.861913,0.249106
truth_drift_ai,110,0.928269,STABLE,0.815178,0.9788,0.877979,0.249106
truth_drift_ai,111,0.937407,STABLE,0.825702,0.986278,0.887825,0.249106
truth_drift_ai,112,0.916961,STABLE,0.806972,0.964265,0.868223,0.249106
truth_drift_ai,113,0.923836,STABLE,0.814648,0.969653,0.875522,0.249106
truth_drift_ai,114,0.927943,STABLE,0.819817,0.972364,0.88016,0.249106
truth_drift_ai,115,0.935212,STABLE,0.82828,0.978316,0.888011,0.249106
truth_drift_ai,116,0.954042,STABLE,0.848564,0.995901,0.907534,0.249106
truth_drift_ai,117,0.934864,STABLE,0.831566,0.975537,0.889372,0.249106
truth_drift_ai,118,0.931697,STABLE,0.829697,0.971231,0.886815,0.249106
truth_drift_ai,119,0.940575,STABLE,0.839693,0.979027,0.896217,0.249106
truth_drift_ai,120,0.92716,STABLE,0.827725,0.964587,0.883471,0.249106
truth_drift_ai,121,0.94522,STABLE,0.846619,0.98167,0.901917,0.249106
truth_drift_ai,122,0.95103,STABLE,0.853984,0.986556,0.90844,0.249106
truth_drift_ai,123,0.961058,STABLE,0.865954,0.995903,0.919386,0.249106
truth_drift_ai,124,0.956495,STABLE,0.863462,0.990463,0.91576,0.249106
truth_drift_ai,125,0.965479,STABLE,0.874876,0.999226,0.925921,0.249106
truth_drift_ai,126,0.971249,STABLE,0.888564,1.0,0.935367,0.249106
truth_drift_ai,127,0.97254,STABLE,0.893567,1.0,0.938269,0.249106
truth_drift_ai,128,0.973804,STABLE,0.898465,1.0,0.94111,0.249106
truth_drift_ai,129,0.97513,STABLE,0.903606,1.0,0.944091,0.249106
truth_drift_ai,130,0.884687,WATCH,0.77326,0.964792,0.831668,0.239142
truth_drift_ai,131,0.889291,WATCH,0.777176,0.965576,0.836634,0.229576
truth_drift_ai,132,0.898911,WATCH,0.786358,0.971668,0.846606,0.220393
truth_drift_ai,133,0.914029,STABLE,0.801484,0.983525,0.86217,0.220393
truth_drift_ai,134,0.90755,STABLE,0.795663,0.97402,0.856333,0.220393
truth_drift_ai,135,0.910824,STABLE,0.799317,0.974475,0.860087,0.220393
truth_drift_ai,136,0.929937,STABLE,0.818948,0.990964,0.879692,0.220393
truth_drift_ai,137,0.925539,STABLE,0.815857,0.984121,0.876081,0.220393
truth_drift_ai,138,0.920653,STABLE,0.812054,0.97694,0.87186,0.220393
truth_drift_ai,139,0.92634,STABLE,0.818588,0.980476,0.878085,0.220393
truth_drift_ai,140,0.938077,STABLE,0.831385,0.9902,0.890431,0.220393
truth_drift_ai,141,0.940722,STABLE,0.835546,0.990957,0.893864,0.220393
truth_drift_ai,142,0.955387,STABLE,0.852783,1.0,0.910008,0.220393
truth_drift_ai,143,0.962622,STABLE,0.864884,1.0,0.919876,0.220393
truth_drift_ai,144,0.968134,STABLE,0.876545,1.0,0.928387,0.220393
truth_drift_ai,145,0.970343,STABLE,0.885049,1.0,0.933328,0.220393
truth_drift_ai,146,0.97706,STABLE,0.911084,1.0,0.948429,0.220393
truth_drift_ai,147,0.975559,STABLE,0.911167,0.997948,0.947615,0.220393
truth_drift_ai,148,0.956195,STABLE,0.893264,0.978048,0.928885,0.220393
truth_drift_ai,149,0.9742,STABLE,0.911868,0.99553,0.947142,0.220393
truth_drift_ai,150,0.970409,STABLE,0.909406,0.991247,0.943927,0.220393
truth_drift_ai,151,0.972542,STABLE,0.912659,0.9929,0.946544,0.220393
truth_drift_ai,152,0.981385,STABLE,0.927851,1.0,0.958153,0.220393
truth_drift_ai,153,0.96581,STABLE,0.91356,0.983977,0.943135,0.220393
truth_drift_ai,154,0.95478,STABLE,0.903118,0.972512,0.932355,0.220393
truth_drift_ai,155,0.940982,STABLE,0.88943,0.958302,0.918593,0.220393
truth_drift_ai,156,0.936156,STABLE,0.884142,0.953096,0.913544,0.220393
truth_drift_ai,157,0.943971,STABLE,0.891319,0.96057,0.921051,0.220393
truth_drift_ai,158,0.952103,STABLE,0.89917,0.968398,0.929035,0.220393
truth_drift_ai,159,0.957214,STABLE,0.904352,0.973234,0.93416,0.220393
truth_drift_ai,160,0.875701,WATCH,0.794968,0.929111,0.837883,0.211578
truth_drift_ai,161,0.88332,WATCH,0.800432,0.934305,0.844987,0.203114
truth_drift_ai,162,0.885118,WATCH,0.800504,0.933897,0.846354,0.19499
truth_drift_ai,163,0.896062,WATCH,0.809886,0.942827,0.856866,0.18719
truth_drift_ai,164,0.908671,STABLE,0.821468,0.953597,0.869221,0.18719
truth_drift_ai,165,0.914786,STABLE,0.827135,0.958024,0.875298,0.18719
truth_drift_ai,166,0.926701,STABLE,0.838885,0.968379,0.887274,0.18719
truth_drift_ai,167,0.932515,STABLE,0.845044,0.972745,0.893354,0.18719
truth_drift_ai,168,0.940956,STABLE,0.854064,0.979834,0.902151,0.18719
truth_drift_ai,169,0.936501,STABLE,0.85052,0.97411,0.898188,0.18719
truth_drift_ai,170,0.937599,STABLE,0.852311,0.974012,0.899669,0.18719
truth_drift_ai,171,0.942396,STABLE,0.857823,0.977685,0.904849,0.18719
truth_drift_ai,172,0.953124,STABLE,0.869441,0.987354,0.91603,0.18719
truth_drift_ai,173,0.951018,STABLE,0.868637,0.984246,0.914558,0.18719
truth_drift_ai,174,0.958218,STABLE,0.877001,0.990491,0.922322,0.18719
truth_drift_ai,175,0.957093,STABLE,0.877295,0.988457,0.921871,0.18719
truth_drift_ai,176,0.957546,STABLE,0.879064,0.988038,0.922946,0.18719
truth_drift_ai,177,0.967452,STABLE,0.890262,0.997118,0.933459,0.18719
truth_drift_ai,178,0.948511,STABLE,0.872965,0.977377,0.91528,0.18719
truth_drift_ai,179,0.937801,STABLE,0.863049,0.965896,0.904941,0.18719
truth_drift_ai,180,0.925946,STABLE,0.851514,0.953311,0.893237,0.18719
truth_drift_ai,181,0.906355,STABLE,0.831742,0.933038,0.873565,0.18719
truth_drift_ai,182,0.904591,STABLE,0.828997,0.930648,0.871348,0.18719
truth_drift_ai,183,0.917197,STABLE,0.840596,0.942692,0.883484,0.18719
truth_drift_ai,184,0.918613,STABLE,0.841572,0.943603,0.884693,0.18719
truth_drift_ai,185,0.924751,STABLE,0.847353,0.94928,0.890662,0.18719
truth_drift_ai,186,0.939393,STABLE,0.861908,0.963499,0.905262,0.18719
truth_drift_ai,187,0.955458,STABLE,0.878499,0.979171,0.921572,0.18719
truth_drift_ai,188,0.956511,STABLE,0.880724,0.979846,0.923172,0.18719
truth_drift_ai,189,0.970457,STABLE,0.897123,0.994704,0.938486,0.18719
truth_drift_ai,190,0.842806,WATCH,0.715376,0.941461,0.780438,0.179703
truth_drift_ai,191,0.845549,WATCH,0.716263,0.939357,0.7834,0.172515
truth_drift_ai,192,0.839181,WATCH,0.708267,0.92853,0.77717,0.165614
truth_drift_ai,193,0.839096,WATCH,0.706387,0.924337,0.777014,0.158989
truth_drift_ai,194,0.844256,WATCH,0.709854,0.92572,0.782022,0.15263
truth_drift_ai,195,0.860637,WATCH,0.724853,0.938629,0.798277,0.146525
truth_drift_ai,196,0.885068,WATCH,0.748664,0.959862,0.822825,0.140664
truth_drift_ai,197,0.876838,WATCH,0.740875,0.948674,0.815106,0.135037
truth_drift_ai,198,0.88689,WATCH,0.751022,0.955969,0.825477,0.129636
truth_drift_ai,199,0.881937,WATCH,0.746592,0.948452,0.82099,0.12445
truth_drift_ai,200,0.892458,WATCH,0.757421,0.95658,0.831849,0.119472
truth_drift_ai,201,0.896226,WATCH,0.761932,0.958118,0.83612,0.114693
truth_drift_ai,202,0.882751,WATCH,0.749336,0.942556,0.823185,0.110106
truth_drift_ai,203,0.897757,WATCH,0.764635,0.955608,0.838448,0.105701
truth_drift_ai,204,0.896443,WATCH,0.764234,0.95247,0.837653,0.101473
truth_drift_ai,205,0.895934,WATCH,0.764553,0.950249,0.837609,0.097414
truth_drift_ai,206,0.890107,WATCH,0.759506,0.942815,0.832211,0.093518
truth_drift_ai,207,0.888822,WATCH,0.758736,0.940023,0.831223,0.089777
truth_drift_ai,208,0.898446,WATCH,0.768805,0.948237,0.841102,0.086186
truth_drift_ai,209,0.901269,STABLE,0.772461,0.94974,0.844349,0.086186
truth_drift_ai,210,0.909095,STABLE,0.781209,0.956324,0.852633,0.086186
truth_drift_ai,211,0.916752,STABLE,0.790079,0.962808,0.860876,0.086186
truth_drift_ai,212,0.933512,STABLE,0.808323,0.978454,0.878341,0.086186
truth_drift_ai,213,0.932562,STABLE,0.809496,0.97644,0.878385,0.086186
truth_drift_ai,214,0.920367,STABLE,0.799299,0.963217,0.867119,0.086186
truth_drift_ai,215,0.934443,STABLE,0.814788,0.976302,0.88185,0.086186
truth_drift_ai,216,0.93363,STABLE,0.815919,0.974542,0.881932,0.086186
truth_drift_ai,217,0.947362,STABLE,0.831483,0.987358,0.896503,0.086186
truth_drift_ai,218,0.952549,STABLE,0.839361,0.992021,0.902984,0.086186
truth_drift_ai,219,0.952664,STABLE,0.841905,0.991233,0.904196,0.086186
constraint_drift_ai,0,1.0,STABLE,1.0,1.0,1.0,1.0
constraint_drift_ai,1,1.0,STABLE,1.0,1.0,1.0,1.0
constraint_drift_ai,2,1.0,STABLE,1.0,1.0,1.0,1.0
constraint_drift_ai,3,1.0,STABLE,1.0,1.0,1.0,1.0
constraint_drift_ai,4,1.0,STABLE,1.0,1.0,1.0,1.0
constraint_drift_ai,5,1.0,STABLE,1.0,1.0,1.0,1.0
constraint_drift_ai,6,0.991543,STABLE,0.991543,0.991543,0.991543,1.0
constraint_drift_ai,7,0.995426,STABLE,0.995429,0.995077,0.995245,1.0
constraint_drift_ai,8,0.995459,STABLE,0.99547,0.994937,0.995192,1.0
constraint_drift_ai,9,0.998885,STABLE,0.998906,0.998197,0.998537,1.0
constraint_drift_ai,10,0.990612,STABLE,0.990644,0.989907,0.990261,1.0
constraint_drift_ai,11,0.975316,STABLE,0.975362,0.974253,0.974786,1.0
constraint_drift_ai,12,0.956178,STABLE,0.956249,0.954141,0.955152,1.0
constraint_drift_ai,13,0.947827,STABLE,0.947945,0.944068,0.945928,1.0
constraint_drift_ai,14,0.946577,STABLE,0.946773,0.940824,0.943678,1.0
constraint_drift_ai,15,0.947028,STABLE,0.947333,0.939312,0.943161,1.0
constraint_drift_ai,16,0.96972,STABLE,0.97016,0.960141,0.964949,1.0
constraint_drift_ai,17,0.982588,STABLE,0.983178,0.972157,0.977445,1.0
constraint_drift_ai,18,0.973921,STABLE,0.97466,0.963205,0.968698,1.0
constraint_drift_ai,19,0.978914,STABLE,0.9798,0.967565,0.973427,1.0
constraint_drift_ai,20,0.848486,WATCH,0.929955,0.777563,0.806204,0.96
constraint_drift_ai,21,0.859531,WATCH,0.936403,0.784755,0.817495,0.9216
constraint_drift_ai,22,0.874073,WATCH,0.946767,0.796113,0.832167,0.884736
constraint_drift_ai,23,0.87798,WATCH,0.946866,0.797613,0.836217,0.849347
constraint_drift_ai,24,0.895589,WATCH,0.96099,0.813109,0.853884,0.815373
constraint_drift_ai,25,0.889921,WATCH,0.95213,0.806175,0.848439,0.782758
constraint_drift_ai,26,0.896066,WATCH,0.955334,0.81089,0.854628,0.751447
constraint_drift_ai,27,0.927679,STABLE,0.98424,0.841406,0.886316,0.751447
constraint_drift_ai,28,0.933436,STABLE,0.987505,0.847443,0.892636,0.751447
constraint_drift_ai,29,0.950374,STABLE,1.0,0.865436,0.91067,0.751447
constraint_drift_ai,30,0.953134,STABLE,1.0,0.869581,0.914411,0.751447
constraint_drift_ai,31,0.959619,STABLE,1.0,0.878519,0.922649,0.751447
constraint_drift_ai,32,0.960504,STABLE,0.999432,0.880867,0.924352,0.751447
constraint_drift_ai,33,0.960216,STABLE,0.997765,0.882022,0.924854,0.751447
constraint_drift_ai,34,0.953878,STABLE,0.990117,0.877058,0.919257,0.751447
constraint_drift_ai,35,0.960074,STABLE,0.995068,0.884312,0.926037,0.751447
constraint_drift_ai,36,0.95306,STABLE,0.986877,0.878573,0.91969,0.751447
constraint_drift_ai,37,0.961695,STABLE,0.994393,0.888143,0.928828,0.751447
constraint_drift_ai,38,0.9718,STABLE,1.0,0.901681,0.940932,0.751447
constraint_drift_ai,39,0.974754,STABLE,1.0,0.907706,0.945475,0.751447
constraint_drift_ai,40,0.899962,WATCH,0.974417,0.797318,0.850794,0.72139
constraint_drift_ai,41,0.902102,STABLE,0.973009,0.799095,0.853395,0.72139
constraint_drift_ai,42,0.916513,STABLE,0.984135,0.813272,0.868225,0.72139
constraint_drift_ai,43,0.902281,STABLE,0.966862,0.79944,0.854587,0.72139
constraint_drift_ai,44,0.903931,STABLE,0.965679,0.800897,0.856534,0.72139
constraint_drift_ai,45,0.8889,WATCH,0.948023,0.785768,0.841779,0.692534
constraint_drift_ai,46,0.879795,WATCH,0.936482,0.775959,0.832647,0.664833
constraint_drift_ai,47,0.899848,WATCH,0.954287,0.794974,0.852481,0.638239
constraint_drift_ai,48,0.913866,STABLE,0.966238,0.808847,0.866622,0.638239
constraint_drift_ai,49,0.910804,STABLE,0.961258,0.80624,0.863918,0.638239
constraint_drift_ai,50,0.90011,STABLE,0.948774,0.795865,0.853499,0.638239
constraint_drift_ai,51,0.875493,WATCH,0.922489,0.771119,0.828939,0.61271
constraint_drift_ai,52,0.876689,WATCH,0.922139,0.771177,0.829717,0.588201
constraint_drift_ai,53,0.907415,STABLE,0.951451,0.800873,0.860054,0.588201
constraint_drift_ai,54,0.916246,STABLE,0.958985,0.810001,0.869087,0.588201
constraint_drift_ai,55,0.914554,STABLE,0.956079,0.808965,0.86775,0.588201
constraint_drift_ai,56,0.923226,STABLE,0.963611,0.818201,0.876727,0.588201
constraint_drift_ai,57,0.911074,STABLE,0.950389,0.806954,0.865029,0.588201
constraint_drift_ai,58,0.912366,STABLE,0.95067,0.808614,0.866521,0.588201
constraint_drift_ai,59,0.917544,STABLE,0.954901,0.814202,0.871913,0.588201
constraint_drift_ai,60,0.92053,STABLE,0.956999,0.8178,0.875201,0.588201
constraint_drift_ai,61,0.932096,STABLE,0.967727,0.830081,0.887113,0.588201
constraint_drift_ai,62,0.938452,STABLE,0.973291,0.837606,0.894022,0.588201
constraint_drift_ai,63,0.947647,STABLE,0.981726,0.848186,0.903866,0.588201
constraint_drift_ai,64,0.942695,STABLE,0.976041,0.844946,0.89971,0.588201
constraint_drift_ai,65,0.953957,STABLE,0.986591,0.857646,0.911636,0.588201
constraint_drift_ai,66,0.968198,STABLE,1.0,0.877351,0.928759,0.588201
constraint_drift_ai,67,0.959268,STABLE,0.990299,0.870594,0.920773,0.588201
constraint_drift_ai,68,0.951779,STABLE,0.982058,0.864822,0.914027,0.588201
constraint_drift_ai,69,0.967039,STABLE,0.996593,0.881424,0.929864,0.588201
constraint_drift_ai,70,0.918044,STABLE,0.986738,0.80452,0.866194,0.588201
constraint_drift_ai,71,0.917464,STABLE,0.983182,0.804787,0.866297,0.588201
constraint_drift_ai,72,0.935892,STABLE,0.998836,0.824022,0.885347,0.588201
constraint_drift_ai,73,0.939825,STABLE,1.0,0.82956,0.890213,0.588201
constraint_drift_ai,74,0.944297,STABLE,1.0,0.836233,0.896018,0.588201
constraint_drift_ai,75,0.958849,STABLE,1.0,0.855811,0.913686,0.588201
constraint_drift_ai,76,0.956431,STABLE,0.996382,0.855654,0.912289,0.588201
constraint_drift_ai,77,0.94841,STABLE,0.987208,0.849707,0.905203,0.588201
constraint_drift_ai,78,0.945871,STABLE,0.983562,0.848828,0.903412,0.588201
constraint_drift_ai,79,0.952529,STABLE,0.989164,0.85698,0.91074,0.588201
constraint_drift_ai,80,0.93859,STABLE,0.974217,0.844755,0.897568,0.588201
constraint_drift_ai,81,0.947619,STABLE,0.982283,0.854855,0.907075,0.588201
constraint_drift_ai,82,0.944307,STABLE,0.978057,0.852951,0.90439,0.588201
constraint_drift_ai,83,0.958097,STABLE,0.990975,0.867958,0.918719,0.588201
constraint_drift_ai,84,0.935577,STABLE,0.967624,0.847185,0.896977,0.588201
constraint_drift_ai,85,0.930636,STABLE,0.961883,0.842987,0.892359,0.588201
constraint_drift_ai,86,0.917026,STABLE,0.947518,0.82989,0.878967,0.588201
constraint_drift_ai,87,0.912913,STABLE,0.942699,0.82571,0.874807,0.588201
constraint_drift_ai,88,0.9198,STABLE,0.948935,0.83237,0.881571,0.588201
constraint_drift_ai,89,0.921958,STABLE,0.950492,0.834601,0.883743,0.588201
constraint_drift_ai,90,0.923229,STABLE,0.951206,0.836037,0.885071,0.588201
constraint_drift_ai,91,0.925357,STABLE,0.952815,0.83838,0.887278,0.588201
constraint_drift_ai,92,0.930972,STABLE,0.957944,0.844293,0.893011,0.588201
constraint_drift_ai,93,0.924101,STABLE,0.950618,0.837944,0.886364,0.588201
constraint_drift_ai,94,0.93484,STABLE,0.960926,0.848902,0.897185,0.588201
constraint_drift_ai,95,0.855143,WATCH,0.934718,0.729518,0.796676,0.564673
constraint_drift_ai,96,0.868494,WATCH,0.944566,0.741575,0.809976,0.542086
constraint_drift_ai,97,0.878321,WATCH,0.951167,0.750742,0.819928,0.520403
constraint_drift_ai,98,0.904858,STABLE,0.974721,0.777074,0.846716,0.520403
constraint_drift_ai,99,0.908411,STABLE,0.975508,0.781554,0.850953,0.520403
constraint_drift_ai,100,0.909533,STABLE,0.974044,0.783726,0.852777,0.520403
constraint_drift_ai,101,0.906123,STABLE,0.968211,0.781381,0.850045,0.520403
constraint_drift_ai,102,0.900157,STABLE,0.959974,0.776305,0.844653,0.520403
constraint_drift_ai,103,0.892464,WATCH,0.950155,0.769229,0.837389,0.499587
constraint_drift_ai,104,0.888832,WATCH,0.944537,0.76588,0.834016,0.479603
constraint_drift_ai,105,0.893614,WATCH,0.947469,0.770792,0.838968,0.460419
constraint_drift_ai,106,0.902125,STABLE,0.954258,0.779636,0.847722,0.460419
constraint_drift_ai,107,0.907244,STABLE,0.95777,0.785436,0.853227,0.460419
constraint_drift_ai,108,0.903865,STABLE,0.952885,0.78293,0.850309,0.460419
constraint_drift_ai,109,0.917372,STABLE,0.964977,0.797142,0.864191,0.460419
constraint_drift_ai,110,0.928394,STABLE,0.974669,0.809404,0.875823,0.460419
constraint_drift_ai,111,0.929718,STABLE,0.974734,0.812382,0.877939,0.460419
constraint_drift_ai,112,0.926048,STABLE,0.969862,0.810356,0.875049,0.460419
constraint_drift_ai,113,0.934655,STABLE,0.977324,0.820392,0.884331,0.460419
constraint_drift_ai,114,0.939114,STABLE,0.980691,0.826582,0.889599,0.460419
constraint_drift_ai,115,0.926946,STABLE,0.967476,0.816263,0.878288,0.460419
constraint_drift_ai,116,0.929405,STABLE,0.96893,0.819993,0.881334,0.460419
constraint_drift_ai,117,0.935019,STABLE,0.973589,0.826933,0.887558,0.460419
constraint_drift_ai,118,0.928668,STABLE,0.966324,0.82209,0.881896,0.460419
constraint_drift_ai,119,0.93365,STABLE,0.970432,0.828258,0.887417,0.460419
constraint_drift_ai,120,0.921875,STABLE,0.957823,0.817832,0.876254,0.460419
constraint_drift_ai,121,0.938801,STABLE,0.973952,0.835565,0.893541,0.460419
constraint_drift_ai,122,0.953745,STABLE,0.98814,0.851991,0.909156,0.460419
constraint_drift_ai,123,0.952729,STABLE,0.986393,0.853018,0.909066,0.460419
constraint_drift_ai,124,0.957972,STABLE,0.99092,0.860181,0.915175,0.460419
constraint_drift_ai,125,0.935167,STABLE,0.967417,0.839437,0.8933,0.460419
constraint_drift_ai,126,0.926425,STABLE,0.957991,0.831727,0.885012,0.460419
constraint_drift_ai,127,0.926895,STABLE,0.957809,0.832828,0.885751,0.460419
constraint_drift_ai,128,0.919556,STABLE,0.949855,0.826119,0.878682,0.460419
constraint_drift_ai,129,0.93057,STABLE,0.960289,0.837436,0.889814,0.460419
constraint_drift_ai,130,0.790152,CONSTRAIN,0.951487,0.686526,0.716268,0.331502
constraint_drift_ai,131,0.815047,CONSTRAIN,0.996295,0.735674,0.743502,0.238681
constraint_drift_ai,132,0.849054,WATCH,0.998893,0.744373,0.776565,0.229134
constraint_drift_ai,133,0.871233,WATCH,1.0,0.766619,0.805782,0.219969
constraint_drift_ai,134,0.86632,WATCH,0.987776,0.759996,0.802748,0.21117
constraint_drift_ai,135,0.876373,WATCH,0.991068,0.768247,0.814334,0.202723
constraint_drift_ai,136,0.899509,WATCH,1.0,0.792022,0.841495,0.194614
constraint_drift_ai,137,0.888221,WATCH,0.983482,0.780496,0.831492,0.18683
constraint_drift_ai,138,0.881353,WATCH,0.971755,0.772953,0.825585,0.179356
constraint_drift_ai,139,0.883475,WATCH,0.969372,0.774166,0.828419,0.172182
constraint_drift_ai,140,0.884448,WATCH,0.966175,0.77438,0.830011,0.165295
constraint_drift_ai,141,0.898654,WATCH,0.97652,0.787921,0.844745,0.158683
constraint_drift_ai,142,0.906185,STABLE,0.980477,0.795428,0.85295,0.158683
constraint_drift_ai,143,0.893039,WATCH,0.964008,0.782588,0.840526,0.152336
constraint_drift_ai,144,0.903651,STABLE,0.971523,0.79296,0.851557,0.152336
constraint_drift_ai,145,0.902619,STABLE,0.967616,0.792153,0.851071,0.152336
constraint_drift_ai,146,0.920166,STABLE,0.982485,0.809886,0.869089,0.152336
constraint_drift_ai,147,0.917533,STABLE,0.977358,0.808173,0.867194,0.152336
constraint_drift_ai,148,0.91499,STABLE,0.972477,0.806411,0.865287,0.152336
constraint_drift_ai,149,0.924397,STABLE,0.979694,0.816468,0.875237,0.152336
constraint_drift_ai,150,0.935407,STABLE,0.988655,0.828502,0.886923,0.152336
constraint_drift_ai,151,0.942558,STABLE,0.993881,0.837099,0.89491,0.152336
constraint_drift_ai,152,0.927922,STABLE,0.977426,0.824153,0.881195,0.152336
constraint_drift_ai,153,0.936506,STABLE,0.984287,0.833753,0.890379,0.152336
constraint_drift_ai,154,0.928815,STABLE,0.974975,0.8274,0.883414,0.152336
constraint_drift_ai,155,0.934342,STABLE,0.978969,0.833895,0.889485,0.152336
constraint_drift_ai,156,0.922927,STABLE,0.966112,0.823645,0.878688,0.152336
constraint_drift_ai,157,0.930975,STABLE,0.972798,0.83234,0.887109,0.152336
constraint_drift_ai,158,0.925973,STABLE,0.966516,0.828298,0.882609,0.152336
constraint_drift_ai,159,0.91655,STABLE,0.955887,0.819593,0.873568,0.152336
constraint_drift_ai,160,0.783185,CONSTRAIN,0.958599,0.671792,0.703542,0.109682
constraint_drift_ai,161,0.810614,CONSTRAIN,1.0,0.72353,0.732901,0.078971
constraint_drift_ai,162,0.85333,WATCH,1.0,0.744677,0.780787,0.075812
constraint_drift_ai,163,0.857434,WATCH,0.995593,0.746398,0.787202,0.07278
constraint_drift_ai,164,0.865901,WATCH,0.996204,0.752806,0.797669,0.069868
constraint_drift_ai,165,0.876092,WATCH,0.999142,0.761427,0.809653,0.067074
constraint_drift_ai,166,0.876655,WATCH,0.993001,0.760956,0.811874,0.064391
constraint_drift_ai,167,0.888034,WATCH,0.998172,0.771405,0.824689,0.061815
constraint_drift_ai,168,0.888568,WATCH,0.992957,0.771557,0.826619,0.059342
constraint_drift_ai,169,0.890249,WATCH,0.989303,0.772923,0.82953,0.056969
constraint_drift_ai,170,0.908817,STABLE,1.0,0.791999,0.850041,0.056969
constraint_drift_ai,171,0.902813,STABLE,0.989594,0.786585,0.845226,0.056969
constraint_drift_ai,172,0.883474,WATCH,0.966149,0.767579,0.826864,0.05469
constraint_drift_ai,173,0.905631,STABLE,0.984479,0.789267,0.849575,0.05469
constraint_drift_ai,174,0.933479,STABLE,1.0,0.819818,0.880353,0.05469
constraint_drift_ai,175,0.932151,STABLE,0.995947,0.820089,0.880121,0.05469
constraint_drift_ai,176,0.915613,STABLE,0.976845,0.805039,0.864585,0.05469
constraint_drift_ai,177,0.916442,STABLE,0.975259,0.806613,0.866054,0.05469
constraint_drift_ai,178,0.917462,STABLE,0.97402,0.808392,0.867682,0.05469
constraint_drift_ai,179,0.919384,STABLE,0.973825,0.811092,0.870185,0.05469
constraint_drift_ai,180,0.911951,STABLE,0.964408,0.804491,0.863329,0.05469
constraint_drift_ai,181,0.921942,STABLE,0.972538,0.814979,0.873721,0.05469
constraint_drift_ai,182,0.930729,STABLE,0.979585,0.824665,0.883065,0.05469
constraint_drift_ai,183,0.91876,STABLE,0.96598,0.813929,0.871784,0.05469
constraint_drift_ai,184,0.929528,STABLE,0.975204,0.825387,0.882978,0.05469
constraint_drift_ai,185,0.953131,STABLE,0.997357,0.850104,0.907184,0.05469
constraint_drift_ai,186,0.956366,STABLE,0.99925,0.855421,0.911453,0.05469
constraint_drift_ai,187,0.954358,STABLE,0.995926,0.855518,0.910469,0.05469
constraint_drift_ai,188,0.954468,STABLE,0.994773,0.857565,0.911517,0.05469
constraint_drift_ai,189,0.961458,STABLE,1.0,0.867136,0.919845,0.05469
constraint_drift_ai,190,0.787407,CONSTRAIN,0.976197,0.670024,0.703173,0.039377
constraint_drift_ai,191,0.803305,CONSTRAIN,1.0,0.710637,0.720755,0.028351
constraint_drift_ai,192,0.83507,WATCH,1.0,0.719225,0.755121,0.027217
constraint_drift_ai,193,0.840875,WATCH,0.996095,0.722059,0.763611,0.026129
constraint_drift_ai,194,0.865752,WATCH,1.0,0.747208,0.795172,0.025083
constraint_drift_ai,195,0.871454,WATCH,0.998258,0.751533,0.802733,0.02408
constraint_drift_ai,196,0.892229,WATCH,1.0,0.774175,0.829134,0.023117
constraint_drift_ai,197,0.886748,WATCH,0.988963,0.768558,0.825032,0.022192
constraint_drift_ai,198,0.898509,WATCH,0.995559,0.779985,0.837927,0.021305
constraint_drift_ai,199,0.906786,STABLE,0.999045,0.788459,0.847375,0.021305
constraint_drift_ai,200,0.902615,STABLE,0.990417,0.784846,0.84438,0.021305
constraint_drift_ai,201,0.909173,STABLE,0.992819,0.791783,0.851934,0.021305
constraint_drift_ai,202,0.924558,STABLE,1.0,0.808906,0.869422,0.021305
constraint_drift_ai,203,0.924642,STABLE,0.996762,0.810254,0.870594,0.021305
constraint_drift_ai,204,0.911048,STABLE,0.980055,0.797888,0.85801,0.021305
constraint_drift_ai,205,0.9151,STABLE,0.981188,0.802564,0.862763,0.021305
constraint_drift_ai,206,0.910037,STABLE,0.973397,0.798278,0.858413,0.021305
constraint_drift_ai,207,0.910909,STABLE,0.971719,0.799696,0.859852,0.021305
constraint_drift_ai,208,0.91433,STABLE,0.972759,0.803687,0.86381,0.021305
constraint_drift_ai,209,0.901287,STABLE,0.957489,0.791342,0.851322,0.021305
constraint_drift_ai,210,0.890001,WATCH,0.944121,0.780193,0.840313,0.020452
constraint_drift_ai,211,0.900426,STABLE,0.952608,0.790289,0.850778,0.020452
constraint_drift_ai,212,0.900105,STABLE,0.950489,0.790095,0.850672,0.020452
constraint_drift_ai,213,0.879379,WATCH,0.92809,0.769485,0.830135,0.019634
constraint_drift_ai,214,0.893502,WATCH,0.940655,0.782866,0.844036,0.018849
constraint_drift_ai,215,0.901554,STABLE,0.947272,0.790801,0.852134,0.018849
constraint_drift_ai,216,0.899208,WATCH,0.943592,0.788683,0.849978,0.018095
constraint_drift_ai,217,0.890985,WATCH,0.934124,0.780586,0.841885,0.017371
constraint_drift_ai,218,0.904824,STABLE,0.946804,0.79421,0.855686,0.017371
constraint_drift_ai,219,0.912883,STABLE,0.953787,0.802643,0.863971,0.017371
collapse_ai,0,1.0,STABLE,1.0,1.0,1.0,1.0
collapse_ai,1,1.0,STABLE,1.0,1.0,1.0,1.0
collapse_ai,2,1.0,STABLE,1.0,1.0,1.0,1.0
collapse_ai,3,0.998331,STABLE,0.998331,0.998331,0.998331,1.0
collapse_ai,4,1.0,STABLE,1.0,1.0,1.0,1.0
collapse_ai,5,1.0,STABLE,1.0,1.0,1.0,1.0
collapse_ai,6,1.0,STABLE,1.0,1.0,1.0,1.0
collapse_ai,7,0.994787,STABLE,0.994787,0.994787,0.994787,1.0
collapse_ai,8,0.990621,STABLE,0.9906,0.9906,0.990592,1.0
collapse_ai,9,0.986169,STABLE,0.986109,0.986109,0.986089,1.0
collapse_ai,10,0.994577,STABLE,0.994462,0.994462,0.994423,1.0
collapse_ai,11,1.0,STABLE,1.0,1.0,1.0,1.0
collapse_ai,12,0.995412,STABLE,0.995412,0.995412,0.995412,1.0
collapse_ai,13,0.99133,STABLE,0.991311,0.991311,0.991304,1.0
collapse_ai,14,0.994784,STABLE,0.99473,0.99473,0.994711,1.0
collapse_ai,15,0.992514,STABLE,0.992441,0.992441,0.992416,1.0
collapse_ai,16,1.0,STABLE,1.0,1.0,1.0,1.0
collapse_ai,17,0.977482,STABLE,0.977482,0.977482,0.977482,1.0
collapse_ai,18,0.970029,STABLE,0.969936,0.969936,0.969904,1.0
collapse_ai,19,0.963288,STABLE,0.963074,0.963074,0.963001,1.0
collapse_ai,20,0.868974,WATCH,0.859185,0.859185,0.861115,0.96
collapse_ai,21,0.864524,WATCH,0.85454,0.85454,0.85639,0.9216
collapse_ai,22,0.86737,WATCH,0.857183,0.857183,0.858939,0.884736
collapse_ai,23,0.88325,WATCH,0.872883,0.872883,0.874535,0.849347
collapse_ai,24,0.88497,WATCH,0.8745,0.8745,0.87605,0.815373
collapse_ai,25,0.878767,WATCH,0.868208,0.868208,0.869654,0.782758
collapse_ai,26,0.882525,WATCH,0.871856,0.871856,0.873191,0.751447
collapse_ai,27,0.897205,WATCH,0.886448,0.886448,0.887674,0.72139
collapse_ai,28,0.891101,WATCH,0.880322,0.880322,0.881451,0.692534
collapse_ai,29,0.885869,WATCH,0.875046,0.875046,0.876074,0.664833
collapse_ai,30,0.895517,WATCH,0.88463,0.88463,0.885552,0.638239
collapse_ai,31,0.897012,WATCH,0.886107,0.886107,0.886934,0.61271
collapse_ai,32,0.907143,STABLE,0.896226,0.896226,0.896962,0.61271
collapse_ai,33,0.910294,STABLE,0.899411,0.899411,0.900067,0.61271
collapse_ai,34,0.920484,STABLE,0.909646,0.909646,0.910229,0.61271
collapse_ai,35,0.912937,STABLE,0.902187,0.902187,0.902709,0.61271
collapse_ai,36,0.915894,STABLE,0.905196,0.905196,0.90565,0.61271
collapse_ai,37,0.916757,STABLE,0.906123,0.906123,0.906514,0.61271
collapse_ai,38,0.907536,STABLE,0.896968,0.896968,0.897299,0.61271
collapse_ai,39,0.895174,WATCH,0.88463,0.88463,0.884891,0.588201
collapse_ai,40,0.785374,RECOVER,0.762701,0.762701,0.76586,0.529381
collapse_ai,41,0.788149,RECOVER,0.760072,0.760072,0.759569,0.476443
collapse_ai,42,0.799924,RECOVER,0.766788,0.766788,0.761902,0.428799
collapse_ai,43,0.823413,WATCH,0.785531,0.785531,0.776135,0.411647
collapse_ai,44,0.806659,RECOVER,0.769587,0.769587,0.760557,0.370482
collapse_ai,45,0.803587,RECOVER,0.761993,0.761993,0.748495,0.333434
collapse_ai,46,0.806295,RECOVER,0.760381,0.760381,0.742526,0.300091
collapse_ai,47,0.832682,WATCH,0.78266,0.78266,0.760603,0.288087
collapse_ai,48,0.84084,WATCH,0.792441,0.792441,0.771588,0.276563
collapse_ai,49,0.852392,WATCH,0.806756,0.806756,0.788178,0.265501
collapse_ai,50,0.845887,WATCH,0.801538,0.801538,0.783805,0.254881
collapse_ai,51,0.839837,WATCH,0.796694,0.796694,0.779752,0.244686
collapse_ai,52,0.849692,WATCH,0.807678,0.807678,0.791479,0.234898
collapse_ai,53,0.855309,WATCH,0.814415,0.814415,0.798934,0.225502
collapse_ai,54,0.865639,WATCH,0.825841,0.825841,0.81105,0.216482
collapse_ai,55,0.868243,WATCH,0.829537,0.829537,0.815414,0.207823
collapse_ai,56,0.875424,WATCH,0.837773,0.837773,0.824288,0.19951
collapse_ai,57,0.881156,WATCH,0.844546,0.844546,0.831674,0.19153
collapse_ai,58,0.892351,WATCH,0.857298,0.857298,0.845518,0.183868
collapse_ai,59,0.902512,STABLE,0.869935,0.869935,0.860077,0.183868
collapse_ai,60,0.889543,WATCH,0.857898,0.857898,0.848508,0.176514
collapse_ai,61,0.870778,WATCH,0.839973,0.839973,0.831008,0.169453
collapse_ai,62,0.88519,WATCH,0.855111,0.855111,0.846521,0.162675
collapse_ai,63,0.900949,STABLE,0.871625,0.871625,0.86341,0.162675
collapse_ai,64,0.894062,WATCH,0.865526,0.865526,0.857689,0.156168
collapse_ai,65,0.879039,WATCH,0.851231,0.851231,0.84374,0.149921
collapse_ai,66,0.884157,WATCH,0.856982,0.856982,0.849798,0.143924
collapse_ai,67,0.897413,WATCH,0.870867,0.870867,0.86398,0.138167
collapse_ai,68,0.918864,STABLE,0.892975,0.892975,0.886387,0.138167
collapse_ai,69,0.926733,STABLE,0.901563,0.901563,0.895288,0.138167
collapse_ai,70,0.766054,RECOVER,0.724479,0.724479,0.724187,0.124351
collapse_ai,71,0.779621,RECOVER,0.73341,0.73341,0.72889,0.111916
collapse_ai,72,0.789496,RECOVER,0.738948,0.738948,0.730106,0.100724
collapse_ai,73,0.791778,RECOVER,0.737151,0.737151,0.724025,0.090652
collapse_ai,74,0.824549,WATCH,0.76605,0.76605,0.748732,0.087026
collapse_ai,75,0.845185,WATCH,0.791388,0.791388,0.777665,0.083545
collapse_ai,76,0.859586,WATCH,0.809424,0.809424,0.79825,0.080203
collapse_ai,77,0.855023,WATCH,0.806314,0.806314,0.795702,0.076995
collapse_ai,78,0.868398,WATCH,0.821062,0.821062,0.810973,0.073915
collapse_ai,79,0.878009,WATCH,0.833184,0.833184,0.824615,0.070958
collapse_ai,80,0.885655,WATCH,0.842948,0.842948,0.835538,0.06812
collapse_ai,81,0.89963,WATCH,0.86047,0.86047,0.855432,0.065395
collapse_ai,82,0.908126,STABLE,0.871289,0.871289,0.867525,0.065395
collapse_ai,83,0.917191,STABLE,0.882808,0.882808,0.880397,0.065395
collapse_ai,84,0.925111,STABLE,0.892927,0.892927,0.891626,0.065395
collapse_ai,85,0.930355,STABLE,0.899761,0.899761,0.899074,0.065395
collapse_ai,86,0.914813,STABLE,0.885133,0.885133,0.884543,0.065395
collapse_ai,87,0.918514,STABLE,0.889645,0.889645,0.889125,0.065395
collapse_ai,88,0.915688,STABLE,0.887614,0.887614,0.887162,0.065395
collapse_ai,89,0.905735,STABLE,0.878412,0.878412,0.878017,0.065395
collapse_ai,90,0.925764,STABLE,0.899121,0.899121,0.898764,0.065395
collapse_ai,91,0.94485,STABLE,0.919639,0.919639,0.919856,0.065395
collapse_ai,92,0.95771,STABLE,0.935803,0.935803,0.93778,0.065395
collapse_ai,93,0.961168,STABLE,0.940409,0.940409,0.942642,0.065395
collapse_ai,94,0.973365,STABLE,0.955823,0.955823,0.959197,0.065395
collapse_ai,95,0.90583,STABLE,0.881116,0.881116,0.886022,0.065395
collapse_ai,96,0.898177,WATCH,0.873986,0.873986,0.878734,0.062779
collapse_ai,97,0.905707,STABLE,0.881988,0.881988,0.886579,0.062779
collapse_ai,98,0.9096,STABLE,0.886369,0.886369,0.890809,0.062779
collapse_ai,99,0.899722,WATCH,0.876978,0.876978,0.881272,0.060268
collapse_ai,100,0.90272,STABLE,0.880403,0.880403,0.88455,0.060268
collapse_ai,101,0.905324,STABLE,0.883433,0.883433,0.887437,0.060268
collapse_ai,102,0.926608,STABLE,0.905139,0.905139,0.909004,0.060268
collapse_ai,103,0.938089,STABLE,0.917116,0.917116,0.920856,0.060268
collapse_ai,104,0.940328,STABLE,0.919883,0.919883,0.923505,0.060268
collapse_ai,105,0.944862,STABLE,0.924935,0.924935,0.928444,0.060268
collapse_ai,106,0.947189,STABLE,0.927779,0.927779,0.93118,0.060268
collapse_ai,107,0.946962,STABLE,0.928061,0.928061,0.931358,0.060268
collapse_ai,108,0.937952,STABLE,0.919539,0.919539,0.922734,0.060268
collapse_ai,109,0.938584,STABLE,0.920603,0.920603,0.923694,0.060268
collapse_ai,110,0.933245,STABLE,0.915683,0.915683,0.918673,0.060268
collapse_ai,111,0.923059,STABLE,0.905878,0.905878,0.908766,0.060268
collapse_ai,112,0.93086,STABLE,0.914002,0.914002,0.916784,0.060268
collapse_ai,113,0.937179,STABLE,0.920666,0.920666,0.92335,0.060268
collapse_ai,114,0.921491,STABLE,0.905338,0.905338,0.907929,0.060268
collapse_ai,115,0.923014,STABLE,0.90714,0.90714,0.90963,0.060268
collapse_ai,116,0.935666,STABLE,0.920069,0.920069,0.922461,0.060268
collapse_ai,117,0.948495,STABLE,0.933219,0.933219,0.935524,0.060268
collapse_ai,118,0.960528,STABLE,0.945614,0.945614,0.947844,0.060268
collapse_ai,119,0.962257,STABLE,0.947744,0.947744,0.949908,0.060268
collapse_ai,120,0.955087,STABLE,0.940965,0.940965,0.943066,0.060268
collapse_ai,121,0.945792,STABLE,0.932017,0.932017,0.934051,0.060268
collapse_ai,122,0.951118,STABLE,0.937639,0.937639,0.9396,0.060268
collapse_ai,123,0.9566,STABLE,0.943427,0.943427,0.945322,0.060268
collapse_ai,124,0.970966,STABLE,0.958111,0.958111,0.959944,0.060268
collapse_ai,125,0.98204,STABLE,0.970451,0.970451,0.972617,0.060268
collapse_ai,126,0.981303,STABLE,0.970074,0.970074,0.972179,0.060268
collapse_ai,127,0.969476,STABLE,0.95859,0.95859,0.960635,0.060268
collapse_ai,128,0.96733,STABLE,0.956724,0.956724,0.958705,0.060268
collapse_ai,129,0.970627,STABLE,0.960281,0.960281,0.962199,0.060268
collapse_ai,130,0.910162,STABLE,0.893978,0.893978,0.897135,0.060268
collapse_ai,131,0.91586,STABLE,0.899899,0.899899,0.902944,0.060268
collapse_ai,132,0.913783,STABLE,0.898063,0.898063,0.900999,0.060268
collapse_ai,133,0.910541,STABLE,0.895044,0.895044,0.897872,0.060268
collapse_ai,134,0.916811,STABLE,0.901517,0.901517,0.904237,0.060268
collapse_ai,135,0.915719,STABLE,0.900649,0.900649,0.903264,0.060268
collapse_ai,136,0.921128,STABLE,0.906269,0.906269,0.908781,0.060268
collapse_ai,137,0.926632,STABLE,0.912001,0.912001,0.914414,0.060268
collapse_ai,138,0.917811,STABLE,0.903422,0.903422,0.905742,0.060268
collapse_ai,139,0.915892,STABLE,0.9017,0.9017,0.903922,0.060268
collapse_ai,140,0.933233,STABLE,0.919224,0.919224,0.921348,0.060268
collapse_ai,141,0.923947,STABLE,0.910188,0.910188,0.912229,0.060268
collapse_ai,142,0.905453,STABLE,0.891895,0.891895,0.893848,0.060268
collapse_ai,143,0.890178,WATCH,0.876736,0.876736,0.878588,0.057857
collapse_ai,144,0.894364,WATCH,0.880972,0.880972,0.882712,0.055543
collapse_ai,145,0.898416,WATCH,0.88509,0.88509,0.886722,0.053321
collapse_ai,146,0.900835,STABLE,0.887591,0.887591,0.889121,0.053321
collapse_ai,147,0.916484,STABLE,0.90333,0.90333,0.904762,0.053321
collapse_ai,148,0.892696,WATCH,0.879695,0.879695,0.881045,0.051189
collapse_ai,149,0.900456,STABLE,0.887504,0.887504,0.888751,0.051189
collapse_ai,150,0.919591,STABLE,0.906718,0.906718,0.907872,0.051189
collapse_ai,151,0.911139,STABLE,0.898425,0.898425,0.899507,0.051189
collapse_ai,152,0.910474,STABLE,0.897878,0.897878,0.89888,0.051189
collapse_ai,153,0.906102,STABLE,0.893617,0.893617,0.894541,0.051189
collapse_ai,154,0.900474,STABLE,0.888077,0.888077,0.888921,0.051189
collapse_ai,155,0.900731,STABLE,0.888396,0.888396,0.889154,0.051189
collapse_ai,156,0.918515,STABLE,0.906243,0.906243,0.906917,0.051189
collapse_ai,157,0.939754,STABLE,0.927617,0.927617,0.92823,0.051189
collapse_ai,158,0.938492,STABLE,0.926574,0.926574,0.927151,0.051189
collapse_ai,159,0.959686,STABLE,0.947974,0.947974,0.948514,0.051189
collapse_ai,160,0.875619,WATCH,0.852867,0.852867,0.856155,0.049141
collapse_ai,161,0.879054,WATCH,0.856642,0.856642,0.85979,0.047175
collapse_ai,162,0.88461,WATCH,0.86254,0.86254,0.865552,0.045288
collapse_ai,163,0.89231,WATCH,0.870593,0.870593,0.873476,0.043477
collapse_ai,164,0.927866,STABLE,0.906523,0.906523,0.909285,0.043477
collapse_ai,165,0.938859,STABLE,0.918027,0.918027,0.9207,0.043477
collapse_ai,166,0.933872,STABLE,0.913578,0.913578,0.916172,0.043477
collapse_ai,167,0.945831,STABLE,0.926033,0.926033,0.928545,0.043477
collapse_ai,168,0.944052,STABLE,0.924782,0.924782,0.927223,0.043477
collapse_ai,169,0.941061,STABLE,0.922291,0.922291,0.924661,0.043477
collapse_ai,170,0.952165,STABLE,0.933864,0.933864,0.93616,0.043477
collapse_ai,171,0.954094,STABLE,0.936291,0.936291,0.938525,0.043477
collapse_ai,172,0.958432,STABLE,0.941116,0.941116,0.943289,0.043477
collapse_ai,173,0.959969,STABLE,0.94314,0.94314,0.945257,0.043477
collapse_ai,174,0.96468,STABLE,0.948325,0.948325,0.950387,0.043477
collapse_ai,175,0.970107,STABLE,0.954228,0.954228,0.95624,0.043477
collapse_ai,176,0.951721,STABLE,0.936323,0.936323,0.938289,0.043477
collapse_ai,177,0.96004,STABLE,0.945027,0.945027,0.946932,0.043477
collapse_ai,178,0.951574,STABLE,0.936966,0.936966,0.938818,0.043477
collapse_ai,179,0.938814,STABLE,0.92456,0.92456,0.926353,0.043477
collapse_ai,180,0.940357,STABLE,0.92639,0.92639,0.928114,0.043477
collapse_ai,181,0.943269,STABLE,0.929585,0.929585,0.931243,0.043477
collapse_ai,182,0.938303,STABLE,0.924903,0.924903,0.926498,0.043477
collapse_ai,183,0.948763,STABLE,0.935617,0.935617,0.937146,0.043477
collapse_ai,184,0.937114,STABLE,0.924255,0.924255,0.925729,0.043477
collapse_ai,185,0.93524,STABLE,0.92261,0.92261,0.924019,0.043477
collapse_ai,186,0.931656,STABLE,0.919237,0.919237,0.920582,0.043477
collapse_ai,187,0.933585,STABLE,0.921356,0.921356,0.922633,0.043477
collapse_ai,188,0.9387,STABLE,0.926661,0.926661,0.927875,0.043477
collapse_ai,189,0.930763,STABLE,0.918929,0.918929,0.920085,0.043477
collapse_ai,190,0.755272,RECOVER,0.72401,0.72401,0.729492,0.039129
collapse_ai,191,0.75047,RECOVER,0.713922,0.713922,0.716329,0.035216
collapse_ai,192,0.744997,RECOVER,0.70349,0.70349,0.701895,0.031695
collapse_ai,193,0.759066,RECOVER,0.712855,0.712855,0.706935,0.028525
collapse_ai,194,0.770451,RECOVER,0.719834,0.719834,0.709544,0.025673
collapse_ai,195,0.782523,RECOVER,0.727766,0.727766,0.713173,0.023105
collapse_ai,196,0.794847,RECOVER,0.736197,0.736197,0.717426,0.020795
collapse_ai,197,0.808323,RECOVER,0.746894,0.746894,0.724919,0.018715
collapse_ai,198,0.82242,WATCH,0.76447,0.76447,0.745132,0.017967
collapse_ai,199,0.817194,RECOVER,0.760896,0.760896,0.742462,0.01617
collapse_ai,200,0.813498,RECOVER,0.756828,0.756828,0.737441,0.014553
collapse_ai,201,0.81082,RECOVER,0.753676,0.753676,0.733268,0.013098
collapse_ai,202,0.821386,WATCH,0.764448,0.764448,0.74368,0.012574
collapse_ai,203,0.83748,WATCH,0.784435,0.784435,0.766757,0.012071
collapse_ai,204,0.838552,WATCH,0.78702,0.78702,0.770168,0.011588
collapse_ai,205,0.818898,RECOVER,0.768818,0.768818,0.752751,0.010429
collapse_ai,206,0.813011,RECOVER,0.759176,0.759176,0.739085,0.009386
collapse_ai,207,0.813892,RECOVER,0.758552,0.758552,0.736563,0.008448
collapse_ai,208,0.81596,RECOVER,0.760701,0.760701,0.738332,0.007603
collapse_ai,209,0.818965,RECOVER,0.764275,0.764275,0.741996,0.006843
collapse_ai,210,0.826007,WATCH,0.772204,0.772204,0.750325,0.006569
collapse_ai,211,0.82866,WATCH,0.776376,0.776376,0.755492,0.006306
collapse_ai,212,0.84347,WATCH,0.794025,0.794025,0.77539,0.006054
collapse_ai,213,0.8419,WATCH,0.793856,0.793856,0.776077,0.005812
collapse_ai,214,0.838538,WATCH,0.791829,0.791829,0.77486,0.005579
collapse_ai,215,0.848725,WATCH,0.80328,0.80328,0.787073,0.005356
collapse_ai,216,0.838412,WATCH,0.794218,0.794218,0.778748,0.005142
collapse_ai,217,0.847738,WATCH,0.8047,0.8047,0.789914,0.004936
collapse_ai,218,0.853868,WATCH,0.811975,0.811975,0.79785,0.004739
collapse_ai,219,0.857289,WATCH,0.816518,0.816518,0.803027,0.004549
