seed,scenario,detector,collapse_expected,warning,lead_time,verdict
1,stable_dynamic,gv_recoverability,False,,,QUIET
1,stable_dynamic,rolling_z_score,False,,,QUIET
1,stable_dynamic,rolling_variance,False,101,699,FALSE_POSITIVE
1,noisy_dynamic_recoverable,gv_recoverability,False,,,QUIET
1,noisy_dynamic_recoverable,rolling_z_score,False,,,QUIET
1,noisy_dynamic_recoverable,rolling_variance,False,101,699,FALSE_POSITIVE
1,critical_slowing_dynamic,gv_recoverability,True,800,0,MISS
1,critical_slowing_dynamic,rolling_z_score,True,,,MISS
1,critical_slowing_dynamic,rolling_variance,True,101,699,EARLY_WARNING
1,abrupt_collapse_dynamic,gv_recoverability,True,840,-40,MISS
1,abrupt_collapse_dynamic,rolling_z_score,True,,,MISS
1,abrupt_collapse_dynamic,rolling_variance,True,101,699,EARLY_WARNING
2,stable_dynamic,gv_recoverability,False,,,QUIET
2,stable_dynamic,rolling_z_score,False,,,QUIET
2,stable_dynamic,rolling_variance,False,101,699,FALSE_POSITIVE
2,noisy_dynamic_recoverable,gv_recoverability,False,,,QUIET
2,noisy_dynamic_recoverable,rolling_z_score,False,,,QUIET
2,noisy_dynamic_recoverable,rolling_variance,False,101,699,FALSE_POSITIVE
2,critical_slowing_dynamic,gv_recoverability,True,820,-20,MISS
2,critical_slowing_dynamic,rolling_z_score,True,,,MISS
2,critical_slowing_dynamic,rolling_variance,True,101,699,EARLY_WARNING
2,abrupt_collapse_dynamic,gv_recoverability,True,820,-20,MISS
2,abrupt_collapse_dynamic,rolling_z_score,True,,,MISS
2,abrupt_collapse_dynamic,rolling_variance,True,101,699,EARLY_WARNING
3,stable_dynamic,gv_recoverability,False,,,QUIET
3,stable_dynamic,rolling_z_score,False,,,QUIET
3,stable_dynamic,rolling_variance,False,101,699,FALSE_POSITIVE
3,noisy_dynamic_recoverable,gv_recoverability,False,,,QUIET
3,noisy_dynamic_recoverable,rolling_z_score,False,,,QUIET
3,noisy_dynamic_recoverable,rolling_variance,False,101,699,FALSE_POSITIVE
3,critical_slowing_dynamic,gv_recoverability,True,800,0,MISS
3,critical_slowing_dynamic,rolling_z_score,True,,,MISS
3,critical_slowing_dynamic,rolling_variance,True,101,699,EARLY_WARNING
3,abrupt_collapse_dynamic,gv_recoverability,True,840,-40,MISS
3,abrupt_collapse_dynamic,rolling_z_score,True,,,MISS
3,abrupt_collapse_dynamic,rolling_variance,True,101,699,EARLY_WARNING
4,stable_dynamic,gv_recoverability,False,,,QUIET
4,stable_dynamic,rolling_z_score,False,,,QUIET
4,stable_dynamic,rolling_variance,False,101,699,FALSE_POSITIVE
4,noisy_dynamic_recoverable,gv_recoverability,False,,,QUIET
4,noisy_dynamic_recoverable,rolling_z_score,False,,,QUIET
4,noisy_dynamic_recoverable,rolling_variance,False,101,699,FALSE_POSITIVE
4,critical_slowing_dynamic,gv_recoverability,True,800,0,MISS
4,critical_slowing_dynamic,rolling_z_score,True,,,MISS
4,critical_slowing_dynamic,rolling_variance,True,101,699,EARLY_WARNING
4,abrupt_collapse_dynamic,gv_recoverability,True,820,-20,MISS
4,abrupt_collapse_dynamic,rolling_z_score,True,,,MISS
4,abrupt_collapse_dynamic,rolling_variance,True,101,699,EARLY_WARNING
5,stable_dynamic,gv_recoverability,False,,,QUIET
5,stable_dynamic,rolling_z_score,False,,,QUIET
5,stable_dynamic,rolling_variance,False,101,699,FALSE_POSITIVE
5,noisy_dynamic_recoverable,gv_recoverability,False,,,QUIET
5,noisy_dynamic_recoverable,rolling_z_score,False,,,QUIET
5,noisy_dynamic_recoverable,rolling_variance,False,101,699,FALSE_POSITIVE
5,critical_slowing_dynamic,gv_recoverability,True,780,20,EARLY_WARNING
5,critical_slowing_dynamic,rolling_z_score,True,,,MISS
5,critical_slowing_dynamic,rolling_variance,True,101,699,EARLY_WARNING
5,abrupt_collapse_dynamic,gv_recoverability,True,840,-40,MISS
5,abrupt_collapse_dynamic,rolling_z_score,True,,,MISS
5,abrupt_collapse_dynamic,rolling_variance,True,101,699,EARLY_WARNING
6,stable_dynamic,gv_recoverability,False,,,QUIET
6,stable_dynamic,rolling_z_score,False,,,QUIET
6,stable_dynamic,rolling_variance,False,101,699,FALSE_POSITIVE
6,noisy_dynamic_recoverable,gv_recoverability,False,,,QUIET
6,noisy_dynamic_recoverable,rolling_z_score,False,,,QUIET
6,noisy_dynamic_recoverable,rolling_variance,False,101,699,FALSE_POSITIVE
6,critical_slowing_dynamic,gv_recoverability,True,780,20,EARLY_WARNING
6,critical_slowing_dynamic,rolling_z_score,True,,,MISS
6,critical_slowing_dynamic,rolling_variance,True,101,699,EARLY_WARNING
6,abrupt_collapse_dynamic,gv_recoverability,True,840,-40,MISS
6,abrupt_collapse_dynamic,rolling_z_score,True,,,MISS
6,abrupt_collapse_dynamic,rolling_variance,True,101,699,EARLY_WARNING
7,stable_dynamic,gv_recoverability,False,,,QUIET
7,stable_dynamic,rolling_z_score,False,,,QUIET
7,stable_dynamic,rolling_variance,False,101,699,FALSE_POSITIVE
7,noisy_dynamic_recoverable,gv_recoverability,False,,,QUIET
7,noisy_dynamic_recoverable,rolling_z_score,False,,,QUIET
7,noisy_dynamic_recoverable,rolling_variance,False,101,699,FALSE_POSITIVE
7,critical_slowing_dynamic,gv_recoverability,True,800,0,MISS
7,critical_slowing_dynamic,rolling_z_score,True,,,MISS
7,critical_slowing_dynamic,rolling_variance,True,101,699,EARLY_WARNING
7,abrupt_collapse_dynamic,gv_recoverability,True,840,-40,MISS
7,abrupt_collapse_dynamic,rolling_z_score,True,,,MISS
7,abrupt_collapse_dynamic,rolling_variance,True,101,699,EARLY_WARNING
8,stable_dynamic,gv_recoverability,False,,,QUIET
8,stable_dynamic,rolling_z_score,False,,,QUIET
8,stable_dynamic,rolling_variance,False,101,699,FALSE_POSITIVE
8,noisy_dynamic_recoverable,gv_recoverability,False,,,QUIET
8,noisy_dynamic_recoverable,rolling_z_score,False,,,QUIET
8,noisy_dynamic_recoverable,rolling_variance,False,101,699,FALSE_POSITIVE
8,critical_slowing_dynamic,gv_recoverability,True,800,0,MISS
8,critical_slowing_dynamic,rolling_z_score,True,,,MISS
8,critical_slowing_dynamic,rolling_variance,True,101,699,EARLY_WARNING
8,abrupt_collapse_dynamic,gv_recoverability,True,820,-20,MISS
8,abrupt_collapse_dynamic,rolling_z_score,True,,,MISS
8,abrupt_collapse_dynamic,rolling_variance,True,101,699,EARLY_WARNING
9,stable_dynamic,gv_recoverability,False,,,QUIET
9,stable_dynamic,rolling_z_score,False,,,QUIET
9,stable_dynamic,rolling_variance,False,101,699,FALSE_POSITIVE
9,noisy_dynamic_recoverable,gv_recoverability,False,,,QUIET
9,noisy_dynamic_recoverable,rolling_z_score,False,,,QUIET
9,noisy_dynamic_recoverable,rolling_variance,False,101,699,FALSE_POSITIVE
9,critical_slowing_dynamic,gv_recoverability,True,800,0,MISS
9,critical_slowing_dynamic,rolling_z_score,True,,,MISS
9,critical_slowing_dynamic,rolling_variance,True,101,699,EARLY_WARNING
9,abrupt_collapse_dynamic,gv_recoverability,True,840,-40,MISS
9,abrupt_collapse_dynamic,rolling_z_score,True,,,MISS
9,abrupt_collapse_dynamic,rolling_variance,True,101,699,EARLY_WARNING
10,stable_dynamic,gv_recoverability,False,,,QUIET
10,stable_dynamic,rolling_z_score,False,,,QUIET
10,stable_dynamic,rolling_variance,False,101,699,FALSE_POSITIVE
10,noisy_dynamic_recoverable,gv_recoverability,False,,,QUIET
10,noisy_dynamic_recoverable,rolling_z_score,False,,,QUIET
10,noisy_dynamic_recoverable,rolling_variance,False,101,699,FALSE_POSITIVE
10,critical_slowing_dynamic,gv_recoverability,True,800,0,MISS
10,critical_slowing_dynamic,rolling_z_score,True,,,MISS
10,critical_slowing_dynamic,rolling_variance,True,101,699,EARLY_WARNING
10,abrupt_collapse_dynamic,gv_recoverability,True,820,-20,MISS
10,abrupt_collapse_dynamic,rolling_z_score,True,,,MISS
10,abrupt_collapse_dynamic,rolling_variance,True,101,699,EARLY_WARNING
11,stable_dynamic,gv_recoverability,False,,,QUIET
11,stable_dynamic,rolling_z_score,False,,,QUIET
11,stable_dynamic,rolling_variance,False,101,699,FALSE_POSITIVE
11,noisy_dynamic_recoverable,gv_recoverability,False,,,QUIET
11,noisy_dynamic_recoverable,rolling_z_score,False,,,QUIET
11,noisy_dynamic_recoverable,rolling_variance,False,101,699,FALSE_POSITIVE
11,critical_slowing_dynamic,gv_recoverability,True,800,0,MISS
11,critical_slowing_dynamic,rolling_z_score,True,,,MISS
11,critical_slowing_dynamic,rolling_variance,True,101,699,EARLY_WARNING
11,abrupt_collapse_dynamic,gv_recoverability,True,840,-40,MISS
11,abrupt_collapse_dynamic,rolling_z_score,True,,,MISS
11,abrupt_collapse_dynamic,rolling_variance,True,101,699,EARLY_WARNING
12,stable_dynamic,gv_recoverability,False,,,QUIET
12,stable_dynamic,rolling_z_score,False,,,QUIET
12,stable_dynamic,rolling_variance,False,101,699,FALSE_POSITIVE
12,noisy_dynamic_recoverable,gv_recoverability,False,,,QUIET
12,noisy_dynamic_recoverable,rolling_z_score,False,,,QUIET
12,noisy_dynamic_recoverable,rolling_variance,False,101,699,FALSE_POSITIVE
12,critical_slowing_dynamic,gv_recoverability,True,800,0,MISS
12,critical_slowing_dynamic,rolling_z_score,True,,,MISS
12,critical_slowing_dynamic,rolling_variance,True,101,699,EARLY_WARNING
12,abrupt_collapse_dynamic,gv_recoverability,True,840,-40,MISS
12,abrupt_collapse_dynamic,rolling_z_score,True,,,MISS
12,abrupt_collapse_dynamic,rolling_variance,True,101,699,EARLY_WARNING
13,stable_dynamic,gv_recoverability,False,,,QUIET
13,stable_dynamic,rolling_z_score,False,,,QUIET
13,stable_dynamic,rolling_variance,False,101,699,FALSE_POSITIVE
13,noisy_dynamic_recoverable,gv_recoverability,False,,,QUIET
13,noisy_dynamic_recoverable,rolling_z_score,False,,,QUIET
13,noisy_dynamic_recoverable,rolling_variance,False,101,699,FALSE_POSITIVE
13,critical_slowing_dynamic,gv_recoverability,True,780,20,EARLY_WARNING
13,critical_slowing_dynamic,rolling_z_score,True,,,MISS
13,critical_slowing_dynamic,rolling_variance,True,101,699,EARLY_WARNING
13,abrupt_collapse_dynamic,gv_recoverability,True,820,-20,MISS
13,abrupt_collapse_dynamic,rolling_z_score,True,,,MISS
13,abrupt_collapse_dynamic,rolling_variance,True,101,699,EARLY_WARNING
14,stable_dynamic,gv_recoverability,False,,,QUIET
14,stable_dynamic,rolling_z_score,False,,,QUIET
14,stable_dynamic,rolling_variance,False,101,699,FALSE_POSITIVE
14,noisy_dynamic_recoverable,gv_recoverability,False,,,QUIET
14,noisy_dynamic_recoverable,rolling_z_score,False,,,QUIET
14,noisy_dynamic_recoverable,rolling_variance,False,101,699,FALSE_POSITIVE
14,critical_slowing_dynamic,gv_recoverability,True,820,-20,MISS
14,critical_slowing_dynamic,rolling_z_score,True,,,MISS
14,critical_slowing_dynamic,rolling_variance,True,101,699,EARLY_WARNING
14,abrupt_collapse_dynamic,gv_recoverability,True,840,-40,MISS
14,abrupt_collapse_dynamic,rolling_z_score,True,,,MISS
14,abrupt_collapse_dynamic,rolling_variance,True,101,699,EARLY_WARNING
15,stable_dynamic,gv_recoverability,False,,,QUIET
15,stable_dynamic,rolling_z_score,False,,,QUIET
15,stable_dynamic,rolling_variance,False,101,699,FALSE_POSITIVE
15,noisy_dynamic_recoverable,gv_recoverability,False,,,QUIET
15,noisy_dynamic_recoverable,rolling_z_score,False,,,QUIET
15,noisy_dynamic_recoverable,rolling_variance,False,101,699,FALSE_POSITIVE
15,critical_slowing_dynamic,gv_recoverability,True,800,0,MISS
15,critical_slowing_dynamic,rolling_z_score,True,,,MISS
15,critical_slowing_dynamic,rolling_variance,True,101,699,EARLY_WARNING
15,abrupt_collapse_dynamic,gv_recoverability,True,840,-40,MISS
15,abrupt_collapse_dynamic,rolling_z_score,True,,,MISS
15,abrupt_collapse_dynamic,rolling_variance,True,101,699,EARLY_WARNING
16,stable_dynamic,gv_recoverability,False,,,QUIET
16,stable_dynamic,rolling_z_score,False,,,QUIET
16,stable_dynamic,rolling_variance,False,101,699,FALSE_POSITIVE
16,noisy_dynamic_recoverable,gv_recoverability,False,,,QUIET
16,noisy_dynamic_recoverable,rolling_z_score,False,,,QUIET
16,noisy_dynamic_recoverable,rolling_variance,False,101,699,FALSE_POSITIVE
16,critical_slowing_dynamic,gv_recoverability,True,780,20,EARLY_WARNING
16,critical_slowing_dynamic,rolling_z_score,True,,,MISS
16,critical_slowing_dynamic,rolling_variance,True,101,699,EARLY_WARNING
16,abrupt_collapse_dynamic,gv_recoverability,True,820,-20,MISS
16,abrupt_collapse_dynamic,rolling_z_score,True,,,MISS
16,abrupt_collapse_dynamic,rolling_variance,True,101,699,EARLY_WARNING
17,stable_dynamic,gv_recoverability,False,,,QUIET
17,stable_dynamic,rolling_z_score,False,,,QUIET
17,stable_dynamic,rolling_variance,False,101,699,FALSE_POSITIVE
17,noisy_dynamic_recoverable,gv_recoverability,False,,,QUIET
17,noisy_dynamic_recoverable,rolling_z_score,False,,,QUIET
17,noisy_dynamic_recoverable,rolling_variance,False,101,699,FALSE_POSITIVE
17,critical_slowing_dynamic,gv_recoverability,True,760,40,EARLY_WARNING
17,critical_slowing_dynamic,rolling_z_score,True,,,MISS
17,critical_slowing_dynamic,rolling_variance,True,101,699,EARLY_WARNING
17,abrupt_collapse_dynamic,gv_recoverability,True,840,-40,MISS
17,abrupt_collapse_dynamic,rolling_z_score,True,,,MISS
17,abrupt_collapse_dynamic,rolling_variance,True,101,699,EARLY_WARNING
18,stable_dynamic,gv_recoverability,False,,,QUIET
18,stable_dynamic,rolling_z_score,False,,,QUIET
18,stable_dynamic,rolling_variance,False,101,699,FALSE_POSITIVE
18,noisy_dynamic_recoverable,gv_recoverability,False,,,QUIET
18,noisy_dynamic_recoverable,rolling_z_score,False,,,QUIET
18,noisy_dynamic_recoverable,rolling_variance,False,101,699,FALSE_POSITIVE
18,critical_slowing_dynamic,gv_recoverability,True,800,0,MISS
18,critical_slowing_dynamic,rolling_z_score,True,,,MISS
18,critical_slowing_dynamic,rolling_variance,True,101,699,EARLY_WARNING
18,abrupt_collapse_dynamic,gv_recoverability,True,840,-40,MISS
18,abrupt_collapse_dynamic,rolling_z_score,True,,,MISS
18,abrupt_collapse_dynamic,rolling_variance,True,101,699,EARLY_WARNING
19,stable_dynamic,gv_recoverability,False,,,QUIET
19,stable_dynamic,rolling_z_score,False,,,QUIET
19,stable_dynamic,rolling_variance,False,101,699,FALSE_POSITIVE
19,noisy_dynamic_recoverable,gv_recoverability,False,,,QUIET
19,noisy_dynamic_recoverable,rolling_z_score,False,,,QUIET
19,noisy_dynamic_recoverable,rolling_variance,False,101,699,FALSE_POSITIVE
19,critical_slowing_dynamic,gv_recoverability,True,800,0,MISS
19,critical_slowing_dynamic,rolling_z_score,True,,,MISS
19,critical_slowing_dynamic,rolling_variance,True,101,699,EARLY_WARNING
19,abrupt_collapse_dynamic,gv_recoverability,True,840,-40,MISS
19,abrupt_collapse_dynamic,rolling_z_score,True,,,MISS
19,abrupt_collapse_dynamic,rolling_variance,True,101,699,EARLY_WARNING
20,stable_dynamic,gv_recoverability,False,,,QUIET
20,stable_dynamic,rolling_z_score,False,,,QUIET
20,stable_dynamic,rolling_variance,False,101,699,FALSE_POSITIVE
20,noisy_dynamic_recoverable,gv_recoverability,False,,,QUIET
20,noisy_dynamic_recoverable,rolling_z_score,False,,,QUIET
20,noisy_dynamic_recoverable,rolling_variance,False,101,699,FALSE_POSITIVE
20,critical_slowing_dynamic,gv_recoverability,True,760,40,EARLY_WARNING
20,critical_slowing_dynamic,rolling_z_score,True,,,MISS
20,critical_slowing_dynamic,rolling_variance,True,101,699,EARLY_WARNING
20,abrupt_collapse_dynamic,gv_recoverability,True,840,-40,MISS
20,abrupt_collapse_dynamic,rolling_z_score,True,,,MISS
20,abrupt_collapse_dynamic,rolling_variance,True,101,699,EARLY_WARNING
21,stable_dynamic,gv_recoverability,False,,,QUIET
21,stable_dynamic,rolling_z_score,False,,,QUIET
21,stable_dynamic,rolling_variance,False,101,699,FALSE_POSITIVE
21,noisy_dynamic_recoverable,gv_recoverability,False,,,QUIET
21,noisy_dynamic_recoverable,rolling_z_score,False,,,QUIET
21,noisy_dynamic_recoverable,rolling_variance,False,101,699,FALSE_POSITIVE
21,critical_slowing_dynamic,gv_recoverability,True,780,20,EARLY_WARNING
21,critical_slowing_dynamic,rolling_z_score,True,,,MISS
21,critical_slowing_dynamic,rolling_variance,True,101,699,EARLY_WARNING
21,abrupt_collapse_dynamic,gv_recoverability,True,820,-20,MISS
21,abrupt_collapse_dynamic,rolling_z_score,True,,,MISS
21,abrupt_collapse_dynamic,rolling_variance,True,101,699,EARLY_WARNING
22,stable_dynamic,gv_recoverability,False,,,QUIET
22,stable_dynamic,rolling_z_score,False,,,QUIET
22,stable_dynamic,rolling_variance,False,101,699,FALSE_POSITIVE
22,noisy_dynamic_recoverable,gv_recoverability,False,,,QUIET
22,noisy_dynamic_recoverable,rolling_z_score,False,,,QUIET
22,noisy_dynamic_recoverable,rolling_variance,False,101,699,FALSE_POSITIVE
22,critical_slowing_dynamic,gv_recoverability,True,800,0,MISS
22,critical_slowing_dynamic,rolling_z_score,True,,,MISS
22,critical_slowing_dynamic,rolling_variance,True,101,699,EARLY_WARNING
22,abrupt_collapse_dynamic,gv_recoverability,True,840,-40,MISS
22,abrupt_collapse_dynamic,rolling_z_score,True,,,MISS
22,abrupt_collapse_dynamic,rolling_variance,True,101,699,EARLY_WARNING
23,stable_dynamic,gv_recoverability,False,,,QUIET
23,stable_dynamic,rolling_z_score,False,,,QUIET
23,stable_dynamic,rolling_variance,False,101,699,FALSE_POSITIVE
23,noisy_dynamic_recoverable,gv_recoverability,False,,,QUIET
23,noisy_dynamic_recoverable,rolling_z_score,False,,,QUIET
23,noisy_dynamic_recoverable,rolling_variance,False,101,699,FALSE_POSITIVE
23,critical_slowing_dynamic,gv_recoverability,True,800,0,MISS
23,critical_slowing_dynamic,rolling_z_score,True,,,MISS
23,critical_slowing_dynamic,rolling_variance,True,101,699,EARLY_WARNING
23,abrupt_collapse_dynamic,gv_recoverability,True,840,-40,MISS
23,abrupt_collapse_dynamic,rolling_z_score,True,,,MISS
23,abrupt_collapse_dynamic,rolling_variance,True,101,699,EARLY_WARNING
24,stable_dynamic,gv_recoverability,False,,,QUIET
24,stable_dynamic,rolling_z_score,False,,,QUIET
24,stable_dynamic,rolling_variance,False,101,699,FALSE_POSITIVE
24,noisy_dynamic_recoverable,gv_recoverability,False,,,QUIET
24,noisy_dynamic_recoverable,rolling_z_score,False,,,QUIET
24,noisy_dynamic_recoverable,rolling_variance,False,101,699,FALSE_POSITIVE
24,critical_slowing_dynamic,gv_recoverability,True,800,0,MISS
24,critical_slowing_dynamic,rolling_z_score,True,,,MISS
24,critical_slowing_dynamic,rolling_variance,True,101,699,EARLY_WARNING
24,abrupt_collapse_dynamic,gv_recoverability,True,820,-20,MISS
24,abrupt_collapse_dynamic,rolling_z_score,True,,,MISS
24,abrupt_collapse_dynamic,rolling_variance,True,101,699,EARLY_WARNING
25,stable_dynamic,gv_recoverability,False,,,QUIET
25,stable_dynamic,rolling_z_score,False,,,QUIET
25,stable_dynamic,rolling_variance,False,101,699,FALSE_POSITIVE
25,noisy_dynamic_recoverable,gv_recoverability,False,,,QUIET
25,noisy_dynamic_recoverable,rolling_z_score,False,,,QUIET
25,noisy_dynamic_recoverable,rolling_variance,False,101,699,FALSE_POSITIVE
25,critical_slowing_dynamic,gv_recoverability,True,800,0,MISS
25,critical_slowing_dynamic,rolling_z_score,True,,,MISS
25,critical_slowing_dynamic,rolling_variance,True,101,699,EARLY_WARNING
25,abrupt_collapse_dynamic,gv_recoverability,True,820,-20,MISS
25,abrupt_collapse_dynamic,rolling_z_score,True,,,MISS
25,abrupt_collapse_dynamic,rolling_variance,True,101,699,EARLY_WARNING
26,stable_dynamic,gv_recoverability,False,,,QUIET
26,stable_dynamic,rolling_z_score,False,,,QUIET
26,stable_dynamic,rolling_variance,False,101,699,FALSE_POSITIVE
26,noisy_dynamic_recoverable,gv_recoverability,False,,,QUIET
26,noisy_dynamic_recoverable,rolling_z_score,False,,,QUIET
26,noisy_dynamic_recoverable,rolling_variance,False,101,699,FALSE_POSITIVE
26,critical_slowing_dynamic,gv_recoverability,True,820,-20,MISS
26,critical_slowing_dynamic,rolling_z_score,True,,,MISS
26,critical_slowing_dynamic,rolling_variance,True,101,699,EARLY_WARNING
26,abrupt_collapse_dynamic,gv_recoverability,True,840,-40,MISS
26,abrupt_collapse_dynamic,rolling_z_score,True,,,MISS
26,abrupt_collapse_dynamic,rolling_variance,True,101,699,EARLY_WARNING
27,stable_dynamic,gv_recoverability,False,,,QUIET
27,stable_dynamic,rolling_z_score,False,,,QUIET
27,stable_dynamic,rolling_variance,False,101,699,FALSE_POSITIVE
27,noisy_dynamic_recoverable,gv_recoverability,False,,,QUIET
27,noisy_dynamic_recoverable,rolling_z_score,False,,,QUIET
27,noisy_dynamic_recoverable,rolling_variance,False,101,699,FALSE_POSITIVE
27,critical_slowing_dynamic,gv_recoverability,True,800,0,MISS
27,critical_slowing_dynamic,rolling_z_score,True,,,MISS
27,critical_slowing_dynamic,rolling_variance,True,101,699,EARLY_WARNING
27,abrupt_collapse_dynamic,gv_recoverability,True,820,-20,MISS
27,abrupt_collapse_dynamic,rolling_z_score,True,,,MISS
27,abrupt_collapse_dynamic,rolling_variance,True,101,699,EARLY_WARNING
28,stable_dynamic,gv_recoverability,False,,,QUIET
28,stable_dynamic,rolling_z_score,False,,,QUIET
28,stable_dynamic,rolling_variance,False,101,699,FALSE_POSITIVE
28,noisy_dynamic_recoverable,gv_recoverability,False,,,QUIET
28,noisy_dynamic_recoverable,rolling_z_score,False,,,QUIET
28,noisy_dynamic_recoverable,rolling_variance,False,101,699,FALSE_POSITIVE
28,critical_slowing_dynamic,gv_recoverability,True,800,0,MISS
28,critical_slowing_dynamic,rolling_z_score,True,,,MISS
28,critical_slowing_dynamic,rolling_variance,True,101,699,EARLY_WARNING
28,abrupt_collapse_dynamic,gv_recoverability,True,840,-40,MISS
28,abrupt_collapse_dynamic,rolling_z_score,True,,,MISS
28,abrupt_collapse_dynamic,rolling_variance,True,101,699,EARLY_WARNING
29,stable_dynamic,gv_recoverability,False,,,QUIET
29,stable_dynamic,rolling_z_score,False,,,QUIET
29,stable_dynamic,rolling_variance,False,101,699,FALSE_POSITIVE
29,noisy_dynamic_recoverable,gv_recoverability,False,,,QUIET
29,noisy_dynamic_recoverable,rolling_z_score,False,,,QUIET
29,noisy_dynamic_recoverable,rolling_variance,False,101,699,FALSE_POSITIVE
29,critical_slowing_dynamic,gv_recoverability,True,800,0,MISS
29,critical_slowing_dynamic,rolling_z_score,True,,,MISS
29,critical_slowing_dynamic,rolling_variance,True,101,699,EARLY_WARNING
29,abrupt_collapse_dynamic,gv_recoverability,True,840,-40,MISS
29,abrupt_collapse_dynamic,rolling_z_score,True,,,MISS
29,abrupt_collapse_dynamic,rolling_variance,True,101,699,EARLY_WARNING
30,stable_dynamic,gv_recoverability,False,,,QUIET
30,stable_dynamic,rolling_z_score,False,,,QUIET
30,stable_dynamic,rolling_variance,False,101,699,FALSE_POSITIVE
30,noisy_dynamic_recoverable,gv_recoverability,False,,,QUIET
30,noisy_dynamic_recoverable,rolling_z_score,False,,,QUIET
30,noisy_dynamic_recoverable,rolling_variance,False,101,699,FALSE_POSITIVE
30,critical_slowing_dynamic,gv_recoverability,True,780,20,EARLY_WARNING
30,critical_slowing_dynamic,rolling_z_score,True,,,MISS
30,critical_slowing_dynamic,rolling_variance,True,101,699,EARLY_WARNING
30,abrupt_collapse_dynamic,gv_recoverability,True,840,-40,MISS
30,abrupt_collapse_dynamic,rolling_z_score,True,,,MISS
30,abrupt_collapse_dynamic,rolling_variance,True,101,699,EARLY_WARNING
31,stable_dynamic,gv_recoverability,False,,,QUIET
31,stable_dynamic,rolling_z_score,False,,,QUIET
31,stable_dynamic,rolling_variance,False,101,699,FALSE_POSITIVE
31,noisy_dynamic_recoverable,gv_recoverability,False,,,QUIET
31,noisy_dynamic_recoverable,rolling_z_score,False,,,QUIET
31,noisy_dynamic_recoverable,rolling_variance,False,101,699,FALSE_POSITIVE
31,critical_slowing_dynamic,gv_recoverability,True,800,0,MISS
31,critical_slowing_dynamic,rolling_z_score,True,,,MISS
31,critical_slowing_dynamic,rolling_variance,True,101,699,EARLY_WARNING
31,abrupt_collapse_dynamic,gv_recoverability,True,840,-40,MISS
31,abrupt_collapse_dynamic,rolling_z_score,True,,,MISS
31,abrupt_collapse_dynamic,rolling_variance,True,101,699,EARLY_WARNING
32,stable_dynamic,gv_recoverability,False,,,QUIET
32,stable_dynamic,rolling_z_score,False,,,QUIET
32,stable_dynamic,rolling_variance,False,101,699,FALSE_POSITIVE
32,noisy_dynamic_recoverable,gv_recoverability,False,,,QUIET
32,noisy_dynamic_recoverable,rolling_z_score,False,,,QUIET
32,noisy_dynamic_recoverable,rolling_variance,False,101,699,FALSE_POSITIVE
32,critical_slowing_dynamic,gv_recoverability,True,780,20,EARLY_WARNING
32,critical_slowing_dynamic,rolling_z_score,True,,,MISS
32,critical_slowing_dynamic,rolling_variance,True,101,699,EARLY_WARNING
32,abrupt_collapse_dynamic,gv_recoverability,True,820,-20,MISS
32,abrupt_collapse_dynamic,rolling_z_score,True,,,MISS
32,abrupt_collapse_dynamic,rolling_variance,True,101,699,EARLY_WARNING
33,stable_dynamic,gv_recoverability,False,,,QUIET
33,stable_dynamic,rolling_z_score,False,,,QUIET
33,stable_dynamic,rolling_variance,False,101,699,FALSE_POSITIVE
33,noisy_dynamic_recoverable,gv_recoverability,False,,,QUIET
33,noisy_dynamic_recoverable,rolling_z_score,False,,,QUIET
33,noisy_dynamic_recoverable,rolling_variance,False,101,699,FALSE_POSITIVE
33,critical_slowing_dynamic,gv_recoverability,True,780,20,EARLY_WARNING
33,critical_slowing_dynamic,rolling_z_score,True,,,MISS
33,critical_slowing_dynamic,rolling_variance,True,101,699,EARLY_WARNING
33,abrupt_collapse_dynamic,gv_recoverability,True,840,-40,MISS
33,abrupt_collapse_dynamic,rolling_z_score,True,,,MISS
33,abrupt_collapse_dynamic,rolling_variance,True,101,699,EARLY_WARNING
34,stable_dynamic,gv_recoverability,False,,,QUIET
34,stable_dynamic,rolling_z_score,False,,,QUIET
34,stable_dynamic,rolling_variance,False,101,699,FALSE_POSITIVE
34,noisy_dynamic_recoverable,gv_recoverability,False,,,QUIET
34,noisy_dynamic_recoverable,rolling_z_score,False,,,QUIET
34,noisy_dynamic_recoverable,rolling_variance,False,101,699,FALSE_POSITIVE
34,critical_slowing_dynamic,gv_recoverability,True,820,-20,MISS
34,critical_slowing_dynamic,rolling_z_score,True,,,MISS
34,critical_slowing_dynamic,rolling_variance,True,101,699,EARLY_WARNING
34,abrupt_collapse_dynamic,gv_recoverability,True,840,-40,MISS
34,abrupt_collapse_dynamic,rolling_z_score,True,,,MISS
34,abrupt_collapse_dynamic,rolling_variance,True,101,699,EARLY_WARNING
35,stable_dynamic,gv_recoverability,False,,,QUIET
35,stable_dynamic,rolling_z_score,False,,,QUIET
35,stable_dynamic,rolling_variance,False,101,699,FALSE_POSITIVE
35,noisy_dynamic_recoverable,gv_recoverability,False,,,QUIET
35,noisy_dynamic_recoverable,rolling_z_score,False,,,QUIET
35,noisy_dynamic_recoverable,rolling_variance,False,101,699,FALSE_POSITIVE
35,critical_slowing_dynamic,gv_recoverability,True,800,0,MISS
35,critical_slowing_dynamic,rolling_z_score,True,,,MISS
35,critical_slowing_dynamic,rolling_variance,True,101,699,EARLY_WARNING
35,abrupt_collapse_dynamic,gv_recoverability,True,840,-40,MISS
35,abrupt_collapse_dynamic,rolling_z_score,True,,,MISS
35,abrupt_collapse_dynamic,rolling_variance,True,101,699,EARLY_WARNING
36,stable_dynamic,gv_recoverability,False,,,QUIET
36,stable_dynamic,rolling_z_score,False,,,QUIET
36,stable_dynamic,rolling_variance,False,101,699,FALSE_POSITIVE
36,noisy_dynamic_recoverable,gv_recoverability,False,,,QUIET
36,noisy_dynamic_recoverable,rolling_z_score,False,,,QUIET
36,noisy_dynamic_recoverable,rolling_variance,False,101,699,FALSE_POSITIVE
36,critical_slowing_dynamic,gv_recoverability,True,780,20,EARLY_WARNING
36,critical_slowing_dynamic,rolling_z_score,True,,,MISS
36,critical_slowing_dynamic,rolling_variance,True,101,699,EARLY_WARNING
36,abrupt_collapse_dynamic,gv_recoverability,True,840,-40,MISS
36,abrupt_collapse_dynamic,rolling_z_score,True,,,MISS
36,abrupt_collapse_dynamic,rolling_variance,True,101,699,EARLY_WARNING
37,stable_dynamic,gv_recoverability,False,,,QUIET
37,stable_dynamic,rolling_z_score,False,,,QUIET
37,stable_dynamic,rolling_variance,False,101,699,FALSE_POSITIVE
37,noisy_dynamic_recoverable,gv_recoverability,False,,,QUIET
37,noisy_dynamic_recoverable,rolling_z_score,False,,,QUIET
37,noisy_dynamic_recoverable,rolling_variance,False,101,699,FALSE_POSITIVE
37,critical_slowing_dynamic,gv_recoverability,True,780,20,EARLY_WARNING
37,critical_slowing_dynamic,rolling_z_score,True,,,MISS
37,critical_slowing_dynamic,rolling_variance,True,101,699,EARLY_WARNING
37,abrupt_collapse_dynamic,gv_recoverability,True,840,-40,MISS
37,abrupt_collapse_dynamic,rolling_z_score,True,,,MISS
37,abrupt_collapse_dynamic,rolling_variance,True,101,699,EARLY_WARNING
38,stable_dynamic,gv_recoverability,False,,,QUIET
38,stable_dynamic,rolling_z_score,False,,,QUIET
38,stable_dynamic,rolling_variance,False,101,699,FALSE_POSITIVE
38,noisy_dynamic_recoverable,gv_recoverability,False,,,QUIET
38,noisy_dynamic_recoverable,rolling_z_score,False,,,QUIET
38,noisy_dynamic_recoverable,rolling_variance,False,101,699,FALSE_POSITIVE
38,critical_slowing_dynamic,gv_recoverability,True,780,20,EARLY_WARNING
38,critical_slowing_dynamic,rolling_z_score,True,,,MISS
38,critical_slowing_dynamic,rolling_variance,True,101,699,EARLY_WARNING
38,abrupt_collapse_dynamic,gv_recoverability,True,840,-40,MISS
38,abrupt_collapse_dynamic,rolling_z_score,True,,,MISS
38,abrupt_collapse_dynamic,rolling_variance,True,101,699,EARLY_WARNING
39,stable_dynamic,gv_recoverability,False,,,QUIET
39,stable_dynamic,rolling_z_score,False,,,QUIET
39,stable_dynamic,rolling_variance,False,101,699,FALSE_POSITIVE
39,noisy_dynamic_recoverable,gv_recoverability,False,,,QUIET
39,noisy_dynamic_recoverable,rolling_z_score,False,,,QUIET
39,noisy_dynamic_recoverable,rolling_variance,False,101,699,FALSE_POSITIVE
39,critical_slowing_dynamic,gv_recoverability,True,800,0,MISS
39,critical_slowing_dynamic,rolling_z_score,True,,,MISS
39,critical_slowing_dynamic,rolling_variance,True,101,699,EARLY_WARNING
39,abrupt_collapse_dynamic,gv_recoverability,True,840,-40,MISS
39,abrupt_collapse_dynamic,rolling_z_score,True,,,MISS
39,abrupt_collapse_dynamic,rolling_variance,True,101,699,EARLY_WARNING
40,stable_dynamic,gv_recoverability,False,,,QUIET
40,stable_dynamic,rolling_z_score,False,,,QUIET
40,stable_dynamic,rolling_variance,False,101,699,FALSE_POSITIVE
40,noisy_dynamic_recoverable,gv_recoverability,False,,,QUIET
40,noisy_dynamic_recoverable,rolling_z_score,False,,,QUIET
40,noisy_dynamic_recoverable,rolling_variance,False,101,699,FALSE_POSITIVE
40,critical_slowing_dynamic,gv_recoverability,True,800,0,MISS
40,critical_slowing_dynamic,rolling_z_score,True,,,MISS
40,critical_slowing_dynamic,rolling_variance,True,101,699,EARLY_WARNING
40,abrupt_collapse_dynamic,gv_recoverability,True,840,-40,MISS
40,abrupt_collapse_dynamic,rolling_z_score,True,,,MISS
40,abrupt_collapse_dynamic,rolling_variance,True,101,699,EARLY_WARNING
41,stable_dynamic,gv_recoverability,False,,,QUIET
41,stable_dynamic,rolling_z_score,False,,,QUIET
41,stable_dynamic,rolling_variance,False,101,699,FALSE_POSITIVE
41,noisy_dynamic_recoverable,gv_recoverability,False,,,QUIET
41,noisy_dynamic_recoverable,rolling_z_score,False,,,QUIET
41,noisy_dynamic_recoverable,rolling_variance,False,101,699,FALSE_POSITIVE
41,critical_slowing_dynamic,gv_recoverability,True,800,0,MISS
41,critical_slowing_dynamic,rolling_z_score,True,,,MISS
41,critical_slowing_dynamic,rolling_variance,True,101,699,EARLY_WARNING
41,abrupt_collapse_dynamic,gv_recoverability,True,840,-40,MISS
41,abrupt_collapse_dynamic,rolling_z_score,True,,,MISS
41,abrupt_collapse_dynamic,rolling_variance,True,101,699,EARLY_WARNING
42,stable_dynamic,gv_recoverability,False,,,QUIET
42,stable_dynamic,rolling_z_score,False,,,QUIET
42,stable_dynamic,rolling_variance,False,101,699,FALSE_POSITIVE
42,noisy_dynamic_recoverable,gv_recoverability,False,,,QUIET
42,noisy_dynamic_recoverable,rolling_z_score,False,,,QUIET
42,noisy_dynamic_recoverable,rolling_variance,False,101,699,FALSE_POSITIVE
42,critical_slowing_dynamic,gv_recoverability,True,760,40,EARLY_WARNING
42,critical_slowing_dynamic,rolling_z_score,True,,,MISS
42,critical_slowing_dynamic,rolling_variance,True,101,699,EARLY_WARNING
42,abrupt_collapse_dynamic,gv_recoverability,True,820,-20,MISS
42,abrupt_collapse_dynamic,rolling_z_score,True,,,MISS
42,abrupt_collapse_dynamic,rolling_variance,True,101,699,EARLY_WARNING
43,stable_dynamic,gv_recoverability,False,,,QUIET
43,stable_dynamic,rolling_z_score,False,,,QUIET
43,stable_dynamic,rolling_variance,False,101,699,FALSE_POSITIVE
43,noisy_dynamic_recoverable,gv_recoverability,False,,,QUIET
43,noisy_dynamic_recoverable,rolling_z_score,False,,,QUIET
43,noisy_dynamic_recoverable,rolling_variance,False,101,699,FALSE_POSITIVE
43,critical_slowing_dynamic,gv_recoverability,True,780,20,EARLY_WARNING
43,critical_slowing_dynamic,rolling_z_score,True,,,MISS
43,critical_slowing_dynamic,rolling_variance,True,101,699,EARLY_WARNING
43,abrupt_collapse_dynamic,gv_recoverability,True,820,-20,MISS
43,abrupt_collapse_dynamic,rolling_z_score,True,,,MISS
43,abrupt_collapse_dynamic,rolling_variance,True,101,699,EARLY_WARNING
44,stable_dynamic,gv_recoverability,False,,,QUIET
44,stable_dynamic,rolling_z_score,False,,,QUIET
44,stable_dynamic,rolling_variance,False,101,699,FALSE_POSITIVE
44,noisy_dynamic_recoverable,gv_recoverability,False,,,QUIET
44,noisy_dynamic_recoverable,rolling_z_score,False,,,QUIET
44,noisy_dynamic_recoverable,rolling_variance,False,101,699,FALSE_POSITIVE
44,critical_slowing_dynamic,gv_recoverability,True,780,20,EARLY_WARNING
44,critical_slowing_dynamic,rolling_z_score,True,,,MISS
44,critical_slowing_dynamic,rolling_variance,True,101,699,EARLY_WARNING
44,abrupt_collapse_dynamic,gv_recoverability,True,840,-40,MISS
44,abrupt_collapse_dynamic,rolling_z_score,True,,,MISS
44,abrupt_collapse_dynamic,rolling_variance,True,101,699,EARLY_WARNING
45,stable_dynamic,gv_recoverability,False,,,QUIET
45,stable_dynamic,rolling_z_score,False,,,QUIET
45,stable_dynamic,rolling_variance,False,101,699,FALSE_POSITIVE
45,noisy_dynamic_recoverable,gv_recoverability,False,,,QUIET
45,noisy_dynamic_recoverable,rolling_z_score,False,,,QUIET
45,noisy_dynamic_recoverable,rolling_variance,False,101,699,FALSE_POSITIVE
45,critical_slowing_dynamic,gv_recoverability,True,820,-20,MISS
45,critical_slowing_dynamic,rolling_z_score,True,,,MISS
45,critical_slowing_dynamic,rolling_variance,True,101,699,EARLY_WARNING
45,abrupt_collapse_dynamic,gv_recoverability,True,840,-40,MISS
45,abrupt_collapse_dynamic,rolling_z_score,True,,,MISS
45,abrupt_collapse_dynamic,rolling_variance,True,101,699,EARLY_WARNING
46,stable_dynamic,gv_recoverability,False,,,QUIET
46,stable_dynamic,rolling_z_score,False,,,QUIET
46,stable_dynamic,rolling_variance,False,101,699,FALSE_POSITIVE
46,noisy_dynamic_recoverable,gv_recoverability,False,,,QUIET
46,noisy_dynamic_recoverable,rolling_z_score,False,,,QUIET
46,noisy_dynamic_recoverable,rolling_variance,False,101,699,FALSE_POSITIVE
46,critical_slowing_dynamic,gv_recoverability,True,800,0,MISS
46,critical_slowing_dynamic,rolling_z_score,True,,,MISS
46,critical_slowing_dynamic,rolling_variance,True,101,699,EARLY_WARNING
46,abrupt_collapse_dynamic,gv_recoverability,True,840,-40,MISS
46,abrupt_collapse_dynamic,rolling_z_score,True,,,MISS
46,abrupt_collapse_dynamic,rolling_variance,True,101,699,EARLY_WARNING
47,stable_dynamic,gv_recoverability,False,,,QUIET
47,stable_dynamic,rolling_z_score,False,,,QUIET
47,stable_dynamic,rolling_variance,False,101,699,FALSE_POSITIVE
47,noisy_dynamic_recoverable,gv_recoverability,False,,,QUIET
47,noisy_dynamic_recoverable,rolling_z_score,False,,,QUIET
47,noisy_dynamic_recoverable,rolling_variance,False,101,699,FALSE_POSITIVE
47,critical_slowing_dynamic,gv_recoverability,True,800,0,MISS
47,critical_slowing_dynamic,rolling_z_score,True,,,MISS
47,critical_slowing_dynamic,rolling_variance,True,101,699,EARLY_WARNING
47,abrupt_collapse_dynamic,gv_recoverability,True,840,-40,MISS
47,abrupt_collapse_dynamic,rolling_z_score,True,,,MISS
47,abrupt_collapse_dynamic,rolling_variance,True,101,699,EARLY_WARNING
48,stable_dynamic,gv_recoverability,False,,,QUIET
48,stable_dynamic,rolling_z_score,False,,,QUIET
48,stable_dynamic,rolling_variance,False,101,699,FALSE_POSITIVE
48,noisy_dynamic_recoverable,gv_recoverability,False,,,QUIET
48,noisy_dynamic_recoverable,rolling_z_score,False,,,QUIET
48,noisy_dynamic_recoverable,rolling_variance,False,101,699,FALSE_POSITIVE
48,critical_slowing_dynamic,gv_recoverability,True,780,20,EARLY_WARNING
48,critical_slowing_dynamic,rolling_z_score,True,,,MISS
48,critical_slowing_dynamic,rolling_variance,True,101,699,EARLY_WARNING
48,abrupt_collapse_dynamic,gv_recoverability,True,840,-40,MISS
48,abrupt_collapse_dynamic,rolling_z_score,True,,,MISS
48,abrupt_collapse_dynamic,rolling_variance,True,101,699,EARLY_WARNING
49,stable_dynamic,gv_recoverability,False,,,QUIET
49,stable_dynamic,rolling_z_score,False,,,QUIET
49,stable_dynamic,rolling_variance,False,101,699,FALSE_POSITIVE
49,noisy_dynamic_recoverable,gv_recoverability,False,,,QUIET
49,noisy_dynamic_recoverable,rolling_z_score,False,,,QUIET
49,noisy_dynamic_recoverable,rolling_variance,False,101,699,FALSE_POSITIVE
49,critical_slowing_dynamic,gv_recoverability,True,780,20,EARLY_WARNING
49,critical_slowing_dynamic,rolling_z_score,True,,,MISS
49,critical_slowing_dynamic,rolling_variance,True,101,699,EARLY_WARNING
49,abrupt_collapse_dynamic,gv_recoverability,True,820,-20,MISS
49,abrupt_collapse_dynamic,rolling_z_score,True,,,MISS
49,abrupt_collapse_dynamic,rolling_variance,True,101,699,EARLY_WARNING
50,stable_dynamic,gv_recoverability,False,,,QUIET
50,stable_dynamic,rolling_z_score,False,,,QUIET
50,stable_dynamic,rolling_variance,False,101,699,FALSE_POSITIVE
50,noisy_dynamic_recoverable,gv_recoverability,False,,,QUIET
50,noisy_dynamic_recoverable,rolling_z_score,False,,,QUIET
50,noisy_dynamic_recoverable,rolling_variance,False,101,699,FALSE_POSITIVE
50,critical_slowing_dynamic,gv_recoverability,True,800,0,MISS
50,critical_slowing_dynamic,rolling_z_score,True,,,MISS
50,critical_slowing_dynamic,rolling_variance,True,101,699,EARLY_WARNING
50,abrupt_collapse_dynamic,gv_recoverability,True,820,-20,MISS
50,abrupt_collapse_dynamic,rolling_z_score,True,,,MISS
50,abrupt_collapse_dynamic,rolling_variance,True,101,699,EARLY_WARNING
51,stable_dynamic,gv_recoverability,False,,,QUIET
51,stable_dynamic,rolling_z_score,False,,,QUIET
51,stable_dynamic,rolling_variance,False,101,699,FALSE_POSITIVE
51,noisy_dynamic_recoverable,gv_recoverability,False,,,QUIET
51,noisy_dynamic_recoverable,rolling_z_score,False,,,QUIET
51,noisy_dynamic_recoverable,rolling_variance,False,101,699,FALSE_POSITIVE
51,critical_slowing_dynamic,gv_recoverability,True,760,40,EARLY_WARNING
51,critical_slowing_dynamic,rolling_z_score,True,,,MISS
51,critical_slowing_dynamic,rolling_variance,True,101,699,EARLY_WARNING
51,abrupt_collapse_dynamic,gv_recoverability,True,840,-40,MISS
51,abrupt_collapse_dynamic,rolling_z_score,True,,,MISS
51,abrupt_collapse_dynamic,rolling_variance,True,101,699,EARLY_WARNING
52,stable_dynamic,gv_recoverability,False,,,QUIET
52,stable_dynamic,rolling_z_score,False,,,QUIET
52,stable_dynamic,rolling_variance,False,101,699,FALSE_POSITIVE
52,noisy_dynamic_recoverable,gv_recoverability,False,,,QUIET
52,noisy_dynamic_recoverable,rolling_z_score,False,,,QUIET
52,noisy_dynamic_recoverable,rolling_variance,False,101,699,FALSE_POSITIVE
52,critical_slowing_dynamic,gv_recoverability,True,760,40,EARLY_WARNING
52,critical_slowing_dynamic,rolling_z_score,True,,,MISS
52,critical_slowing_dynamic,rolling_variance,True,101,699,EARLY_WARNING
52,abrupt_collapse_dynamic,gv_recoverability,True,840,-40,MISS
52,abrupt_collapse_dynamic,rolling_z_score,True,,,MISS
52,abrupt_collapse_dynamic,rolling_variance,True,101,699,EARLY_WARNING
53,stable_dynamic,gv_recoverability,False,,,QUIET
53,stable_dynamic,rolling_z_score,False,,,QUIET
53,stable_dynamic,rolling_variance,False,101,699,FALSE_POSITIVE
53,noisy_dynamic_recoverable,gv_recoverability,False,,,QUIET
53,noisy_dynamic_recoverable,rolling_z_score,False,,,QUIET
53,noisy_dynamic_recoverable,rolling_variance,False,101,699,FALSE_POSITIVE
53,critical_slowing_dynamic,gv_recoverability,True,800,0,MISS
53,critical_slowing_dynamic,rolling_z_score,True,,,MISS
53,critical_slowing_dynamic,rolling_variance,True,101,699,EARLY_WARNING
53,abrupt_collapse_dynamic,gv_recoverability,True,840,-40,MISS
53,abrupt_collapse_dynamic,rolling_z_score,True,,,MISS
53,abrupt_collapse_dynamic,rolling_variance,True,101,699,EARLY_WARNING
54,stable_dynamic,gv_recoverability,False,,,QUIET
54,stable_dynamic,rolling_z_score,False,,,QUIET
54,stable_dynamic,rolling_variance,False,101,699,FALSE_POSITIVE
54,noisy_dynamic_recoverable,gv_recoverability,False,,,QUIET
54,noisy_dynamic_recoverable,rolling_z_score,False,,,QUIET
54,noisy_dynamic_recoverable,rolling_variance,False,101,699,FALSE_POSITIVE
54,critical_slowing_dynamic,gv_recoverability,True,800,0,MISS
54,critical_slowing_dynamic,rolling_z_score,True,,,MISS
54,critical_slowing_dynamic,rolling_variance,True,101,699,EARLY_WARNING
54,abrupt_collapse_dynamic,gv_recoverability,True,840,-40,MISS
54,abrupt_collapse_dynamic,rolling_z_score,True,,,MISS
54,abrupt_collapse_dynamic,rolling_variance,True,101,699,EARLY_WARNING
55,stable_dynamic,gv_recoverability,False,,,QUIET
55,stable_dynamic,rolling_z_score,False,,,QUIET
55,stable_dynamic,rolling_variance,False,101,699,FALSE_POSITIVE
55,noisy_dynamic_recoverable,gv_recoverability,False,,,QUIET
55,noisy_dynamic_recoverable,rolling_z_score,False,,,QUIET
55,noisy_dynamic_recoverable,rolling_variance,False,101,699,FALSE_POSITIVE
55,critical_slowing_dynamic,gv_recoverability,True,800,0,MISS
55,critical_slowing_dynamic,rolling_z_score,True,,,MISS
55,critical_slowing_dynamic,rolling_variance,True,101,699,EARLY_WARNING
55,abrupt_collapse_dynamic,gv_recoverability,True,840,-40,MISS
55,abrupt_collapse_dynamic,rolling_z_score,True,,,MISS
55,abrupt_collapse_dynamic,rolling_variance,True,101,699,EARLY_WARNING
56,stable_dynamic,gv_recoverability,False,,,QUIET
56,stable_dynamic,rolling_z_score,False,,,QUIET
56,stable_dynamic,rolling_variance,False,101,699,FALSE_POSITIVE
56,noisy_dynamic_recoverable,gv_recoverability,False,,,QUIET
56,noisy_dynamic_recoverable,rolling_z_score,False,,,QUIET
56,noisy_dynamic_recoverable,rolling_variance,False,101,699,FALSE_POSITIVE
56,critical_slowing_dynamic,gv_recoverability,True,800,0,MISS
56,critical_slowing_dynamic,rolling_z_score,True,,,MISS
56,critical_slowing_dynamic,rolling_variance,True,101,699,EARLY_WARNING
56,abrupt_collapse_dynamic,gv_recoverability,True,840,-40,MISS
56,abrupt_collapse_dynamic,rolling_z_score,True,,,MISS
56,abrupt_collapse_dynamic,rolling_variance,True,101,699,EARLY_WARNING
57,stable_dynamic,gv_recoverability,False,,,QUIET
57,stable_dynamic,rolling_z_score,False,,,QUIET
57,stable_dynamic,rolling_variance,False,101,699,FALSE_POSITIVE
57,noisy_dynamic_recoverable,gv_recoverability,False,,,QUIET
57,noisy_dynamic_recoverable,rolling_z_score,False,,,QUIET
57,noisy_dynamic_recoverable,rolling_variance,False,101,699,FALSE_POSITIVE
57,critical_slowing_dynamic,gv_recoverability,True,800,0,MISS
57,critical_slowing_dynamic,rolling_z_score,True,,,MISS
57,critical_slowing_dynamic,rolling_variance,True,101,699,EARLY_WARNING
57,abrupt_collapse_dynamic,gv_recoverability,True,840,-40,MISS
57,abrupt_collapse_dynamic,rolling_z_score,True,,,MISS
57,abrupt_collapse_dynamic,rolling_variance,True,101,699,EARLY_WARNING
58,stable_dynamic,gv_recoverability,False,,,QUIET
58,stable_dynamic,rolling_z_score,False,,,QUIET
58,stable_dynamic,rolling_variance,False,101,699,FALSE_POSITIVE
58,noisy_dynamic_recoverable,gv_recoverability,False,,,QUIET
58,noisy_dynamic_recoverable,rolling_z_score,False,,,QUIET
58,noisy_dynamic_recoverable,rolling_variance,False,101,699,FALSE_POSITIVE
58,critical_slowing_dynamic,gv_recoverability,True,760,40,EARLY_WARNING
58,critical_slowing_dynamic,rolling_z_score,True,,,MISS
58,critical_slowing_dynamic,rolling_variance,True,101,699,EARLY_WARNING
58,abrupt_collapse_dynamic,gv_recoverability,True,840,-40,MISS
58,abrupt_collapse_dynamic,rolling_z_score,True,,,MISS
58,abrupt_collapse_dynamic,rolling_variance,True,101,699,EARLY_WARNING
59,stable_dynamic,gv_recoverability,False,,,QUIET
59,stable_dynamic,rolling_z_score,False,,,QUIET
59,stable_dynamic,rolling_variance,False,101,699,FALSE_POSITIVE
59,noisy_dynamic_recoverable,gv_recoverability,False,,,QUIET
59,noisy_dynamic_recoverable,rolling_z_score,False,,,QUIET
59,noisy_dynamic_recoverable,rolling_variance,False,101,699,FALSE_POSITIVE
59,critical_slowing_dynamic,gv_recoverability,True,800,0,MISS
59,critical_slowing_dynamic,rolling_z_score,True,,,MISS
59,critical_slowing_dynamic,rolling_variance,True,101,699,EARLY_WARNING
59,abrupt_collapse_dynamic,gv_recoverability,True,840,-40,MISS
59,abrupt_collapse_dynamic,rolling_z_score,True,,,MISS
59,abrupt_collapse_dynamic,rolling_variance,True,101,699,EARLY_WARNING
60,stable_dynamic,gv_recoverability,False,,,QUIET
60,stable_dynamic,rolling_z_score,False,,,QUIET
60,stable_dynamic,rolling_variance,False,101,699,FALSE_POSITIVE
60,noisy_dynamic_recoverable,gv_recoverability,False,,,QUIET
60,noisy_dynamic_recoverable,rolling_z_score,False,,,QUIET
60,noisy_dynamic_recoverable,rolling_variance,False,101,699,FALSE_POSITIVE
60,critical_slowing_dynamic,gv_recoverability,True,780,20,EARLY_WARNING
60,critical_slowing_dynamic,rolling_z_score,True,,,MISS
60,critical_slowing_dynamic,rolling_variance,True,101,699,EARLY_WARNING
60,abrupt_collapse_dynamic,gv_recoverability,True,840,-40,MISS
60,abrupt_collapse_dynamic,rolling_z_score,True,,,MISS
60,abrupt_collapse_dynamic,rolling_variance,True,101,699,EARLY_WARNING
61,stable_dynamic,gv_recoverability,False,,,QUIET
61,stable_dynamic,rolling_z_score,False,,,QUIET
61,stable_dynamic,rolling_variance,False,101,699,FALSE_POSITIVE
61,noisy_dynamic_recoverable,gv_recoverability,False,,,QUIET
61,noisy_dynamic_recoverable,rolling_z_score,False,,,QUIET
61,noisy_dynamic_recoverable,rolling_variance,False,101,699,FALSE_POSITIVE
61,critical_slowing_dynamic,gv_recoverability,True,800,0,MISS
61,critical_slowing_dynamic,rolling_z_score,True,,,MISS
61,critical_slowing_dynamic,rolling_variance,True,101,699,EARLY_WARNING
61,abrupt_collapse_dynamic,gv_recoverability,True,840,-40,MISS
61,abrupt_collapse_dynamic,rolling_z_score,True,,,MISS
61,abrupt_collapse_dynamic,rolling_variance,True,101,699,EARLY_WARNING
62,stable_dynamic,gv_recoverability,False,,,QUIET
62,stable_dynamic,rolling_z_score,False,,,QUIET
62,stable_dynamic,rolling_variance,False,101,699,FALSE_POSITIVE
62,noisy_dynamic_recoverable,gv_recoverability,False,,,QUIET
62,noisy_dynamic_recoverable,rolling_z_score,False,,,QUIET
62,noisy_dynamic_recoverable,rolling_variance,False,101,699,FALSE_POSITIVE
62,critical_slowing_dynamic,gv_recoverability,True,780,20,EARLY_WARNING
62,critical_slowing_dynamic,rolling_z_score,True,,,MISS
62,critical_slowing_dynamic,rolling_variance,True,101,699,EARLY_WARNING
62,abrupt_collapse_dynamic,gv_recoverability,True,840,-40,MISS
62,abrupt_collapse_dynamic,rolling_z_score,True,,,MISS
62,abrupt_collapse_dynamic,rolling_variance,True,101,699,EARLY_WARNING
63,stable_dynamic,gv_recoverability,False,,,QUIET
63,stable_dynamic,rolling_z_score,False,,,QUIET
63,stable_dynamic,rolling_variance,False,101,699,FALSE_POSITIVE
63,noisy_dynamic_recoverable,gv_recoverability,False,,,QUIET
63,noisy_dynamic_recoverable,rolling_z_score,False,,,QUIET
63,noisy_dynamic_recoverable,rolling_variance,False,101,699,FALSE_POSITIVE
63,critical_slowing_dynamic,gv_recoverability,True,800,0,MISS
63,critical_slowing_dynamic,rolling_z_score,True,,,MISS
63,critical_slowing_dynamic,rolling_variance,True,101,699,EARLY_WARNING
63,abrupt_collapse_dynamic,gv_recoverability,True,840,-40,MISS
63,abrupt_collapse_dynamic,rolling_z_score,True,,,MISS
63,abrupt_collapse_dynamic,rolling_variance,True,101,699,EARLY_WARNING
64,stable_dynamic,gv_recoverability,False,,,QUIET
64,stable_dynamic,rolling_z_score,False,,,QUIET
64,stable_dynamic,rolling_variance,False,101,699,FALSE_POSITIVE
64,noisy_dynamic_recoverable,gv_recoverability,False,,,QUIET
64,noisy_dynamic_recoverable,rolling_z_score,False,,,QUIET
64,noisy_dynamic_recoverable,rolling_variance,False,101,699,FALSE_POSITIVE
64,critical_slowing_dynamic,gv_recoverability,True,800,0,MISS
64,critical_slowing_dynamic,rolling_z_score,True,,,MISS
64,critical_slowing_dynamic,rolling_variance,True,101,699,EARLY_WARNING
64,abrupt_collapse_dynamic,gv_recoverability,True,840,-40,MISS
64,abrupt_collapse_dynamic,rolling_z_score,True,,,MISS
64,abrupt_collapse_dynamic,rolling_variance,True,101,699,EARLY_WARNING
65,stable_dynamic,gv_recoverability,False,,,QUIET
65,stable_dynamic,rolling_z_score,False,,,QUIET
65,stable_dynamic,rolling_variance,False,101,699,FALSE_POSITIVE
65,noisy_dynamic_recoverable,gv_recoverability,False,,,QUIET
65,noisy_dynamic_recoverable,rolling_z_score,False,,,QUIET
65,noisy_dynamic_recoverable,rolling_variance,False,101,699,FALSE_POSITIVE
65,critical_slowing_dynamic,gv_recoverability,True,760,40,EARLY_WARNING
65,critical_slowing_dynamic,rolling_z_score,True,,,MISS
65,critical_slowing_dynamic,rolling_variance,True,101,699,EARLY_WARNING
65,abrupt_collapse_dynamic,gv_recoverability,True,820,-20,MISS
65,abrupt_collapse_dynamic,rolling_z_score,True,,,MISS
65,abrupt_collapse_dynamic,rolling_variance,True,101,699,EARLY_WARNING
66,stable_dynamic,gv_recoverability,False,,,QUIET
66,stable_dynamic,rolling_z_score,False,,,QUIET
66,stable_dynamic,rolling_variance,False,101,699,FALSE_POSITIVE
66,noisy_dynamic_recoverable,gv_recoverability,False,,,QUIET
66,noisy_dynamic_recoverable,rolling_z_score,False,,,QUIET
66,noisy_dynamic_recoverable,rolling_variance,False,101,699,FALSE_POSITIVE
66,critical_slowing_dynamic,gv_recoverability,True,780,20,EARLY_WARNING
66,critical_slowing_dynamic,rolling_z_score,True,,,MISS
66,critical_slowing_dynamic,rolling_variance,True,101,699,EARLY_WARNING
66,abrupt_collapse_dynamic,gv_recoverability,True,820,-20,MISS
66,abrupt_collapse_dynamic,rolling_z_score,True,,,MISS
66,abrupt_collapse_dynamic,rolling_variance,True,101,699,EARLY_WARNING
67,stable_dynamic,gv_recoverability,False,,,QUIET
67,stable_dynamic,rolling_z_score,False,,,QUIET
67,stable_dynamic,rolling_variance,False,101,699,FALSE_POSITIVE
67,noisy_dynamic_recoverable,gv_recoverability,False,,,QUIET
67,noisy_dynamic_recoverable,rolling_z_score,False,,,QUIET
67,noisy_dynamic_recoverable,rolling_variance,False,101,699,FALSE_POSITIVE
67,critical_slowing_dynamic,gv_recoverability,True,800,0,MISS
67,critical_slowing_dynamic,rolling_z_score,True,,,MISS
67,critical_slowing_dynamic,rolling_variance,True,101,699,EARLY_WARNING
67,abrupt_collapse_dynamic,gv_recoverability,True,840,-40,MISS
67,abrupt_collapse_dynamic,rolling_z_score,True,,,MISS
67,abrupt_collapse_dynamic,rolling_variance,True,101,699,EARLY_WARNING
68,stable_dynamic,gv_recoverability,False,,,QUIET
68,stable_dynamic,rolling_z_score,False,,,QUIET
68,stable_dynamic,rolling_variance,False,101,699,FALSE_POSITIVE
68,noisy_dynamic_recoverable,gv_recoverability,False,,,QUIET
68,noisy_dynamic_recoverable,rolling_z_score,False,,,QUIET
68,noisy_dynamic_recoverable,rolling_variance,False,101,699,FALSE_POSITIVE
68,critical_slowing_dynamic,gv_recoverability,True,760,40,EARLY_WARNING
68,critical_slowing_dynamic,rolling_z_score,True,,,MISS
68,critical_slowing_dynamic,rolling_variance,True,101,699,EARLY_WARNING
68,abrupt_collapse_dynamic,gv_recoverability,True,840,-40,MISS
68,abrupt_collapse_dynamic,rolling_z_score,True,,,MISS
68,abrupt_collapse_dynamic,rolling_variance,True,101,699,EARLY_WARNING
69,stable_dynamic,gv_recoverability,False,,,QUIET
69,stable_dynamic,rolling_z_score,False,,,QUIET
69,stable_dynamic,rolling_variance,False,101,699,FALSE_POSITIVE
69,noisy_dynamic_recoverable,gv_recoverability,False,,,QUIET
69,noisy_dynamic_recoverable,rolling_z_score,False,,,QUIET
69,noisy_dynamic_recoverable,rolling_variance,False,101,699,FALSE_POSITIVE
69,critical_slowing_dynamic,gv_recoverability,True,780,20,EARLY_WARNING
69,critical_slowing_dynamic,rolling_z_score,True,,,MISS
69,critical_slowing_dynamic,rolling_variance,True,101,699,EARLY_WARNING
69,abrupt_collapse_dynamic,gv_recoverability,True,840,-40,MISS
69,abrupt_collapse_dynamic,rolling_z_score,True,,,MISS
69,abrupt_collapse_dynamic,rolling_variance,True,101,699,EARLY_WARNING
70,stable_dynamic,gv_recoverability,False,,,QUIET
70,stable_dynamic,rolling_z_score,False,,,QUIET
70,stable_dynamic,rolling_variance,False,101,699,FALSE_POSITIVE
70,noisy_dynamic_recoverable,gv_recoverability,False,,,QUIET
70,noisy_dynamic_recoverable,rolling_z_score,False,,,QUIET
70,noisy_dynamic_recoverable,rolling_variance,False,101,699,FALSE_POSITIVE
70,critical_slowing_dynamic,gv_recoverability,True,780,20,EARLY_WARNING
70,critical_slowing_dynamic,rolling_z_score,True,,,MISS
70,critical_slowing_dynamic,rolling_variance,True,101,699,EARLY_WARNING
70,abrupt_collapse_dynamic,gv_recoverability,True,840,-40,MISS
70,abrupt_collapse_dynamic,rolling_z_score,True,,,MISS
70,abrupt_collapse_dynamic,rolling_variance,True,101,699,EARLY_WARNING
71,stable_dynamic,gv_recoverability,False,,,QUIET
71,stable_dynamic,rolling_z_score,False,,,QUIET
71,stable_dynamic,rolling_variance,False,101,699,FALSE_POSITIVE
71,noisy_dynamic_recoverable,gv_recoverability,False,,,QUIET
71,noisy_dynamic_recoverable,rolling_z_score,False,,,QUIET
71,noisy_dynamic_recoverable,rolling_variance,False,101,699,FALSE_POSITIVE
71,critical_slowing_dynamic,gv_recoverability,True,820,-20,MISS
71,critical_slowing_dynamic,rolling_z_score,True,,,MISS
71,critical_slowing_dynamic,rolling_variance,True,101,699,EARLY_WARNING
71,abrupt_collapse_dynamic,gv_recoverability,True,840,-40,MISS
71,abrupt_collapse_dynamic,rolling_z_score,True,,,MISS
71,abrupt_collapse_dynamic,rolling_variance,True,101,699,EARLY_WARNING
72,stable_dynamic,gv_recoverability,False,,,QUIET
72,stable_dynamic,rolling_z_score,False,,,QUIET
72,stable_dynamic,rolling_variance,False,101,699,FALSE_POSITIVE
72,noisy_dynamic_recoverable,gv_recoverability,False,,,QUIET
72,noisy_dynamic_recoverable,rolling_z_score,False,,,QUIET
72,noisy_dynamic_recoverable,rolling_variance,False,101,699,FALSE_POSITIVE
72,critical_slowing_dynamic,gv_recoverability,True,780,20,EARLY_WARNING
72,critical_slowing_dynamic,rolling_z_score,True,,,MISS
72,critical_slowing_dynamic,rolling_variance,True,101,699,EARLY_WARNING
72,abrupt_collapse_dynamic,gv_recoverability,True,840,-40,MISS
72,abrupt_collapse_dynamic,rolling_z_score,True,,,MISS
72,abrupt_collapse_dynamic,rolling_variance,True,101,699,EARLY_WARNING
73,stable_dynamic,gv_recoverability,False,,,QUIET
73,stable_dynamic,rolling_z_score,False,,,QUIET
73,stable_dynamic,rolling_variance,False,101,699,FALSE_POSITIVE
73,noisy_dynamic_recoverable,gv_recoverability,False,,,QUIET
73,noisy_dynamic_recoverable,rolling_z_score,False,,,QUIET
73,noisy_dynamic_recoverable,rolling_variance,False,101,699,FALSE_POSITIVE
73,critical_slowing_dynamic,gv_recoverability,True,780,20,EARLY_WARNING
73,critical_slowing_dynamic,rolling_z_score,True,,,MISS
73,critical_slowing_dynamic,rolling_variance,True,101,699,EARLY_WARNING
73,abrupt_collapse_dynamic,gv_recoverability,True,840,-40,MISS
73,abrupt_collapse_dynamic,rolling_z_score,True,,,MISS
73,abrupt_collapse_dynamic,rolling_variance,True,101,699,EARLY_WARNING
74,stable_dynamic,gv_recoverability,False,,,QUIET
74,stable_dynamic,rolling_z_score,False,,,QUIET
74,stable_dynamic,rolling_variance,False,101,699,FALSE_POSITIVE
74,noisy_dynamic_recoverable,gv_recoverability,False,,,QUIET
74,noisy_dynamic_recoverable,rolling_z_score,False,,,QUIET
74,noisy_dynamic_recoverable,rolling_variance,False,101,699,FALSE_POSITIVE
74,critical_slowing_dynamic,gv_recoverability,True,780,20,EARLY_WARNING
74,critical_slowing_dynamic,rolling_z_score,True,,,MISS
74,critical_slowing_dynamic,rolling_variance,True,101,699,EARLY_WARNING
74,abrupt_collapse_dynamic,gv_recoverability,True,840,-40,MISS
74,abrupt_collapse_dynamic,rolling_z_score,True,,,MISS
74,abrupt_collapse_dynamic,rolling_variance,True,101,699,EARLY_WARNING
75,stable_dynamic,gv_recoverability,False,,,QUIET
75,stable_dynamic,rolling_z_score,False,,,QUIET
75,stable_dynamic,rolling_variance,False,101,699,FALSE_POSITIVE
75,noisy_dynamic_recoverable,gv_recoverability,False,,,QUIET
75,noisy_dynamic_recoverable,rolling_z_score,False,,,QUIET
75,noisy_dynamic_recoverable,rolling_variance,False,101,699,FALSE_POSITIVE
75,critical_slowing_dynamic,gv_recoverability,True,800,0,MISS
75,critical_slowing_dynamic,rolling_z_score,True,,,MISS
75,critical_slowing_dynamic,rolling_variance,True,101,699,EARLY_WARNING
75,abrupt_collapse_dynamic,gv_recoverability,True,840,-40,MISS
75,abrupt_collapse_dynamic,rolling_z_score,True,,,MISS
75,abrupt_collapse_dynamic,rolling_variance,True,101,699,EARLY_WARNING
76,stable_dynamic,gv_recoverability,False,,,QUIET
76,stable_dynamic,rolling_z_score,False,,,QUIET
76,stable_dynamic,rolling_variance,False,101,699,FALSE_POSITIVE
76,noisy_dynamic_recoverable,gv_recoverability,False,,,QUIET
76,noisy_dynamic_recoverable,rolling_z_score,False,,,QUIET
76,noisy_dynamic_recoverable,rolling_variance,False,101,699,FALSE_POSITIVE
76,critical_slowing_dynamic,gv_recoverability,True,780,20,EARLY_WARNING
76,critical_slowing_dynamic,rolling_z_score,True,,,MISS
76,critical_slowing_dynamic,rolling_variance,True,101,699,EARLY_WARNING
76,abrupt_collapse_dynamic,gv_recoverability,True,840,-40,MISS
76,abrupt_collapse_dynamic,rolling_z_score,True,,,MISS
76,abrupt_collapse_dynamic,rolling_variance,True,101,699,EARLY_WARNING
77,stable_dynamic,gv_recoverability,False,,,QUIET
77,stable_dynamic,rolling_z_score,False,,,QUIET
77,stable_dynamic,rolling_variance,False,101,699,FALSE_POSITIVE
77,noisy_dynamic_recoverable,gv_recoverability,False,,,QUIET
77,noisy_dynamic_recoverable,rolling_z_score,False,,,QUIET
77,noisy_dynamic_recoverable,rolling_variance,False,101,699,FALSE_POSITIVE
77,critical_slowing_dynamic,gv_recoverability,True,780,20,EARLY_WARNING
77,critical_slowing_dynamic,rolling_z_score,True,,,MISS
77,critical_slowing_dynamic,rolling_variance,True,101,699,EARLY_WARNING
77,abrupt_collapse_dynamic,gv_recoverability,True,840,-40,MISS
77,abrupt_collapse_dynamic,rolling_z_score,True,,,MISS
77,abrupt_collapse_dynamic,rolling_variance,True,101,699,EARLY_WARNING
78,stable_dynamic,gv_recoverability,False,,,QUIET
78,stable_dynamic,rolling_z_score,False,,,QUIET
78,stable_dynamic,rolling_variance,False,101,699,FALSE_POSITIVE
78,noisy_dynamic_recoverable,gv_recoverability,False,,,QUIET
78,noisy_dynamic_recoverable,rolling_z_score,False,,,QUIET
78,noisy_dynamic_recoverable,rolling_variance,False,101,699,FALSE_POSITIVE
78,critical_slowing_dynamic,gv_recoverability,True,780,20,EARLY_WARNING
78,critical_slowing_dynamic,rolling_z_score,True,,,MISS
78,critical_slowing_dynamic,rolling_variance,True,101,699,EARLY_WARNING
78,abrupt_collapse_dynamic,gv_recoverability,True,840,-40,MISS
78,abrupt_collapse_dynamic,rolling_z_score,True,,,MISS
78,abrupt_collapse_dynamic,rolling_variance,True,101,699,EARLY_WARNING
79,stable_dynamic,gv_recoverability,False,,,QUIET
79,stable_dynamic,rolling_z_score,False,,,QUIET
79,stable_dynamic,rolling_variance,False,101,699,FALSE_POSITIVE
79,noisy_dynamic_recoverable,gv_recoverability,False,,,QUIET
79,noisy_dynamic_recoverable,rolling_z_score,False,,,QUIET
79,noisy_dynamic_recoverable,rolling_variance,False,101,699,FALSE_POSITIVE
79,critical_slowing_dynamic,gv_recoverability,True,800,0,MISS
79,critical_slowing_dynamic,rolling_z_score,True,,,MISS
79,critical_slowing_dynamic,rolling_variance,True,101,699,EARLY_WARNING
79,abrupt_collapse_dynamic,gv_recoverability,True,840,-40,MISS
79,abrupt_collapse_dynamic,rolling_z_score,True,,,MISS
79,abrupt_collapse_dynamic,rolling_variance,True,101,699,EARLY_WARNING
80,stable_dynamic,gv_recoverability,False,,,QUIET
80,stable_dynamic,rolling_z_score,False,,,QUIET
80,stable_dynamic,rolling_variance,False,101,699,FALSE_POSITIVE
80,noisy_dynamic_recoverable,gv_recoverability,False,,,QUIET
80,noisy_dynamic_recoverable,rolling_z_score,False,,,QUIET
80,noisy_dynamic_recoverable,rolling_variance,False,101,699,FALSE_POSITIVE
80,critical_slowing_dynamic,gv_recoverability,True,820,-20,MISS
80,critical_slowing_dynamic,rolling_z_score,True,,,MISS
80,critical_slowing_dynamic,rolling_variance,True,101,699,EARLY_WARNING
80,abrupt_collapse_dynamic,gv_recoverability,True,840,-40,MISS
80,abrupt_collapse_dynamic,rolling_z_score,True,,,MISS
80,abrupt_collapse_dynamic,rolling_variance,True,101,699,EARLY_WARNING
81,stable_dynamic,gv_recoverability,False,,,QUIET
81,stable_dynamic,rolling_z_score,False,,,QUIET
81,stable_dynamic,rolling_variance,False,101,699,FALSE_POSITIVE
81,noisy_dynamic_recoverable,gv_recoverability,False,,,QUIET
81,noisy_dynamic_recoverable,rolling_z_score,False,,,QUIET
81,noisy_dynamic_recoverable,rolling_variance,False,101,699,FALSE_POSITIVE
81,critical_slowing_dynamic,gv_recoverability,True,780,20,EARLY_WARNING
81,critical_slowing_dynamic,rolling_z_score,True,,,MISS
81,critical_slowing_dynamic,rolling_variance,True,101,699,EARLY_WARNING
81,abrupt_collapse_dynamic,gv_recoverability,True,840,-40,MISS
81,abrupt_collapse_dynamic,rolling_z_score,True,,,MISS
81,abrupt_collapse_dynamic,rolling_variance,True,101,699,EARLY_WARNING
82,stable_dynamic,gv_recoverability,False,,,QUIET
82,stable_dynamic,rolling_z_score,False,,,QUIET
82,stable_dynamic,rolling_variance,False,101,699,FALSE_POSITIVE
82,noisy_dynamic_recoverable,gv_recoverability,False,,,QUIET
82,noisy_dynamic_recoverable,rolling_z_score,False,,,QUIET
82,noisy_dynamic_recoverable,rolling_variance,False,101,699,FALSE_POSITIVE
82,critical_slowing_dynamic,gv_recoverability,True,780,20,EARLY_WARNING
82,critical_slowing_dynamic,rolling_z_score,True,,,MISS
82,critical_slowing_dynamic,rolling_variance,True,101,699,EARLY_WARNING
82,abrupt_collapse_dynamic,gv_recoverability,True,840,-40,MISS
82,abrupt_collapse_dynamic,rolling_z_score,True,,,MISS
82,abrupt_collapse_dynamic,rolling_variance,True,101,699,EARLY_WARNING
83,stable_dynamic,gv_recoverability,False,,,QUIET
83,stable_dynamic,rolling_z_score,False,,,QUIET
83,stable_dynamic,rolling_variance,False,101,699,FALSE_POSITIVE
83,noisy_dynamic_recoverable,gv_recoverability,False,,,QUIET
83,noisy_dynamic_recoverable,rolling_z_score,False,,,QUIET
83,noisy_dynamic_recoverable,rolling_variance,False,101,699,FALSE_POSITIVE
83,critical_slowing_dynamic,gv_recoverability,True,780,20,EARLY_WARNING
83,critical_slowing_dynamic,rolling_z_score,True,,,MISS
83,critical_slowing_dynamic,rolling_variance,True,101,699,EARLY_WARNING
83,abrupt_collapse_dynamic,gv_recoverability,True,820,-20,MISS
83,abrupt_collapse_dynamic,rolling_z_score,True,,,MISS
83,abrupt_collapse_dynamic,rolling_variance,True,101,699,EARLY_WARNING
84,stable_dynamic,gv_recoverability,False,,,QUIET
84,stable_dynamic,rolling_z_score,False,,,QUIET
84,stable_dynamic,rolling_variance,False,101,699,FALSE_POSITIVE
84,noisy_dynamic_recoverable,gv_recoverability,False,,,QUIET
84,noisy_dynamic_recoverable,rolling_z_score,False,,,QUIET
84,noisy_dynamic_recoverable,rolling_variance,False,101,699,FALSE_POSITIVE
84,critical_slowing_dynamic,gv_recoverability,True,780,20,EARLY_WARNING
84,critical_slowing_dynamic,rolling_z_score,True,,,MISS
84,critical_slowing_dynamic,rolling_variance,True,101,699,EARLY_WARNING
84,abrupt_collapse_dynamic,gv_recoverability,True,820,-20,MISS
84,abrupt_collapse_dynamic,rolling_z_score,True,,,MISS
84,abrupt_collapse_dynamic,rolling_variance,True,101,699,EARLY_WARNING
85,stable_dynamic,gv_recoverability,False,,,QUIET
85,stable_dynamic,rolling_z_score,False,,,QUIET
85,stable_dynamic,rolling_variance,False,101,699,FALSE_POSITIVE
85,noisy_dynamic_recoverable,gv_recoverability,False,,,QUIET
85,noisy_dynamic_recoverable,rolling_z_score,False,,,QUIET
85,noisy_dynamic_recoverable,rolling_variance,False,101,699,FALSE_POSITIVE
85,critical_slowing_dynamic,gv_recoverability,True,800,0,MISS
85,critical_slowing_dynamic,rolling_z_score,True,,,MISS
85,critical_slowing_dynamic,rolling_variance,True,101,699,EARLY_WARNING
85,abrupt_collapse_dynamic,gv_recoverability,True,840,-40,MISS
85,abrupt_collapse_dynamic,rolling_z_score,True,,,MISS
85,abrupt_collapse_dynamic,rolling_variance,True,101,699,EARLY_WARNING
86,stable_dynamic,gv_recoverability,False,,,QUIET
86,stable_dynamic,rolling_z_score,False,,,QUIET
86,stable_dynamic,rolling_variance,False,101,699,FALSE_POSITIVE
86,noisy_dynamic_recoverable,gv_recoverability,False,,,QUIET
86,noisy_dynamic_recoverable,rolling_z_score,False,,,QUIET
86,noisy_dynamic_recoverable,rolling_variance,False,101,699,FALSE_POSITIVE
86,critical_slowing_dynamic,gv_recoverability,True,780,20,EARLY_WARNING
86,critical_slowing_dynamic,rolling_z_score,True,,,MISS
86,critical_slowing_dynamic,rolling_variance,True,101,699,EARLY_WARNING
86,abrupt_collapse_dynamic,gv_recoverability,True,820,-20,MISS
86,abrupt_collapse_dynamic,rolling_z_score,True,,,MISS
86,abrupt_collapse_dynamic,rolling_variance,True,101,699,EARLY_WARNING
87,stable_dynamic,gv_recoverability,False,,,QUIET
87,stable_dynamic,rolling_z_score,False,,,QUIET
87,stable_dynamic,rolling_variance,False,101,699,FALSE_POSITIVE
87,noisy_dynamic_recoverable,gv_recoverability,False,,,QUIET
87,noisy_dynamic_recoverable,rolling_z_score,False,,,QUIET
87,noisy_dynamic_recoverable,rolling_variance,False,101,699,FALSE_POSITIVE
87,critical_slowing_dynamic,gv_recoverability,True,780,20,EARLY_WARNING
87,critical_slowing_dynamic,rolling_z_score,True,,,MISS
87,critical_slowing_dynamic,rolling_variance,True,101,699,EARLY_WARNING
87,abrupt_collapse_dynamic,gv_recoverability,True,840,-40,MISS
87,abrupt_collapse_dynamic,rolling_z_score,True,,,MISS
87,abrupt_collapse_dynamic,rolling_variance,True,101,699,EARLY_WARNING
88,stable_dynamic,gv_recoverability,False,,,QUIET
88,stable_dynamic,rolling_z_score,False,,,QUIET
88,stable_dynamic,rolling_variance,False,101,699,FALSE_POSITIVE
88,noisy_dynamic_recoverable,gv_recoverability,False,,,QUIET
88,noisy_dynamic_recoverable,rolling_z_score,False,,,QUIET
88,noisy_dynamic_recoverable,rolling_variance,False,101,699,FALSE_POSITIVE
88,critical_slowing_dynamic,gv_recoverability,True,800,0,MISS
88,critical_slowing_dynamic,rolling_z_score,True,,,MISS
88,critical_slowing_dynamic,rolling_variance,True,101,699,EARLY_WARNING
88,abrupt_collapse_dynamic,gv_recoverability,True,820,-20,MISS
88,abrupt_collapse_dynamic,rolling_z_score,True,,,MISS
88,abrupt_collapse_dynamic,rolling_variance,True,101,699,EARLY_WARNING
89,stable_dynamic,gv_recoverability,False,,,QUIET
89,stable_dynamic,rolling_z_score,False,,,QUIET
89,stable_dynamic,rolling_variance,False,101,699,FALSE_POSITIVE
89,noisy_dynamic_recoverable,gv_recoverability,False,,,QUIET
89,noisy_dynamic_recoverable,rolling_z_score,False,,,QUIET
89,noisy_dynamic_recoverable,rolling_variance,False,101,699,FALSE_POSITIVE
89,critical_slowing_dynamic,gv_recoverability,True,780,20,EARLY_WARNING
89,critical_slowing_dynamic,rolling_z_score,True,,,MISS
89,critical_slowing_dynamic,rolling_variance,True,101,699,EARLY_WARNING
89,abrupt_collapse_dynamic,gv_recoverability,True,840,-40,MISS
89,abrupt_collapse_dynamic,rolling_z_score,True,,,MISS
89,abrupt_collapse_dynamic,rolling_variance,True,101,699,EARLY_WARNING
90,stable_dynamic,gv_recoverability,False,,,QUIET
90,stable_dynamic,rolling_z_score,False,,,QUIET
90,stable_dynamic,rolling_variance,False,101,699,FALSE_POSITIVE
90,noisy_dynamic_recoverable,gv_recoverability,False,,,QUIET
90,noisy_dynamic_recoverable,rolling_z_score,False,,,QUIET
90,noisy_dynamic_recoverable,rolling_variance,False,101,699,FALSE_POSITIVE
90,critical_slowing_dynamic,gv_recoverability,True,800,0,MISS
90,critical_slowing_dynamic,rolling_z_score,True,,,MISS
90,critical_slowing_dynamic,rolling_variance,True,101,699,EARLY_WARNING
90,abrupt_collapse_dynamic,gv_recoverability,True,840,-40,MISS
90,abrupt_collapse_dynamic,rolling_z_score,True,,,MISS
90,abrupt_collapse_dynamic,rolling_variance,True,101,699,EARLY_WARNING
91,stable_dynamic,gv_recoverability,False,,,QUIET
91,stable_dynamic,rolling_z_score,False,,,QUIET
91,stable_dynamic,rolling_variance,False,101,699,FALSE_POSITIVE
91,noisy_dynamic_recoverable,gv_recoverability,False,,,QUIET
91,noisy_dynamic_recoverable,rolling_z_score,False,,,QUIET
91,noisy_dynamic_recoverable,rolling_variance,False,101,699,FALSE_POSITIVE
91,critical_slowing_dynamic,gv_recoverability,True,780,20,EARLY_WARNING
91,critical_slowing_dynamic,rolling_z_score,True,,,MISS
91,critical_slowing_dynamic,rolling_variance,True,101,699,EARLY_WARNING
91,abrupt_collapse_dynamic,gv_recoverability,True,840,-40,MISS
91,abrupt_collapse_dynamic,rolling_z_score,True,,,MISS
91,abrupt_collapse_dynamic,rolling_variance,True,101,699,EARLY_WARNING
92,stable_dynamic,gv_recoverability,False,,,QUIET
92,stable_dynamic,rolling_z_score,False,,,QUIET
92,stable_dynamic,rolling_variance,False,101,699,FALSE_POSITIVE
92,noisy_dynamic_recoverable,gv_recoverability,False,,,QUIET
92,noisy_dynamic_recoverable,rolling_z_score,False,,,QUIET
92,noisy_dynamic_recoverable,rolling_variance,False,101,699,FALSE_POSITIVE
92,critical_slowing_dynamic,gv_recoverability,True,780,20,EARLY_WARNING
92,critical_slowing_dynamic,rolling_z_score,True,,,MISS
92,critical_slowing_dynamic,rolling_variance,True,101,699,EARLY_WARNING
92,abrupt_collapse_dynamic,gv_recoverability,True,820,-20,MISS
92,abrupt_collapse_dynamic,rolling_z_score,True,,,MISS
92,abrupt_collapse_dynamic,rolling_variance,True,101,699,EARLY_WARNING
93,stable_dynamic,gv_recoverability,False,,,QUIET
93,stable_dynamic,rolling_z_score,False,,,QUIET
93,stable_dynamic,rolling_variance,False,101,699,FALSE_POSITIVE
93,noisy_dynamic_recoverable,gv_recoverability,False,,,QUIET
93,noisy_dynamic_recoverable,rolling_z_score,False,,,QUIET
93,noisy_dynamic_recoverable,rolling_variance,False,101,699,FALSE_POSITIVE
93,critical_slowing_dynamic,gv_recoverability,True,780,20,EARLY_WARNING
93,critical_slowing_dynamic,rolling_z_score,True,,,MISS
93,critical_slowing_dynamic,rolling_variance,True,101,699,EARLY_WARNING
93,abrupt_collapse_dynamic,gv_recoverability,True,840,-40,MISS
93,abrupt_collapse_dynamic,rolling_z_score,True,,,MISS
93,abrupt_collapse_dynamic,rolling_variance,True,101,699,EARLY_WARNING
94,stable_dynamic,gv_recoverability,False,,,QUIET
94,stable_dynamic,rolling_z_score,False,,,QUIET
94,stable_dynamic,rolling_variance,False,101,699,FALSE_POSITIVE
94,noisy_dynamic_recoverable,gv_recoverability,False,,,QUIET
94,noisy_dynamic_recoverable,rolling_z_score,False,,,QUIET
94,noisy_dynamic_recoverable,rolling_variance,False,101,699,FALSE_POSITIVE
94,critical_slowing_dynamic,gv_recoverability,True,800,0,MISS
94,critical_slowing_dynamic,rolling_z_score,True,,,MISS
94,critical_slowing_dynamic,rolling_variance,True,101,699,EARLY_WARNING
94,abrupt_collapse_dynamic,gv_recoverability,True,840,-40,MISS
94,abrupt_collapse_dynamic,rolling_z_score,True,,,MISS
94,abrupt_collapse_dynamic,rolling_variance,True,101,699,EARLY_WARNING
95,stable_dynamic,gv_recoverability,False,,,QUIET
95,stable_dynamic,rolling_z_score,False,,,QUIET
95,stable_dynamic,rolling_variance,False,101,699,FALSE_POSITIVE
95,noisy_dynamic_recoverable,gv_recoverability,False,,,QUIET
95,noisy_dynamic_recoverable,rolling_z_score,False,,,QUIET
95,noisy_dynamic_recoverable,rolling_variance,False,101,699,FALSE_POSITIVE
95,critical_slowing_dynamic,gv_recoverability,True,800,0,MISS
95,critical_slowing_dynamic,rolling_z_score,True,,,MISS
95,critical_slowing_dynamic,rolling_variance,True,101,699,EARLY_WARNING
95,abrupt_collapse_dynamic,gv_recoverability,True,820,-20,MISS
95,abrupt_collapse_dynamic,rolling_z_score,True,,,MISS
95,abrupt_collapse_dynamic,rolling_variance,True,101,699,EARLY_WARNING
96,stable_dynamic,gv_recoverability,False,,,QUIET
96,stable_dynamic,rolling_z_score,False,,,QUIET
96,stable_dynamic,rolling_variance,False,101,699,FALSE_POSITIVE
96,noisy_dynamic_recoverable,gv_recoverability,False,,,QUIET
96,noisy_dynamic_recoverable,rolling_z_score,False,,,QUIET
96,noisy_dynamic_recoverable,rolling_variance,False,101,699,FALSE_POSITIVE
96,critical_slowing_dynamic,gv_recoverability,True,760,40,EARLY_WARNING
96,critical_slowing_dynamic,rolling_z_score,True,,,MISS
96,critical_slowing_dynamic,rolling_variance,True,101,699,EARLY_WARNING
96,abrupt_collapse_dynamic,gv_recoverability,True,840,-40,MISS
96,abrupt_collapse_dynamic,rolling_z_score,True,,,MISS
96,abrupt_collapse_dynamic,rolling_variance,True,101,699,EARLY_WARNING
97,stable_dynamic,gv_recoverability,False,,,QUIET
97,stable_dynamic,rolling_z_score,False,,,QUIET
97,stable_dynamic,rolling_variance,False,101,699,FALSE_POSITIVE
97,noisy_dynamic_recoverable,gv_recoverability,False,,,QUIET
97,noisy_dynamic_recoverable,rolling_z_score,False,,,QUIET
97,noisy_dynamic_recoverable,rolling_variance,False,101,699,FALSE_POSITIVE
97,critical_slowing_dynamic,gv_recoverability,True,780,20,EARLY_WARNING
97,critical_slowing_dynamic,rolling_z_score,True,,,MISS
97,critical_slowing_dynamic,rolling_variance,True,101,699,EARLY_WARNING
97,abrupt_collapse_dynamic,gv_recoverability,True,840,-40,MISS
97,abrupt_collapse_dynamic,rolling_z_score,True,,,MISS
97,abrupt_collapse_dynamic,rolling_variance,True,101,699,EARLY_WARNING
98,stable_dynamic,gv_recoverability,False,,,QUIET
98,stable_dynamic,rolling_z_score,False,,,QUIET
98,stable_dynamic,rolling_variance,False,101,699,FALSE_POSITIVE
98,noisy_dynamic_recoverable,gv_recoverability,False,,,QUIET
98,noisy_dynamic_recoverable,rolling_z_score,False,,,QUIET
98,noisy_dynamic_recoverable,rolling_variance,False,101,699,FALSE_POSITIVE
98,critical_slowing_dynamic,gv_recoverability,True,760,40,EARLY_WARNING
98,critical_slowing_dynamic,rolling_z_score,True,,,MISS
98,critical_slowing_dynamic,rolling_variance,True,101,699,EARLY_WARNING
98,abrupt_collapse_dynamic,gv_recoverability,True,840,-40,MISS
98,abrupt_collapse_dynamic,rolling_z_score,True,,,MISS
98,abrupt_collapse_dynamic,rolling_variance,True,101,699,EARLY_WARNING
99,stable_dynamic,gv_recoverability,False,,,QUIET
99,stable_dynamic,rolling_z_score,False,,,QUIET
99,stable_dynamic,rolling_variance,False,101,699,FALSE_POSITIVE
99,noisy_dynamic_recoverable,gv_recoverability,False,,,QUIET
99,noisy_dynamic_recoverable,rolling_z_score,False,,,QUIET
99,noisy_dynamic_recoverable,rolling_variance,False,101,699,FALSE_POSITIVE
99,critical_slowing_dynamic,gv_recoverability,True,780,20,EARLY_WARNING
99,critical_slowing_dynamic,rolling_z_score,True,,,MISS
99,critical_slowing_dynamic,rolling_variance,True,101,699,EARLY_WARNING
99,abrupt_collapse_dynamic,gv_recoverability,True,840,-40,MISS
99,abrupt_collapse_dynamic,rolling_z_score,True,,,MISS
99,abrupt_collapse_dynamic,rolling_variance,True,101,699,EARLY_WARNING
100,stable_dynamic,gv_recoverability,False,,,QUIET
100,stable_dynamic,rolling_z_score,False,,,QUIET
100,stable_dynamic,rolling_variance,False,101,699,FALSE_POSITIVE
100,noisy_dynamic_recoverable,gv_recoverability,False,,,QUIET
100,noisy_dynamic_recoverable,rolling_z_score,False,,,QUIET
100,noisy_dynamic_recoverable,rolling_variance,False,101,699,FALSE_POSITIVE
100,critical_slowing_dynamic,gv_recoverability,True,780,20,EARLY_WARNING
100,critical_slowing_dynamic,rolling_z_score,True,,,MISS
100,critical_slowing_dynamic,rolling_variance,True,101,699,EARLY_WARNING
100,abrupt_collapse_dynamic,gv_recoverability,True,840,-40,MISS
100,abrupt_collapse_dynamic,rolling_z_score,True,,,MISS
100,abrupt_collapse_dynamic,rolling_variance,True,101,699,EARLY_WARNING
