agent,step,fitness,state,truth,constraint,correction,coherence,survivability
rigid_continuity,0,0.454257,1.0,1.0,1.0,1.0,1.0,0.80899
rigid_continuity,1,0.442377,0.98752,0.98752,0.98752,0.98752,0.98752,0.79672
rigid_continuity,2,0.451982,0.996919,0.996941,0.996941,0.996919,0.99692,0.8062
rigid_continuity,3,0.463869,1.0,1.0,1.0,1.0,1.0,0.812354
rigid_continuity,4,0.441057,0.976588,0.976588,0.976588,0.976588,0.976588,0.789152
rigid_continuity,5,0.42603,0.961699,0.96174,0.96174,0.961699,0.961702,0.774232
rigid_continuity,6,0.428164,0.964439,0.964546,0.964546,0.964439,0.964447,0.776787
rigid_continuity,7,0.42497,0.961765,0.96193,0.96193,0.961765,0.961777,0.773954
rigid_continuity,8,0.425368,0.962768,0.962994,0.962994,0.962768,0.962785,0.77477
rigid_continuity,9,0.415731,0.953704,0.953988,0.953988,0.953704,0.953725,0.765529
rigid_continuity,10,0.426884,0.965715,0.966071,0.966071,0.965715,0.965742,0.777269
rigid_continuity,11,0.436818,0.976128,0.976532,0.976532,0.976128,0.976159,0.787534
rigid_continuity,12,0.43821,0.977673,0.978105,0.978105,0.977673,0.977705,0.789037
rigid_continuity,13,0.452337,0.991903,0.99236,0.99236,0.991903,0.991937,0.803241
rigid_continuity,14,0.458547,0.997768,0.998224,0.998224,0.997768,0.997802,0.809227
rigid_continuity,15,0.448836,0.987527,0.987972,0.987972,0.987527,0.98756,0.799166
rigid_continuity,16,0.453861,0.992345,0.992797,0.992797,0.992345,0.992379,0.804059
rigid_continuity,17,0.442954,0.981079,0.98153,0.98153,0.981079,0.981113,0.792919
rigid_continuity,18,0.454095,0.992217,0.992685,0.992685,0.992217,0.992252,0.804065
rigid_continuity,19,0.454096,0.991863,0.992329,0.992329,0.991863,0.991898,0.803835
rigid_continuity,20,0.452478,0.989901,0.990366,0.990366,0.989901,0.989936,0.801992
rigid_continuity,21,0.444907,0.982048,0.982515,0.982515,0.982048,0.982083,0.794239
rigid_continuity,22,0.460177,0.997284,0.997767,0.997767,0.997284,0.99732,0.809493
rigid_continuity,23,0.458923,0.995515,0.995987,0.995987,0.995515,0.99555,0.8079
rigid_continuity,24,0.454383,0.990516,0.99098,0.99098,0.990516,0.990551,0.803059
rigid_continuity,25,0.450757,0.986589,0.987055,0.987055,0.986589,0.986624,0.799238
rigid_continuity,26,0.457745,0.9934,0.993873,0.993873,0.9934,0.993435,0.806113
rigid_continuity,27,0.46273,0.997993,0.998462,0.998462,0.997993,0.998028,0.810842
rigid_continuity,28,0.468283,1.0,1.0,1.0,1.0,1.0,0.813899
rigid_continuity,29,0.474053,1.0,1.0,1.0,1.0,1.0,0.815919
rigid_continuity,30,0.500353,1.0,1.0,1.0,1.0,1.0,0.825123
rigid_continuity,31,0.496076,0.995123,0.995123,0.995123,0.995123,0.995123,0.820457
rigid_continuity,32,0.490529,0.98913,0.989138,0.989138,0.98913,0.98913,0.814623
rigid_continuity,33,0.481364,0.979707,0.979734,0.979734,0.979707,0.979709,0.805298
rigid_continuity,34,0.489355,0.987738,0.9878,0.9878,0.987738,0.987743,0.813329
rigid_continuity,35,0.503503,1.0,1.0,1.0,1.0,1.0,0.826226
rigid_continuity,36,0.502736,0.998633,0.998633,0.998633,0.998633,0.998633,0.825069
rigid_continuity,37,0.493254,0.988594,0.988596,0.988596,0.988594,0.988594,0.815226
rigid_continuity,38,0.48396,0.979059,0.979082,0.979082,0.979059,0.979061,0.805784
rigid_continuity,39,0.492367,0.987526,0.987584,0.987584,0.987526,0.98753,0.814244
rigid_continuity,40,0.501886,0.996838,0.996916,0.996916,0.996838,0.996844,0.823637
rigid_continuity,41,0.509004,1.0,1.0,1.0,1.0,1.0,0.828151
rigid_continuity,42,0.501618,0.992014,0.992014,0.992014,0.992014,0.992014,0.820375
rigid_continuity,43,0.505004,0.995051,0.995065,0.995065,0.995051,0.995052,0.82354
rigid_continuity,44,0.507004,0.996607,0.99663,0.99663,0.996607,0.996609,0.825255
rigid_continuity,45,0.510228,0.999339,0.999366,0.999366,0.999339,0.999341,0.828161
rigid_continuity,46,0.521286,1.0,1.0,1.0,1.0,1.0,0.83245
rigid_continuity,47,0.524569,1.0,1.0,1.0,1.0,1.0,0.833599
rigid_continuity,48,0.533316,1.0,1.0,1.0,1.0,1.0,0.83666
rigid_continuity,49,0.534727,1.0,1.0,1.0,1.0,1.0,0.837154
rigid_continuity,50,0.538796,1.0,1.0,1.0,1.0,1.0,0.838579
rigid_continuity,51,0.546972,1.0,1.0,1.0,1.0,1.0,0.84144
rigid_continuity,52,0.530086,0.982514,0.982514,0.982514,0.982514,0.982514,0.824164
rigid_continuity,53,0.52685,0.979229,0.979259,0.979259,0.979229,0.979231,0.820909
rigid_continuity,54,0.521805,0.974239,0.974305,0.974305,0.974239,0.974244,0.815914
rigid_continuity,55,0.514739,0.967384,0.967492,0.967492,0.967384,0.967392,0.809002
rigid_continuity,56,0.512037,0.965109,0.965272,0.965272,0.965109,0.965122,0.8066
rigid_continuity,57,0.530576,0.984148,0.984366,0.984366,0.984148,0.984164,0.825486
rigid_continuity,58,0.520786,0.974257,0.974496,0.974496,0.974257,0.974275,0.815639
rigid_continuity,59,0.533006,0.986687,0.986963,0.986963,0.986687,0.986708,0.828011
rigid_continuity,60,0.548411,0.939794,0.966332,0.966235,0.965556,0.949816,0.818272
rigid_continuity,61,0.544992,0.937672,0.963433,0.963339,0.962623,0.947392,0.815234
rigid_continuity,62,0.547546,0.941588,0.966602,0.966511,0.965753,0.951018,0.818228
rigid_continuity,63,0.55518,0.950463,0.974747,0.974659,0.973867,0.95961,0.826235
rigid_continuity,64,0.564315,0.960558,0.984121,0.984037,0.983224,0.969428,0.835568
rigid_continuity,65,0.574435,0.971321,0.994169,0.994088,0.993273,0.979918,0.845686
rigid_continuity,66,0.57085,0.968039,0.990178,0.9901,0.9893,0.976368,0.841885
rigid_continuity,67,0.565902,0.963498,0.984957,0.984881,0.984089,0.971568,0.836803
rigid_continuity,68,0.576798,0.974944,0.995753,0.995679,0.994886,0.982766,0.847675
rigid_continuity,69,0.575102,0.973437,0.993598,0.993527,0.992751,0.981015,0.845725
rigid_continuity,70,0.560394,0.958966,0.978503,0.978434,0.977672,0.966308,0.830807
rigid_continuity,71,0.547395,0.946659,0.965618,0.965552,0.964775,0.953779,0.817916
rigid_continuity,72,0.536961,0.937306,0.955728,0.955664,0.954852,0.944216,0.807864
rigid_continuity,73,0.543527,0.945246,0.963166,0.963104,0.96224,0.951957,0.81502
rigid_continuity,74,0.545836,0.94868,0.9661,0.96604,0.965138,0.955195,0.817761
rigid_continuity,75,0.554722,0.958583,0.975513,0.975455,0.974522,0.964906,0.827015
rigid_continuity,76,0.550195,0.95476,0.9712,0.971144,0.970198,0.960895,0.822656
rigid_continuity,77,0.552697,0.958088,0.97406,0.974006,0.973039,0.964041,0.825417
rigid_continuity,78,0.560804,0.966915,0.98243,0.982377,0.981395,0.972691,0.833721
rigid_continuity,79,0.557692,0.964245,0.979302,0.979251,0.978269,0.969847,0.830628
rigid_continuity,80,0.563774,0.970853,0.985471,0.985422,0.984435,0.976286,0.836793
rigid_continuity,81,0.556431,0.963828,0.978011,0.977964,0.976982,0.969096,0.829403
rigid_continuity,82,0.552674,0.960611,0.974386,0.97434,0.973351,0.965722,0.825756
rigid_continuity,83,0.548693,0.95727,0.970656,0.970612,0.969609,0.962231,0.821961
rigid_continuity,84,0.534943,0.944266,0.957282,0.957239,0.956216,0.949082,0.808475
rigid_continuity,85,0.541387,0.951866,0.964546,0.964505,0.963439,0.956547,0.815466
rigid_continuity,86,0.536354,0.947749,0.960092,0.960052,0.958958,0.952297,0.810826
rigid_continuity,87,0.537104,0.949545,0.961569,0.96153,0.960401,0.953965,0.812063
rigid_continuity,88,0.543473,0.956903,0.968616,0.968578,0.967417,0.961199,0.818887
rigid_continuity,89,0.549431,0.963619,0.975018,0.974981,0.973802,0.967792,0.82515
rigid_continuity,90,0.558016,0.97275,0.983833,0.983798,0.982612,0.976801,0.833904
rigid_continuity,91,0.557434,0.972426,0.983189,0.983155,0.981978,0.976356,0.833303
rigid_continuity,92,0.552954,0.968215,0.978668,0.978635,0.977466,0.972028,0.828817
rigid_continuity,93,0.552598,0.96826,0.978421,0.978389,0.977219,0.97196,0.82855
rigid_continuity,94,0.53295,0.949012,0.95889,0.95886,0.957689,0.952604,0.808996
rigid_continuity,95,0.516184,0.933252,0.942892,0.942862,0.941656,0.936747,0.792738
rigid_continuity,96,0.500912,0.919483,0.928918,0.92889,0.927622,0.922888,0.778313
rigid_continuity,97,0.489545,0.910052,0.919315,0.919287,0.917934,0.913376,0.768089
rigid_continuity,98,0.494942,0.917683,0.926795,0.926768,0.925317,0.920931,0.774833
rigid_continuity,99,0.484676,0.90941,0.918363,0.918337,0.916804,0.912582,0.765756
rigid_continuity,100,0.480739,0.907725,0.91654,0.916515,0.914886,0.910825,0.763185
rigid_continuity,101,0.496929,0.926223,0.934905,0.934881,0.933158,0.929253,0.780782
rigid_continuity,102,0.493254,0.924272,0.932795,0.932771,0.930989,0.927228,0.778123
rigid_continuity,103,0.502704,0.935507,0.943879,0.943857,0.942013,0.938393,0.788635
rigid_continuity,104,0.492101,0.926335,0.934542,0.93452,0.932636,0.929148,0.778858
rigid_continuity,105,0.490236,0.926191,0.934253,0.934232,0.932292,0.928935,0.778017
rigid_continuity,106,0.479435,0.917115,0.925039,0.925019,0.923025,0.919794,0.768247
rigid_continuity,107,0.475967,0.915658,0.923463,0.923443,0.921381,0.918274,0.766004
rigid_continuity,108,0.486651,0.928398,0.936092,0.936073,0.933942,0.930955,0.777947
rigid_continuity,109,0.466523,0.909926,0.917489,0.91747,0.915295,0.912421,0.758811
rigid_continuity,110,0.472336,0.917976,0.925445,0.925428,0.923176,0.920416,0.76601
rigid_continuity,111,0.475789,0.923413,0.930777,0.93076,0.928449,0.925797,0.77068
rigid_continuity,112,0.469259,0.918696,0.925949,0.925932,0.923573,0.921023,0.765255
rigid_continuity,113,0.452506,0.903904,0.911058,0.911042,0.908627,0.906178,0.749709
rigid_continuity,114,0.453972,0.907797,0.914881,0.914866,0.912371,0.910022,0.752697
rigid_continuity,115,0.448218,0.904347,0.911358,0.911343,0.908778,0.906524,0.748385
rigid_continuity,116,0.45161,0.910152,0.917097,0.917083,0.914443,0.912283,0.753294
rigid_continuity,117,0.452472,0.913245,0.920116,0.920102,0.917401,0.915329,0.755552
rigid_continuity,118,0.472294,0.935199,0.941993,0.94198,0.939224,0.937236,0.776705
rigid_continuity,119,0.470021,0.934368,0.94105,0.941037,0.938266,0.936355,0.7753
rigid_continuity,120,0.458339,0.924153,0.930728,0.930715,0.927929,0.926091,0.764506
rigid_continuity,121,0.461091,0.928694,0.935183,0.93517,0.93235,0.930586,0.768363
rigid_continuity,122,0.464331,0.93358,0.939978,0.939966,0.937121,0.935427,0.772615
rigid_continuity,123,0.481241,0.951982,0.958284,0.958272,0.955412,0.953785,0.790436
rigid_continuity,124,0.491862,0.963516,0.969692,0.969681,0.966838,0.965271,0.801579
rigid_continuity,125,0.496745,0.968948,0.974982,0.974972,0.972165,0.970654,0.806741
rigid_continuity,126,0.514904,0.987486,0.993374,0.993363,0.990601,0.989143,0.825068
rigid_continuity,127,0.501239,0.973615,0.979329,0.979319,0.976632,0.975221,0.81118
rigid_continuity,128,0.494162,0.966769,0.972339,0.972329,0.969691,0.968329,0.804177
rigid_continuity,129,0.483643,0.956697,0.96214,0.962131,0.959527,0.958214,0.79388
rigid_continuity,130,0.514565,0.926265,0.957851,0.957745,0.954768,0.937874,0.80022
rigid_continuity,131,0.498645,0.912067,0.942732,0.94263,0.939673,0.923327,0.784882
rigid_continuity,132,0.506867,0.922459,0.952258,0.952159,0.949195,0.933386,0.794005
rigid_continuity,133,0.5048,0.922235,0.951179,0.951083,0.948129,0.932837,0.792636
rigid_continuity,134,0.487751,0.907035,0.935153,0.93506,0.932113,0.917321,0.776304
rigid_continuity,135,0.476164,0.897776,0.925122,0.925033,0.922065,0.907764,0.765774
rigid_continuity,136,0.480526,0.904759,0.931374,0.931287,0.928282,0.91446,0.771405
rigid_continuity,137,0.491183,0.917816,0.943713,0.94363,0.940598,0.927238,0.783196
rigid_continuity,138,0.515744,0.944366,0.969545,0.969465,0.96643,0.953512,0.808628
rigid_continuity,139,0.551311,0.981085,1.0,1.0,1.0,0.988309,0.84179
rigid_continuity,140,0.556883,0.986653,1.0,1.0,1.0,0.991751,0.844084
rigid_continuity,141,0.545609,0.975199,0.988126,0.988126,0.988126,0.980136,0.832446
rigid_continuity,142,0.520624,0.950396,0.962936,0.962936,0.962915,0.955183,0.807348
rigid_continuity,143,0.524437,0.955171,0.967381,0.967381,0.967296,0.959823,0.811582
rigid_continuity,144,0.515282,0.946828,0.95871,0.95871,0.958571,0.951348,0.802753
rigid_continuity,145,0.510897,0.943518,0.955099,0.955099,0.954891,0.947914,0.798879
rigid_continuity,146,0.504152,0.937952,0.949246,0.949246,0.948967,0.942229,0.79272
rigid_continuity,147,0.503063,0.938217,0.949245,0.949245,0.948885,0.942381,0.792341
rigid_continuity,148,0.516455,0.952955,0.963724,0.963724,0.963287,0.95701,0.806443
rigid_continuity,149,0.518939,0.956322,0.966815,0.966815,0.966328,0.960264,0.80933
rigid_continuity,150,0.517635,0.955794,0.966014,0.966014,0.965485,0.959626,0.808364
rigid_continuity,151,0.505808,0.944759,0.954717,0.954717,0.954145,0.948484,0.796889
rigid_continuity,152,0.486311,0.926403,0.936126,0.936126,0.935493,0.930029,0.777986
rigid_continuity,153,0.481076,0.922885,0.932414,0.932414,0.931689,0.926423,0.773738
rigid_continuity,154,0.48103,0.924669,0.934016,0.934016,0.933195,0.928122,0.774759
rigid_continuity,155,0.502845,0.948257,0.957425,0.957425,0.956515,0.951628,0.797606
rigid_continuity,156,0.505009,0.95145,0.960404,0.960404,0.959448,0.954731,0.800305
rigid_continuity,157,0.517402,0.964772,0.973514,0.973514,0.972518,0.967965,0.81317
rigid_continuity,158,0.51201,0.959891,0.968403,0.968403,0.967392,0.962993,0.807973
rigid_continuity,159,0.498391,0.946935,0.955234,0.955234,0.9542,0.949951,0.794655
rigid_continuity,160,0.487409,0.937025,0.945141,0.945141,0.944062,0.939963,0.784255
rigid_continuity,161,0.479307,0.930306,0.938262,0.938262,0.937121,0.933171,0.776948
rigid_continuity,162,0.505448,0.958043,0.965857,0.965857,0.964643,0.96084,0.80403
rigid_continuity,163,0.496192,0.949508,0.957135,0.957135,0.9559,0.95223,0.795129
rigid_continuity,164,0.506854,0.96116,0.968623,0.968623,0.967351,0.963811,0.806332
rigid_continuity,165,0.496618,0.951549,0.958831,0.958831,0.957545,0.954127,0.796393
rigid_continuity,166,0.508397,0.964254,0.971378,0.971378,0.970061,0.966765,0.808676
rigid_continuity,167,0.513617,0.969999,0.97695,0.97695,0.975623,0.972441,0.814133
rigid_continuity,168,0.512337,0.969064,0.975836,0.975836,0.974512,0.971437,0.812973
rigid_continuity,169,0.512448,0.96955,0.976151,0.976151,0.974825,0.971856,0.813226
rigid_continuity,170,0.50519,0.962652,0.969086,0.969086,0.967761,0.964893,0.806105
rigid_continuity,171,0.511143,0.969181,0.975467,0.975467,0.974129,0.971362,0.812342
rigid_continuity,172,0.506284,0.964692,0.970823,0.970823,0.969484,0.966812,0.807632
rigid_continuity,173,0.492176,0.951097,0.957086,0.957086,0.955738,0.95316,0.793773
rigid_continuity,174,0.477441,0.937302,0.943177,0.943177,0.941797,0.939314,0.779576
rigid_continuity,175,0.480112,0.941348,0.947138,0.947138,0.945702,0.943314,0.783081
rigid_continuity,176,0.499661,0.962145,0.967845,0.967845,0.966361,0.964065,0.80338
rigid_continuity,177,0.502181,0.965257,0.970834,0.970834,0.969341,0.967126,0.806211
rigid_continuity,178,0.501357,0.964928,0.97038,0.97038,0.968883,0.966747,0.805634
rigid_continuity,179,0.505387,0.969462,0.974794,0.974794,0.973293,0.971233,0.809921
rigid_continuity,180,0.521659,0.986096,0.991305,0.991305,0.989806,0.987819,0.826355
rigid_continuity,181,0.524892,0.989167,0.994226,0.994226,0.99276,0.990837,0.8294
rigid_continuity,182,0.520561,0.984577,0.989487,0.989487,0.988057,0.986197,0.824819
rigid_continuity,183,0.534436,0.998338,1.0,1.0,1.0,0.998973,0.83695
rigid_continuity,184,0.540181,1.0,1.0,1.0,1.0,1.0,0.839063
rigid_continuity,185,0.55921,1.0,1.0,1.0,1.0,1.0,0.845724
rigid_continuity,186,0.562009,1.0,1.0,1.0,1.0,1.0,0.846703
rigid_continuity,187,0.547916,0.985306,0.985306,0.985306,0.985306,0.985306,0.83222
rigid_continuity,188,0.532098,0.969351,0.969377,0.969377,0.969351,0.969353,0.816323
rigid_continuity,189,0.552509,0.990128,0.990206,0.990206,0.990128,0.990134,0.836993
rigid_continuity,190,0.573793,1.0,1.0,1.0,1.0,1.0,0.850827
rigid_continuity,191,0.572239,0.997846,0.997846,0.997846,0.997846,0.997846,0.848883
rigid_continuity,192,0.56824,0.993315,0.993319,0.993319,0.993315,0.993316,0.844541
rigid_continuity,193,0.586378,1.0,1.0,1.0,1.0,1.0,0.855232
rigid_continuity,194,0.573693,0.986715,0.986715,0.986715,0.986715,0.986715,0.842158
rigid_continuity,195,0.563556,0.976397,0.97642,0.97642,0.976397,0.976399,0.831912
rigid_continuity,196,0.571876,0.984861,0.984924,0.984924,0.984861,0.984865,0.840342
rigid_continuity,197,0.567741,0.980602,0.98069,0.98069,0.980602,0.980609,0.836137
rigid_continuity,198,0.56828,0.981152,0.981271,0.981271,0.981152,0.981161,0.836695
rigid_continuity,199,0.566918,0.979784,0.979932,0.979932,0.979784,0.979795,0.835342
rigid_continuity,200,0.606569,0.957354,0.98378,0.983684,0.983116,0.967348,0.849994
rigid_continuity,201,0.624059,0.975587,1.0,1.0,1.0,0.984911,0.866912
rigid_continuity,202,0.625746,0.977443,1.0,1.0,1.0,0.986058,0.867617
rigid_continuity,203,0.634073,0.985881,1.0,1.0,1.0,0.991274,0.871053
rigid_continuity,204,0.610071,0.961724,0.975398,0.975398,0.975398,0.966946,0.846688
rigid_continuity,205,0.610087,0.962345,0.975631,0.975631,0.975588,0.967414,0.846862
rigid_continuity,206,0.600568,0.953412,0.966323,0.966323,0.966238,0.958332,0.837497
rigid_continuity,207,0.586542,0.940254,0.952817,0.952817,0.952676,0.945034,0.823821
rigid_continuity,208,0.576604,0.931598,0.943848,0.943848,0.943629,0.936248,0.81452
rigid_continuity,209,0.573195,0.929743,0.941705,0.941705,0.941395,0.934271,0.811937
rigid_continuity,210,0.584786,0.942947,0.954635,0.954635,0.954232,0.947357,0.824399
rigid_continuity,211,0.569469,0.928828,0.940226,0.940226,0.939757,0.933118,0.80968
rigid_continuity,212,0.570436,0.931437,0.942581,0.942581,0.942022,0.935618,0.81155
rigid_continuity,213,0.565226,0.927787,0.93868,0.93868,0.938039,0.931859,0.807193
rigid_continuity,214,0.561894,0.926129,0.936787,0.936787,0.936058,0.930099,0.804797
rigid_continuity,215,0.574527,0.940489,0.950922,0.950922,0.950106,0.944359,0.818405
rigid_continuity,216,0.581585,0.948821,0.959011,0.959011,0.958135,0.952589,0.826138
rigid_continuity,217,0.598234,0.966482,0.976423,0.976423,0.975502,0.970147,0.843291
rigid_continuity,218,0.596979,0.965684,0.975353,0.975353,0.97442,0.969243,0.842171
rigid_continuity,219,0.589228,0.958414,0.967821,0.967821,0.966874,0.96187,0.834576
rigid_continuity,220,0.587142,0.957037,0.966205,0.966205,0.965231,0.960397,0.832806
rigid_continuity,221,0.590652,0.961301,0.970238,0.970238,0.969237,0.964568,0.836666
rigid_continuity,222,0.593371,0.964639,0.973347,0.973347,0.972325,0.967814,0.839649
rigid_continuity,223,0.580958,0.95274,0.96122,0.96122,0.960184,0.955825,0.827434
rigid_continuity,224,0.582644,0.955314,0.963596,0.963596,0.962524,0.958317,0.829574
rigid_continuity,225,0.585983,0.959461,0.967545,0.967545,0.966443,0.962382,0.833317
rigid_continuity,226,0.616792,0.990947,0.998834,0.998834,0.99771,0.993789,0.864446
rigid_continuity,227,0.639914,1.0,1.0,1.0,1.0,1.0,0.87397
rigid_continuity,228,0.630276,0.989761,0.989761,0.989761,0.989761,0.989761,0.863941
rigid_continuity,229,0.627427,0.986635,0.986653,0.986653,0.986635,0.986636,0.860919
rigid_continuity,230,0.610466,0.969495,0.969535,0.969535,0.969495,0.969498,0.843851
rigid_continuity,231,0.603977,0.963367,0.96346,0.96346,0.963367,0.963374,0.837618
rigid_continuity,232,0.608364,0.968308,0.968462,0.968462,0.968308,0.96832,0.842391
rigid_continuity,233,0.623435,0.983777,0.983981,0.983981,0.983777,0.983792,0.85774
rigid_continuity,234,0.615286,0.975539,0.975765,0.975765,0.975539,0.975556,0.849542
rigid_continuity,235,0.608036,0.96846,0.968721,0.968721,0.96846,0.968479,0.842418
rigid_continuity,236,0.582868,0.943686,0.943993,0.943993,0.943686,0.943709,0.817525
rigid_continuity,237,0.581516,0.943508,0.943903,0.943903,0.943508,0.943537,0.816972
rigid_continuity,238,0.569367,0.932538,0.93302,0.93302,0.932538,0.932574,0.805625
rigid_continuity,239,0.563614,0.92831,0.928894,0.928894,0.92831,0.928354,0.800904
rigid_continuity,240,0.553692,0.920046,0.920735,0.920735,0.920046,0.920098,0.792103
rigid_continuity,241,0.553161,0.921433,0.92224,0.92224,0.921433,0.921494,0.792867
rigid_continuity,242,0.532668,0.902815,0.903733,0.903733,0.902815,0.902884,0.773638
rigid_continuity,243,0.515663,0.888272,0.889329,0.889329,0.888272,0.888351,0.75829
rigid_continuity,244,0.541814,0.917343,0.91856,0.91856,0.917343,0.917434,0.786404
rigid_continuity,245,0.526965,0.904497,0.905819,0.905819,0.904497,0.904596,0.7729
rigid_continuity,246,0.514404,0.894344,0.895789,0.895789,0.894344,0.894452,0.761954
rigid_continuity,247,0.537047,0.919715,0.921297,0.921297,0.919715,0.919834,0.786426
rigid_continuity,248,0.572508,0.957105,0.958774,0.958774,0.957105,0.95723,0.823176
rigid_continuity,249,0.559049,0.944397,0.946086,0.946086,0.944397,0.944524,0.810214
rigid_continuity,250,0.55523,0.94173,0.94346,0.94346,0.94173,0.94186,0.80716
rigid_continuity,251,0.559929,0.947664,0.949439,0.949439,0.947664,0.947797,0.81268
rigid_continuity,252,0.581273,0.970057,0.971864,0.971864,0.970057,0.970193,0.834719
rigid_continuity,253,0.570031,0.959158,0.960957,0.960957,0.959158,0.959293,0.823697
rigid_continuity,254,0.567687,0.957501,0.959312,0.959312,0.957501,0.957637,0.821804
rigid_continuity,255,0.577615,0.968168,0.969993,0.969993,0.968168,0.968305,0.832218
rigid_continuity,256,0.583433,0.974388,0.976208,0.976208,0.974388,0.974524,0.838295
rigid_continuity,257,0.579519,0.970681,0.972485,0.972485,0.970681,0.970816,0.834509
rigid_continuity,258,0.578513,0.969998,0.971794,0.971794,0.969998,0.970133,0.83371
rigid_continuity,259,0.562614,0.954445,0.956233,0.956233,0.954445,0.954579,0.818033
reckless_discontinuity,0,0.452842,0.997142,0.997142,0.997142,0.997142,0.997142,0.806637
reckless_discontinuity,1,0.455345,0.993965,0.99397,0.99397,0.993965,0.993966,0.80545
reckless_discontinuity,2,0.463831,0.996794,0.996809,0.996809,0.996794,0.996795,0.810263
reckless_discontinuity,3,0.462867,0.990152,0.990173,0.990173,0.990152,0.990154,0.805611
reckless_discontinuity,4,0.474226,0.995879,0.995918,0.995918,0.995879,0.995882,0.813316
reckless_discontinuity,5,0.492078,1.0,1.0,1.0,1.0,1.0,0.822227
reckless_discontinuity,6,0.499644,1.0,1.0,1.0,1.0,1.0,0.824875
reckless_discontinuity,7,0.509565,1.0,1.0,1.0,1.0,1.0,0.828348
reckless_discontinuity,8,0.515903,1.0,1.0,1.0,1.0,1.0,0.830566
reckless_discontinuity,9,0.521604,1.0,1.0,1.0,1.0,1.0,0.832561
reckless_discontinuity,10,0.518645,0.991341,0.991341,0.991341,0.991341,0.991341,0.825898
reckless_discontinuity,11,0.528143,0.9952,0.995215,0.995215,0.9952,0.995201,0.831736
reckless_discontinuity,12,0.532675,0.994066,0.994089,0.994089,0.994066,0.994068,0.832589
reckless_discontinuity,13,0.563493,1.0,1.0,1.0,1.0,1.0,0.847223
reckless_discontinuity,14,0.588074,1.0,1.0,1.0,1.0,1.0,0.855826
reckless_discontinuity,15,0.598404,1.0,1.0,1.0,1.0,1.0,0.859441
reckless_discontinuity,16,0.594947,0.990843,0.990843,0.990843,0.990843,0.990843,0.85228
reckless_discontinuity,17,0.587298,0.977558,0.977574,0.977574,0.977558,0.97756,0.840974
reckless_discontinuity,18,0.607292,0.992009,0.992064,0.992064,0.992009,0.992013,0.857381
reckless_discontinuity,19,0.616145,0.995218,0.995287,0.995287,0.995218,0.995223,0.862571
reckless_discontinuity,20,0.627607,1.0,1.0,1.0,1.0,1.0,0.869662
reckless_discontinuity,21,0.612372,0.979065,0.979065,0.979065,0.979065,0.979065,0.850722
reckless_discontinuity,22,0.629201,0.990341,0.990377,0.990377,0.990341,0.990344,0.863957
reckless_discontinuity,23,0.640354,0.995861,0.995915,0.995915,0.995861,0.995865,0.871455
reckless_discontinuity,24,0.632729,0.982565,0.982625,0.982625,0.982565,0.98257,0.860147
reckless_discontinuity,25,0.63277,0.977029,0.977119,0.977119,0.977029,0.977036,0.856575
reckless_discontinuity,26,0.641635,0.980354,0.980484,0.980484,0.980354,0.980364,0.861855
reckless_discontinuity,27,0.647965,0.981122,0.981284,0.981284,0.981122,0.981134,0.864583
reckless_discontinuity,28,0.650159,0.977748,0.977942,0.977942,0.977748,0.977762,0.863171
reckless_discontinuity,29,0.654617,0.976662,0.976893,0.976893,0.976662,0.976679,0.86404
reckless_discontinuity,30,0.657293,0.973801,0.974071,0.974071,0.973801,0.973821,0.863133
reckless_discontinuity,31,0.664824,0.975815,0.976129,0.976129,0.975815,0.975839,0.867096
reckless_discontinuity,32,0.688182,0.993642,0.993996,0.993996,0.993642,0.993669,0.886875
reckless_discontinuity,33,0.663082,0.962887,0.963248,0.963248,0.962887,0.962914,0.858102
reckless_discontinuity,34,0.665939,0.960305,0.960728,0.960728,0.960305,0.960336,0.857449
reckless_discontinuity,35,0.673758,0.962701,0.96319,0.96319,0.962701,0.962737,0.86177
reckless_discontinuity,36,0.68301,0.966514,0.967064,0.967064,0.966514,0.966555,0.867511
reckless_discontinuity,37,0.684247,0.962285,0.962889,0.962889,0.962285,0.96233,0.865218
reckless_discontinuity,38,0.668866,0.941468,0.942133,0.942133,0.941468,0.941518,0.846328
reckless_discontinuity,39,0.678502,0.945814,0.946575,0.946575,0.945814,0.945871,0.852565
reckless_discontinuity,40,0.70493,0.966922,0.967771,0.967771,0.966922,0.966985,0.875571
reckless_discontinuity,41,0.692224,0.948747,0.949647,0.949647,0.948747,0.948814,0.85933
reckless_discontinuity,42,0.70829,0.959472,0.960453,0.960453,0.959472,0.959545,0.871958
reckless_discontinuity,43,0.710047,0.955813,0.956857,0.956857,0.955813,0.955891,0.87022
reckless_discontinuity,44,0.715011,0.955386,0.956498,0.956498,0.955386,0.95547,0.871708
reckless_discontinuity,45,0.708077,0.943064,0.944244,0.944244,0.943064,0.943152,0.861299
reckless_discontinuity,46,0.709763,0.939449,0.940719,0.940719,0.939449,0.939544,0.859576
reckless_discontinuity,47,0.731064,0.955473,0.956838,0.956838,0.955473,0.955576,0.877486
reckless_discontinuity,48,0.743756,0.962777,0.964207,0.964207,0.962777,0.962884,0.886702
reckless_discontinuity,49,0.770243,0.983825,0.985308,0.985308,0.983825,0.983936,0.909676
reckless_discontinuity,50,0.790072,0.998067,0.999566,0.999566,0.998067,0.99818,0.92588
reckless_discontinuity,51,0.801041,1.0,1.0,1.0,1.0,1.0,0.930364
reckless_discontinuity,52,0.827669,1.0,1.0,1.0,1.0,1.0,0.939684
reckless_discontinuity,53,0.838636,1.0,1.0,1.0,1.0,1.0,0.943523
reckless_discontinuity,54,0.854272,1.0,1.0,1.0,1.0,1.0,0.948995
reckless_discontinuity,55,0.856413,0.996441,0.996441,0.996441,0.996441,0.996441,0.947431
reckless_discontinuity,56,0.862912,0.997265,0.997271,0.997271,0.997265,0.997265,0.950244
reckless_discontinuity,57,0.860243,0.988915,0.988926,0.988926,0.988915,0.988915,0.943884
reckless_discontinuity,58,0.877818,1.0,1.0,1.0,1.0,1.0,0.957236
reckless_discontinuity,59,0.869378,0.98586,0.98586,0.98586,0.98586,0.98586,0.945092
reckless_discontinuity,60,1.0,0.73121,0.868244,0.854119,0.889692,0.783364,0.906263
reckless_discontinuity,61,1.0,0.730803,0.86711,0.853108,0.888177,0.782672,0.905537
reckless_discontinuity,62,1.0,0.746743,0.882327,0.868448,0.903014,0.798329,0.91544
reckless_discontinuity,63,1.0,0.757526,0.892367,0.87861,0.912704,0.808822,0.921983
reckless_discontinuity,64,1.0,0.781071,0.915157,0.90152,0.935163,0.832073,0.936817
reckless_discontinuity,65,1.0,0.791373,0.924669,0.911151,0.944386,0.84207,0.943029
reckless_discontinuity,66,0.986836,0.773969,0.906463,0.893063,0.925911,0.824358,0.92662
reckless_discontinuity,67,0.991732,0.774747,0.906478,0.893196,0.925626,0.824841,0.928369
reckless_discontinuity,68,0.983368,0.76226,0.893232,0.880066,0.912082,0.81206,0.916857
reckless_discontinuity,69,0.982849,0.757705,0.887947,0.874896,0.906478,0.80722,0.91326
reckless_discontinuity,70,1.0,0.777536,0.907063,0.894126,0.925268,0.826771,0.931705
reckless_discontinuity,71,1.0,0.786743,0.915526,0.902702,0.933441,0.83569,0.937231
reckless_discontinuity,72,0.997313,0.779849,0.907878,0.895167,0.92552,0.828505,0.931347
reckless_discontinuity,73,0.990848,0.769225,0.89652,0.883919,0.913877,0.817596,0.921726
reckless_discontinuity,74,0.996942,0.771234,0.897818,0.885328,0.914873,0.819328,0.924723
reckless_discontinuity,75,0.988043,0.758237,0.884114,0.871733,0.90087,0.806054,0.91272
reckless_discontinuity,76,0.985689,0.751876,0.877074,0.864802,0.89351,0.799426,0.907336
reckless_discontinuity,77,0.995133,0.757357,0.881894,0.869729,0.898,0.804646,0.913786
reckless_discontinuity,78,1.0,0.772919,0.896791,0.884732,0.912578,0.819946,0.925186
reckless_discontinuity,79,1.0,0.781813,0.904999,0.893046,0.920495,0.828573,0.930541
reckless_discontinuity,80,0.978205,0.755845,0.878335,0.866487,0.893556,0.802333,0.905603
reckless_discontinuity,81,0.987557,0.761207,0.883052,0.871307,0.897953,0.80744,0.911954
reckless_discontinuity,82,0.994121,0.763743,0.88494,0.873298,0.899532,0.809719,0.915492
reckless_discontinuity,83,1.0,0.770363,0.890913,0.879373,0.905202,0.816085,0.921446
reckless_discontinuity,84,1.0,0.791365,0.911262,0.899823,0.92526,0.836829,0.934689
reckless_discontinuity,85,0.980941,0.768067,0.88728,0.875941,0.901024,0.813265,0.912454
reckless_discontinuity,86,0.979548,0.762597,0.881173,0.869933,0.894624,0.807543,0.908011
reckless_discontinuity,87,0.992339,0.77135,0.889303,0.878162,0.902453,0.816049,0.917784
reckless_discontinuity,88,0.97906,0.753971,0.871293,0.860249,0.884156,0.798421,0.901445
reckless_discontinuity,89,1.0,0.773405,0.89013,0.879183,0.902679,0.817616,0.921026
reckless_discontinuity,90,1.0,0.779411,0.895512,0.88466,0.90778,0.823375,0.924539
reckless_discontinuity,91,1.0,0.791114,0.906585,0.895829,0.918585,0.83483,0.931754
reckless_discontinuity,92,0.998849,0.785725,0.900551,0.889889,0.912303,0.829188,0.927449
reckless_discontinuity,93,1.0,0.79699,0.911187,0.900618,0.922682,0.840206,0.934784
reckless_discontinuity,94,1.0,0.811233,0.924786,0.914309,0.936045,0.854196,0.943645
reckless_discontinuity,95,1.0,0.815349,0.928238,0.917853,0.939287,0.858055,0.945917
reckless_discontinuity,96,1.0,0.819454,0.931679,0.921385,0.942525,0.861903,0.948182
reckless_discontinuity,97,1.0,0.823962,0.935521,0.925317,0.946172,0.866153,0.950709
reckless_discontinuity,98,0.99534,0.814834,0.925725,0.91561,0.936188,0.856767,0.942741
reckless_discontinuity,99,0.99927,0.81436,0.924604,0.914578,0.934865,0.856041,0.943415
reckless_discontinuity,100,1.0,0.813829,0.923434,0.913495,0.93349,0.855262,0.942936
reckless_discontinuity,101,1.0,0.819733,0.928705,0.918853,0.938557,0.860919,0.946387
reckless_discontinuity,102,1.0,0.832993,0.941326,0.931561,0.950985,0.873931,0.954618
reckless_discontinuity,103,0.992998,0.82146,0.929137,0.919457,0.938625,0.862145,0.944276
reckless_discontinuity,104,0.997197,0.821209,0.928257,0.918662,0.937555,0.86165,0.945201
reckless_discontinuity,105,1.0,0.840238,0.946662,0.937151,0.955769,0.880436,0.958172
reckless_discontinuity,106,0.996777,0.832434,0.938206,0.928778,0.947156,0.872381,0.95158
reckless_discontinuity,107,0.99261,0.82374,0.92888,0.919534,0.937659,0.863442,0.944089
reckless_discontinuity,108,1.0,0.827401,0.93193,0.922666,0.940523,0.866866,0.948684
reckless_discontinuity,109,1.0,0.838742,0.942658,0.933475,0.951072,0.877969,0.955684
reckless_discontinuity,110,1.0,0.840008,0.943297,0.934194,0.951551,0.878993,0.95613
reckless_discontinuity,111,1.0,0.857075,0.959741,0.950718,0.967838,0.895819,0.966849
reckless_discontinuity,112,1.0,0.868357,0.970374,0.96143,0.978345,0.906854,0.973798
reckless_discontinuity,113,1.0,0.879381,0.980735,0.97187,0.988598,0.917626,0.980573
reckless_discontinuity,114,1.0,0.886874,0.987553,0.978765,0.995327,0.924864,0.985049
reckless_discontinuity,115,1.0,0.915598,1.0,1.0,1.0,0.947835,0.994783
reckless_discontinuity,116,1.0,0.913727,0.997538,0.997538,0.997538,0.945738,0.99322
reckless_discontinuity,117,0.981658,0.890289,0.973517,0.973517,0.973513,0.922076,0.971222
reckless_discontinuity,118,1.0,0.910308,0.993,0.993,0.992949,0.941885,0.990331
reckless_discontinuity,119,1.0,0.905443,0.987569,0.987569,0.987506,0.936802,0.986834
reckless_discontinuity,120,1.0,0.9074,0.988972,0.988972,0.988888,0.938545,0.987777
reckless_discontinuity,121,1.0,0.923762,1.0,1.0,1.0,0.952881,0.995288
reckless_discontinuity,122,0.986473,0.905069,0.980773,0.980773,0.980773,0.933983,0.978089
reckless_discontinuity,123,0.977153,0.890714,0.965921,0.965921,0.965888,0.919434,0.965199
reckless_discontinuity,124,0.963638,0.872263,0.947004,0.947004,0.946911,0.900798,0.948191
reckless_discontinuity,125,0.959808,0.863628,0.937938,0.937938,0.937753,0.891986,0.94097
reckless_discontinuity,126,0.970784,0.869858,0.943757,0.943757,0.943465,0.898046,0.948601
reckless_discontinuity,127,0.982774,0.877059,0.950539,0.950539,0.950151,0.905074,0.957217
reckless_discontinuity,128,0.991789,0.881235,0.954287,0.954287,0.953815,0.909076,0.962821
reckless_discontinuity,129,0.980536,0.865113,0.937734,0.937734,0.937185,0.89278,0.948137
reckless_discontinuity,130,0.977979,0.574198,0.78343,0.769305,0.804248,0.65425,0.838902
reckless_discontinuity,131,0.984331,0.577831,0.785977,0.771975,0.806271,0.65744,0.842791
reckless_discontinuity,132,0.98437,0.575125,0.782189,0.768309,0.801965,0.654293,0.840353
reckless_discontinuity,133,0.995582,0.583612,0.789607,0.775849,0.808864,0.662343,0.849109
reckless_discontinuity,134,1.0,0.59495,0.799871,0.786234,0.818626,0.673243,0.857339
reckless_discontinuity,135,1.0,0.599444,0.803281,0.789763,0.821554,0.677297,0.859572
reckless_discontinuity,136,1.0,0.61137,0.814124,0.800725,0.831925,0.688784,0.866637
reckless_discontinuity,137,1.0,0.616841,0.818501,0.805219,0.835852,0.693812,0.869503
reckless_discontinuity,138,1.0,0.625884,0.82645,0.813284,0.843362,0.702414,0.874692
reckless_discontinuity,139,0.997244,0.620046,0.819513,0.806462,0.836002,0.696134,0.869244
reckless_discontinuity,140,1.0,0.620551,0.818937,0.806,0.834995,0.696202,0.869857
reckless_discontinuity,141,1.0,0.625568,0.822882,0.810059,0.838511,0.700786,0.872443
reckless_discontinuity,142,1.0,0.638035,0.834278,0.821567,0.849488,0.712821,0.879874
reckless_discontinuity,143,1.0,0.635844,0.831004,0.818403,0.845817,0.710195,0.877773
reckless_discontinuity,144,1.0,0.644647,0.838736,0.826246,0.85315,0.718567,0.882826
reckless_discontinuity,145,1.0,0.643945,0.836957,0.824577,0.850988,0.717433,0.881698
reckless_discontinuity,146,1.0,0.645027,0.836973,0.824701,0.85062,0.718086,0.881737
reckless_discontinuity,147,1.0,0.657466,0.848354,0.836189,0.86162,0.7301,0.889162
reckless_discontinuity,148,0.981783,0.635947,0.825764,0.813706,0.838672,0.708152,0.868134
reckless_discontinuity,149,0.971926,0.622937,0.811731,0.799778,0.824244,0.694729,0.855585
reckless_discontinuity,150,0.959839,0.607791,0.795592,0.783744,0.807688,0.679178,0.840882
reckless_discontinuity,151,0.937536,0.582533,0.769377,0.757633,0.781031,0.653526,0.816047
reckless_discontinuity,152,0.935097,0.577316,0.763256,0.751614,0.774424,0.647931,0.811215
reckless_discontinuity,153,0.94979,0.589268,0.774321,0.762781,0.784997,0.65951,0.823547
reckless_discontinuity,154,0.952071,0.588724,0.772877,0.761438,0.783083,0.65859,0.823409
reckless_discontinuity,155,0.960145,0.593977,0.777238,0.765899,0.786975,0.663469,0.829071
reckless_discontinuity,156,0.978916,0.60989,0.792258,0.781018,0.801537,0.679009,0.845407
reckless_discontinuity,157,1.0,0.628553,0.810008,0.798866,0.818858,0.697294,0.864333
reckless_discontinuity,158,1.0,0.630323,0.81084,0.799796,0.819296,0.69868,0.86489
reckless_discontinuity,159,1.0,0.649154,0.828739,0.817791,0.836804,0.717128,0.876539
reckless_discontinuity,160,1.0,0.652715,0.831343,0.820491,0.839052,0.7203,0.878255
reckless_discontinuity,161,0.995651,0.645097,0.82277,0.812013,0.83013,0.712295,0.871183
reckless_discontinuity,162,0.994218,0.640449,0.817188,0.806525,0.824186,0.707265,0.867073
reckless_discontinuity,163,0.982152,0.625199,0.801021,0.790451,0.807651,0.69164,0.852359
reckless_discontinuity,164,0.977194,0.617165,0.792104,0.781627,0.79834,0.68324,0.844839
reckless_discontinuity,165,0.978598,0.615549,0.789627,0.779242,0.795455,0.681265,0.843728
reckless_discontinuity,166,0.993941,0.627883,0.801111,0.790817,0.80653,0.693243,0.856569
reckless_discontinuity,167,1.0,0.651137,0.8235,0.813296,0.828533,0.716138,0.873253
reckless_discontinuity,168,0.989114,0.636993,0.808459,0.798344,0.813147,0.701626,0.859685
reckless_discontinuity,169,0.999528,0.644248,0.814848,0.804822,0.819169,0.708523,0.867497
reckless_discontinuity,170,0.992741,0.634252,0.803982,0.794043,0.807949,0.698168,0.858074
reckless_discontinuity,171,1.0,0.642508,0.811394,0.801542,0.814989,0.706073,0.865443
reckless_discontinuity,172,1.0,0.643438,0.811471,0.801705,0.814711,0.70665,0.865507
reckless_discontinuity,173,0.983729,0.623963,0.79115,0.78147,0.794038,0.686825,0.846617
reckless_discontinuity,174,1.0,0.637735,0.804117,0.794521,0.806619,0.700258,0.860746
reckless_discontinuity,175,0.99844,0.633011,0.798571,0.789059,0.800712,0.695191,0.856606
reckless_discontinuity,176,0.997733,0.629173,0.793926,0.784498,0.795701,0.691015,0.853348
reckless_discontinuity,177,0.990596,0.618931,0.782892,0.773547,0.784294,0.680439,0.843684
reckless_discontinuity,178,0.988445,0.613748,0.776941,0.767677,0.777952,0.674929,0.839065
reckless_discontinuity,179,0.999279,0.621586,0.784027,0.774844,0.784641,0.682445,0.847463
reckless_discontinuity,180,1.0,0.621964,0.783646,0.774543,0.783878,0.6825,0.84747
reckless_discontinuity,181,1.0,0.628554,0.789483,0.78046,0.789335,0.688769,0.851266
reckless_discontinuity,182,1.0,0.635497,0.795668,0.786724,0.795152,0.69539,0.85529
reckless_discontinuity,183,1.0,0.653897,0.813304,0.804438,0.812434,0.713466,0.86676
reckless_discontinuity,184,1.0,0.652206,0.810824,0.802036,0.809634,0.711446,0.865162
reckless_discontinuity,185,0.987978,0.636918,0.794757,0.786046,0.793244,0.695833,0.850523
reckless_discontinuity,186,1.0,0.652267,0.80936,0.800725,0.807498,0.710864,0.864228
reckless_discontinuity,187,1.0,0.650723,0.80705,0.798491,0.804868,0.708999,0.862738
reckless_discontinuity,188,1.0,0.666543,0.822113,0.813629,0.819609,0.724501,0.87254
reckless_discontinuity,189,1.0,0.673478,0.82827,0.81986,0.825472,0.731112,0.876558
reckless_discontinuity,190,1.0,0.67419,0.828199,0.819863,0.82512,0.731501,0.87653
reckless_discontinuity,191,1.0,0.680656,0.833888,0.825624,0.83053,0.737645,0.880246
reckless_discontinuity,192,1.0,0.706303,0.858753,0.850562,0.855128,0.76297,0.896429
reckless_discontinuity,193,1.0,0.733283,0.884913,0.876793,0.881066,0.789618,0.913463
reckless_discontinuity,194,1.0,0.735982,0.886753,0.878704,0.882731,0.791977,0.914699
reckless_discontinuity,195,1.0,0.739753,0.889666,0.881688,0.885474,0.795408,0.916633
reckless_discontinuity,196,1.0,0.754489,0.903546,0.895638,0.899191,0.809806,0.925696
reckless_discontinuity,197,0.995552,0.74606,0.894242,0.886403,0.889748,0.801034,0.918138
reckless_discontinuity,198,1.0,0.751835,0.899165,0.891394,0.894517,0.806472,0.922936
reckless_discontinuity,199,1.0,0.753261,0.899736,0.892034,0.894945,0.807563,0.923352
reckless_discontinuity,200,1.0,0.494617,0.777253,0.755492,0.793792,0.60126,0.835744
reckless_discontinuity,201,0.9957,0.488155,0.769201,0.747631,0.785235,0.594169,0.829064
reckless_discontinuity,202,0.982325,0.472663,0.752146,0.730765,0.767664,0.578057,0.813351
reckless_discontinuity,203,0.963149,0.451478,0.729439,0.708245,0.744414,0.556265,0.791928
reckless_discontinuity,204,0.95544,0.441909,0.718398,0.697389,0.732795,0.546104,0.782091
reckless_discontinuity,205,0.955636,0.440312,0.715358,0.694533,0.729161,0.543923,0.780217
reckless_discontinuity,206,0.957818,0.440711,0.71433,0.693687,0.727539,0.543745,0.780345
reckless_discontinuity,207,0.986765,0.467873,0.740076,0.719614,0.752693,0.570333,0.807243
reckless_discontinuity,208,1.0,0.48487,0.755623,0.73534,0.767696,0.586748,0.822022
reckless_discontinuity,209,0.994155,0.476931,0.746216,0.72611,0.757777,0.578222,0.813908
reckless_discontinuity,210,1.0,0.484765,0.752609,0.732679,0.763645,0.585477,0.820152
reckless_discontinuity,211,1.0,0.483487,0.749889,0.730133,0.760414,0.583621,0.818429
reckless_discontinuity,212,1.0,0.48369,0.748665,0.729082,0.758679,0.583252,0.817677
reckless_discontinuity,213,1.0,0.489528,0.753088,0.733677,0.762592,0.588522,0.820594
reckless_discontinuity,214,1.0,0.500531,0.762679,0.743437,0.771684,0.598958,0.826872
reckless_discontinuity,215,1.0,0.499956,0.760684,0.741611,0.769211,0.597816,0.825622
reckless_discontinuity,216,1.0,0.516223,0.775544,0.756638,0.783593,0.613519,0.835327
reckless_discontinuity,217,0.991997,0.505906,0.763805,0.745064,0.771405,0.602635,0.824947
reckless_discontinuity,218,0.997773,0.509441,0.765948,0.747371,0.773081,0.605612,0.828408
reckless_discontinuity,219,1.0,0.544047,0.799168,0.780754,0.805841,0.639664,0.850827
reckless_discontinuity,220,1.0,0.549915,0.803602,0.785349,0.809877,0.644965,0.853768
reckless_discontinuity,221,1.0,0.570265,0.822519,0.804426,0.828407,0.664748,0.866125
reckless_discontinuity,222,1.0,0.574371,0.82517,0.807235,0.830706,0.668284,0.867915
reckless_discontinuity,223,1.0,0.58432,0.833669,0.815891,0.838861,0.677664,0.873508
reckless_discontinuity,224,1.0,0.586548,0.834443,0.816821,0.839307,0.679323,0.874081
reckless_discontinuity,225,1.0,0.587397,0.833847,0.816379,0.838387,0.679607,0.873764
reckless_discontinuity,226,0.996346,0.580932,0.825947,0.808632,0.830165,0.67258,0.86742
reckless_discontinuity,227,1.0,0.589029,0.832634,0.81547,0.836517,0.680123,0.873111
reckless_discontinuity,228,0.995482,0.581687,0.82388,0.806866,0.827443,0.672228,0.865907
reckless_discontinuity,229,1.0,0.592602,0.833408,0.816543,0.836638,0.682598,0.873746
reckless_discontinuity,230,1.0,0.608478,0.847889,0.831172,0.850805,0.697927,0.883226
reckless_discontinuity,231,1.0,0.615617,0.853618,0.837047,0.856248,0.704516,0.887022
reckless_discontinuity,232,1.0,0.614872,0.851464,0.835038,0.853819,0.703223,0.885696
reckless_discontinuity,233,1.0,0.623016,0.858211,0.841929,0.86029,0.710823,0.890154
reckless_discontinuity,234,1.0,0.621951,0.855748,0.839608,0.857564,0.709214,0.888627
reckless_discontinuity,235,1.0,0.635824,0.868237,0.852238,0.869787,0.722549,0.896818
reckless_discontinuity,236,0.983723,0.616396,0.847413,0.831554,0.848722,0.70258,0.877663
reckless_discontinuity,237,0.985396,0.615054,0.844721,0.829001,0.845754,0.700711,0.876567
reckless_discontinuity,238,0.967206,0.593859,0.82219,0.806607,0.822944,0.678993,0.855622
reckless_discontinuity,239,0.954965,0.578761,0.805805,0.790359,0.806242,0.663386,0.840746
reckless_discontinuity,240,0.977032,0.598076,0.82387,0.808559,0.823965,0.682204,0.860262
reckless_discontinuity,241,0.993474,0.611632,0.836154,0.820977,0.835939,0.695257,0.874059
reckless_discontinuity,242,0.99054,0.605717,0.828954,0.813909,0.828454,0.688836,0.868413
reckless_discontinuity,243,0.97821,0.590446,0.81242,0.797508,0.811625,0.673068,0.85341
reckless_discontinuity,244,0.948336,0.557739,0.778487,0.763705,0.777369,0.639873,0.820949
reckless_discontinuity,245,0.947514,0.554313,0.773903,0.759251,0.772406,0.635978,0.817719
reckless_discontinuity,246,0.982259,0.586478,0.804927,0.790402,0.803044,0.667679,0.850081
reckless_discontinuity,247,0.993177,0.594591,0.811852,0.797455,0.809641,0.675318,0.858451
reckless_discontinuity,248,0.992163,0.590714,0.806784,0.792512,0.804259,0.670966,0.854851
reckless_discontinuity,249,1.0,0.59916,0.814055,0.799909,0.81121,0.678942,0.862369
reckless_discontinuity,250,0.986968,0.583234,0.796951,0.782928,0.7938,0.662547,0.846739
reckless_discontinuity,251,0.989101,0.582584,0.79516,0.78126,0.791675,0.661438,0.846364
reckless_discontinuity,252,0.995994,0.586699,0.798146,0.784367,0.794327,0.665098,0.85076
reckless_discontinuity,253,1.0,0.588559,0.798879,0.785221,0.794734,0.666504,0.85268
reckless_discontinuity,254,1.0,0.600929,0.810128,0.79659,0.80566,0.678423,0.860035
reckless_discontinuity,255,1.0,0.607858,0.815925,0.802505,0.811157,0.684899,0.86385
reckless_discontinuity,256,1.0,0.618623,0.825556,0.812253,0.820498,0.695211,0.870158
reckless_discontinuity,257,0.99744,0.613032,0.818822,0.805636,0.813494,0.689166,0.864936
reckless_discontinuity,258,1.0,0.626515,0.831181,0.81811,0.825574,0.702201,0.873914
reckless_discontinuity,259,1.0,0.648677,0.852205,0.839249,0.846342,0.723912,0.887633
antifragile_transformer,0,0.443758,0.988358,0.988358,0.988358,0.988358,0.988358,0.797748
antifragile_transformer,1,0.438506,0.97793,0.97793,0.97793,0.97793,0.97793,0.789132
antifragile_transformer,2,0.459935,0.994384,0.994384,0.994384,0.994384,0.994384,0.807327
antifragile_transformer,3,0.463039,0.992196,0.992196,0.992196,0.992196,0.992196,0.806991
antifragile_transformer,4,0.485285,1.0,1.0,1.0,1.0,1.0,0.81985
antifragile_transformer,5,0.485375,0.99469,0.99469,0.99469,0.99469,0.99469,0.816429
antifragile_transformer,6,0.508235,1.0,1.0,1.0,1.0,1.0,0.827882
antifragile_transformer,7,0.515213,1.0,1.0,1.0,1.0,1.0,0.830325
antifragile_transformer,8,0.523712,1.0,1.0,1.0,1.0,1.0,0.833299
antifragile_transformer,9,0.547888,1.0,1.0,1.0,1.0,1.0,0.841761
antifragile_transformer,10,0.548947,0.995659,0.995659,0.995659,0.995659,0.995659,0.83931
antifragile_transformer,11,0.543054,0.984449,0.984449,0.984449,0.984449,0.984449,0.829961
antifragile_transformer,12,0.543071,0.979365,0.979365,0.979365,0.979365,0.979365,0.826662
antifragile_transformer,13,0.553899,0.985191,0.985191,0.985191,0.985191,0.985191,0.834239
antifragile_transformer,14,0.54051,0.966687,0.966687,0.966687,0.966687,0.966687,0.817525
antifragile_transformer,15,0.553559,0.974978,0.974978,0.974978,0.974978,0.974978,0.827481
antifragile_transformer,16,0.552494,0.968994,0.968994,0.968994,0.968994,0.968994,0.823219
antifragile_transformer,17,0.571668,0.983365,0.983365,0.983365,0.983365,0.983365,0.839271
antifragile_transformer,18,0.548337,0.954954,0.954954,0.954954,0.954954,0.954954,0.812638
antifragile_transformer,19,0.544298,0.946382,0.946382,0.946382,0.946382,0.946382,0.805653
antifragile_transformer,20,0.52946,0.927177,0.927177,0.927177,0.927177,0.927177,0.787976
antifragile_transformer,21,0.524946,0.918664,0.918664,0.918664,0.918664,0.918664,0.780862
antifragile_transformer,22,0.533318,0.923201,0.923201,0.923201,0.923201,0.923201,0.786742
antifragile_transformer,23,0.536567,0.922529,0.922529,0.922529,0.922529,0.922529,0.787442
antifragile_transformer,24,0.538926,0.92098,0.92098,0.92098,0.92098,0.92098,0.787261
antifragile_transformer,25,0.542416,0.920591,0.920591,0.920591,0.920591,0.920591,0.78823
antifragile_transformer,26,0.550257,0.92456,0.92456,0.92456,0.92456,0.92456,0.793554
antifragile_transformer,27,0.543554,0.91391,0.91391,0.91391,0.91391,0.91391,0.784285
antifragile_transformer,28,0.557437,0.924049,0.924049,0.924049,0.924049,0.924049,0.795735
antifragile_transformer,29,0.570789,0.933463,0.933463,0.933463,0.933463,0.933463,0.806527
antifragile_transformer,30,0.580809,0.939365,0.939365,0.939365,0.939365,0.939365,0.81387
antifragile_transformer,31,0.592887,0.94721,0.94721,0.94721,0.94721,0.94721,0.823197
antifragile_transformer,32,0.601844,0.951783,0.951783,0.951783,0.951783,0.951783,0.829305
antifragile_transformer,33,0.631665,0.977133,0.977133,0.977133,0.977133,0.977133,0.856219
antifragile_transformer,34,0.63602,0.976528,0.976528,0.976528,0.976528,0.976528,0.85735
antifragile_transformer,35,0.637735,0.973294,0.973294,0.973294,0.973294,0.973294,0.855849
antifragile_transformer,36,0.634093,0.964766,0.964766,0.964766,0.964766,0.964766,0.84903
antifragile_transformer,37,0.627106,0.953057,0.953057,0.953057,0.953057,0.953057,0.838974
antifragile_transformer,38,0.617572,0.939027,0.939027,0.939027,0.939027,0.939027,0.826518
antifragile_transformer,39,0.612306,0.929535,0.929535,0.929535,0.929535,0.929535,0.818505
antifragile_transformer,40,0.616858,0.930044,0.930044,0.930044,0.930044,0.930044,0.820429
antifragile_transformer,41,0.62627,0.935402,0.935402,0.935402,0.935402,0.935402,0.827206
antifragile_transformer,42,0.632284,0.937259,0.937259,0.937259,0.937259,0.937259,0.830518
antifragile_transformer,43,0.628497,0.92928,0.92928,0.92928,0.92928,0.92928,0.824006
antifragile_transformer,44,0.644699,0.941444,0.941444,0.941444,0.941444,0.941444,0.837583
antifragile_transformer,45,0.658972,0.951444,0.951444,0.951444,0.951444,0.951444,0.849079
antifragile_transformer,46,0.662456,0.950463,0.950463,0.950463,0.950463,0.950463,0.849661
antifragile_transformer,47,0.660021,0.943582,0.943582,0.943582,0.943582,0.943582,0.844336
antifragile_transformer,48,0.672003,0.951249,0.951249,0.951249,0.951249,0.951249,0.853513
antifragile_transformer,49,0.679658,0.954443,0.954443,0.954443,0.954443,0.954443,0.858268
antifragile_transformer,50,0.667681,0.937942,0.937942,0.937942,0.937942,0.937942,0.843351
antifragile_transformer,51,0.672265,0.938321,0.938321,0.938321,0.938321,0.938321,0.845202
antifragile_transformer,52,0.680809,0.942653,0.942653,0.942653,0.942653,0.942653,0.851008
antifragile_transformer,53,0.675413,0.932961,0.932961,0.932961,0.932961,0.932961,0.842819
antifragile_transformer,54,0.683091,0.936529,0.936529,0.936529,0.936529,0.936529,0.847826
antifragile_transformer,55,0.671033,0.920293,0.920293,0.920293,0.920293,0.920293,0.833052
antifragile_transformer,56,0.692468,0.937862,0.937862,0.937862,0.937862,0.937862,0.851974
antifragile_transformer,57,0.712843,0.954033,0.954033,0.954033,0.954033,0.954033,0.869617
antifragile_transformer,58,0.715213,0.951888,0.951888,0.951888,0.951888,0.951888,0.869052
antifragile_transformer,59,0.724974,0.957176,0.957176,0.957176,0.957176,0.957176,0.875905
antifragile_transformer,60,0.976481,0.681932,0.857584,0.84964,0.873472,0.749628,0.889197
antifragile_transformer,61,0.968005,0.674179,0.84645,0.838658,0.862032,0.740571,0.879185
antifragile_transformer,62,0.969879,0.676925,0.84588,0.838239,0.861162,0.74204,0.87966
antifragile_transformer,63,0.962414,0.670279,0.835981,0.828487,0.850969,0.73414,0.870798
antifragile_transformer,64,0.976387,0.685199,0.847711,0.840362,0.862411,0.747831,0.883495
antifragile_transformer,65,1.0,0.715226,0.874611,0.867402,0.889027,0.776652,0.909422
antifragile_transformer,66,0.991281,0.706589,0.862905,0.855835,0.877044,0.766832,0.898936
antifragile_transformer,67,0.986631,0.702187,0.855494,0.848561,0.869361,0.761271,0.892663
antifragile_transformer,68,0.994856,0.710746,0.861102,0.854302,0.874702,0.768692,0.899355
antifragile_transformer,69,1.0,0.735647,0.883109,0.87644,0.896447,0.792478,0.915625
antifragile_transformer,70,0.990732,0.726067,0.87069,0.86415,0.883772,0.781805,0.90447
antifragile_transformer,71,0.99912,0.734329,0.876168,0.869753,0.888998,0.788993,0.911125
antifragile_transformer,72,1.0,0.761299,0.900407,0.894116,0.91299,0.814911,0.927344
antifragile_transformer,73,0.985579,0.746073,0.882503,0.876333,0.894844,0.798653,0.910812
antifragile_transformer,74,0.975606,0.735588,0.869392,0.863341,0.881495,0.787156,0.898949
antifragile_transformer,75,0.975923,0.735595,0.866823,0.860888,0.878693,0.78617,0.897536
antifragile_transformer,76,0.975076,0.734437,0.86314,0.857319,0.874781,0.784039,0.894989
antifragile_transformer,77,0.990227,0.749301,0.875526,0.869817,0.886943,0.797947,0.908484
antifragile_transformer,78,0.998527,0.757027,0.880822,0.875223,0.892019,0.804737,0.91497
antifragile_transformer,79,0.982627,0.740404,0.861816,0.856325,0.872798,0.787196,0.897187
antifragile_transformer,80,0.994212,0.751586,0.870661,0.865276,0.881432,0.797478,0.907124
antifragile_transformer,81,0.992682,0.749438,0.866221,0.860939,0.876784,0.794446,0.903833
antifragile_transformer,82,1.0,0.769555,0.884089,0.878909,0.894449,0.813696,0.918137
antifragile_transformer,83,0.997869,0.76646,0.878789,0.873709,0.88895,0.809751,0.914071
antifragile_transformer,84,0.99563,0.763316,0.873483,0.868501,0.883448,0.805774,0.909962
antifragile_transformer,85,1.0,0.774366,0.882412,0.877526,0.892185,0.816007,0.917416
antifragile_transformer,86,1.0,0.787864,0.893831,0.889039,0.903416,0.828704,0.924957
antifragile_transformer,87,1.0,0.797325,0.901252,0.896552,0.910652,0.837378,0.929896
antifragile_transformer,88,0.985173,0.780999,0.882926,0.878316,0.892145,0.820281,0.912909
antifragile_transformer,89,0.997029,0.791672,0.891636,0.887115,0.900678,0.830197,0.922832
antifragile_transformer,90,0.990018,0.78327,0.88131,0.876876,0.890178,0.821054,0.913776
antifragile_transformer,91,0.998241,0.790266,0.886418,0.88207,0.895116,0.827322,0.920081
antifragile_transformer,92,0.986556,0.777218,0.87152,0.867255,0.88005,0.813562,0.906413
antifragile_transformer,93,0.997312,0.786863,0.879349,0.875166,0.887715,0.822507,0.91537
antifragile_transformer,94,0.993033,0.781286,0.871992,0.86789,0.880197,0.816244,0.909192
antifragile_transformer,95,0.983041,0.770105,0.859065,0.855042,0.867112,0.80439,0.897391
antifragile_transformer,96,0.997007,0.783096,0.870344,0.866398,0.878235,0.816721,0.909708
antifragile_transformer,97,1.0,0.790171,0.875739,0.871869,0.883479,0.823149,0.914359
antifragile_transformer,98,0.998032,0.786843,0.870764,0.866968,0.878354,0.819186,0.910529
antifragile_transformer,99,1.0,0.80836,0.890666,0.886943,0.89811,0.84008,0.924246
antifragile_transformer,100,1.0,0.806761,0.887482,0.883832,0.894784,0.837871,0.922268
antifragile_transformer,101,1.0,0.810867,0.890034,0.886453,0.897195,0.841377,0.924014
antifragile_transformer,102,1.0,0.817734,0.895378,0.891866,0.902401,0.847658,0.927575
antifragile_transformer,103,0.997964,0.813807,0.889956,0.886512,0.896843,0.843154,0.923423
antifragile_transformer,104,1.0,0.823045,0.897728,0.89435,0.904483,0.851827,0.929271
antifragile_transformer,105,0.998999,0.82005,0.893295,0.889982,0.89992,0.848278,0.926121
antifragile_transformer,106,0.999459,0.818574,0.890409,0.88716,0.896907,0.846259,0.924486
antifragile_transformer,107,1.0,0.838418,0.908871,0.905684,0.915243,0.86557,0.936754
antifragile_transformer,108,0.992913,0.829042,0.898138,0.895013,0.904388,0.855671,0.927375
antifragile_transformer,109,0.96936,0.803379,0.871145,0.86808,0.877275,0.829496,0.901662
antifragile_transformer,110,0.994091,0.826496,0.892957,0.889951,0.898969,0.85211,0.92457
antifragile_transformer,111,1.0,0.860427,0.925609,0.922662,0.931505,0.885548,0.947935
antifragile_transformer,112,1.0,0.858251,0.922178,0.919287,0.927961,0.882888,0.945776
antifragile_transformer,113,0.982158,0.837738,0.900434,0.897599,0.906105,0.861901,0.925468
antifragile_transformer,114,0.983832,0.837135,0.898625,0.895844,0.904187,0.860833,0.924946
antifragile_transformer,115,0.985797,0.836836,0.897142,0.894414,0.902597,0.860078,0.924738
antifragile_transformer,116,0.988918,0.837698,0.896843,0.894168,0.902193,0.860492,0.925702
antifragile_transformer,117,0.980958,0.827461,0.885468,0.882845,0.890715,0.849817,0.915587
antifragile_transformer,118,0.993312,0.837737,0.894627,0.892055,0.899773,0.859663,0.925928
antifragile_transformer,119,1.0,0.847155,0.90295,0.900427,0.907997,0.868658,0.933741
antifragile_transformer,120,0.987467,0.832164,0.886885,0.88441,0.891835,0.853254,0.918973
antifragile_transformer,121,1.0,0.843786,0.897453,0.895026,0.902307,0.864469,0.930289
antifragile_transformer,122,1.0,0.871425,0.924059,0.921679,0.92882,0.89171,0.947642
antifragile_transformer,123,1.0,0.875964,0.927585,0.92525,0.932254,0.895858,0.949991
antifragile_transformer,124,1.0,0.874303,0.924931,0.922641,0.92951,0.893815,0.948322
antifragile_transformer,125,1.0,0.875019,0.924672,0.922426,0.929163,0.894155,0.94821
antifragile_transformer,126,1.0,0.884808,0.933505,0.931303,0.93791,0.903576,0.954006
antifragile_transformer,127,0.984632,0.866257,0.914017,0.911857,0.918337,0.884664,0.936013
antifragile_transformer,128,0.992005,0.870805,0.917645,0.915526,0.921882,0.888857,0.941004
antifragile_transformer,129,0.992719,0.868606,0.914545,0.912467,0.9187,0.886311,0.93929
antifragile_transformer,130,1.0,0.64616,0.866867,0.856885,0.88683,0.73122,0.900897
antifragile_transformer,131,1.0,0.650882,0.86734,0.85755,0.886919,0.734304,0.901446
antifragile_transformer,132,1.0,0.677617,0.889908,0.880307,0.90911,0.759433,0.916353
antifragile_transformer,133,0.992155,0.670578,0.878782,0.869366,0.897615,0.750819,0.906608
antifragile_transformer,134,1.0,0.683966,0.888163,0.878928,0.906633,0.762663,0.915679
antifragile_transformer,135,1.0,0.693883,0.894149,0.885091,0.912263,0.771065,0.919794
antifragile_transformer,136,0.994971,0.689347,0.885758,0.876875,0.903523,0.765043,0.912799
antifragile_transformer,137,1.0,0.697456,0.890086,0.881374,0.907509,0.771695,0.917588
antifragile_transformer,138,1.0,0.71783,0.906752,0.898207,0.92384,0.79064,0.928632
antifragile_transformer,139,1.0,0.719376,0.904661,0.896281,0.921421,0.790784,0.92748
antifragile_transformer,140,0.985096,0.704475,0.886193,0.877974,0.90263,0.774508,0.910463
antifragile_transformer,141,0.990286,0.709953,0.888173,0.880113,0.904293,0.778638,0.913765
antifragile_transformer,142,0.984857,0.704707,0.879497,0.871591,0.895307,0.77207,0.90642
antifragile_transformer,143,0.986149,0.706283,0.877708,0.869955,0.893214,0.77235,0.905902
antifragile_transformer,144,0.990569,0.710958,0.879083,0.87148,0.89429,0.775753,0.908531
antifragile_transformer,145,0.975502,0.696055,0.860943,0.853486,0.875858,0.759602,0.89165
antifragile_transformer,146,0.961514,0.682518,0.844232,0.836918,0.858859,0.744842,0.876073
antifragile_transformer,147,0.972699,0.694414,0.853015,0.845842,0.867361,0.755538,0.885874
antifragile_transformer,148,0.971826,0.694024,0.849572,0.842537,0.863642,0.753972,0.883504
antifragile_transformer,149,0.946449,0.669137,0.821691,0.814791,0.83549,0.727931,0.85667
antifragile_transformer,150,0.961267,0.684924,0.834541,0.827775,0.848075,0.742586,0.870377
antifragile_transformer,151,0.969936,0.694258,0.840995,0.834359,0.854268,0.75081,0.877769
antifragile_transformer,152,0.966769,0.691577,0.835489,0.828981,0.848507,0.74704,0.873243
antifragile_transformer,153,0.956367,0.681712,0.822854,0.816471,0.835621,0.736108,0.861547
antifragile_transformer,154,0.971797,0.697869,0.836294,0.830034,0.848815,0.751217,0.875838
antifragile_transformer,155,0.981389,0.707877,0.843638,0.837498,0.855917,0.760199,0.884121
antifragile_transformer,156,1.0,0.742092,0.875239,0.869217,0.887282,0.793406,0.911324
antifragile_transformer,157,1.0,0.752099,0.882683,0.876777,0.894494,0.802425,0.916309
antifragile_transformer,158,1.0,0.761523,0.889593,0.883801,0.901178,0.810881,0.920944
antifragile_transformer,159,1.0,0.764111,0.889716,0.884035,0.901077,0.812518,0.921164
antifragile_transformer,160,1.0,0.778453,0.90164,0.896069,0.912782,0.825929,0.929052
antifragile_transformer,161,1.0,0.790219,0.911034,0.90557,0.921962,0.836781,0.935293
antifragile_transformer,162,1.0,0.809278,0.927768,0.922409,0.938485,0.854943,0.946302
antifragile_transformer,163,0.999144,0.806693,0.922902,0.917647,0.933414,0.85148,0.94297
antifragile_transformer,164,0.999319,0.80519,0.919162,0.914007,0.929471,0.849114,0.940727
antifragile_transformer,165,0.99897,0.80319,0.914968,0.909913,0.925079,0.846269,0.938005
antifragile_transformer,166,1.0,0.816469,0.926095,0.921137,0.936011,0.858718,0.94572
antifragile_transformer,167,1.0,0.837982,0.945498,0.940636,0.955223,0.879418,0.958452
antifragile_transformer,168,0.999894,0.835595,0.941041,0.936272,0.950579,0.876233,0.955636
antifragile_transformer,169,1.0,0.833662,0.937079,0.932402,0.946433,0.873519,0.953213
antifragile_transformer,170,1.0,0.840633,0.942059,0.937472,0.951233,0.879722,0.956563
antifragile_transformer,171,1.0,0.840752,0.940225,0.935726,0.949223,0.879089,0.955483
antifragile_transformer,172,1.0,0.855242,0.9528,0.948388,0.961625,0.892841,0.963766
antifragile_transformer,173,0.978379,0.831007,0.926688,0.922361,0.935342,0.867882,0.939332
antifragile_transformer,174,0.973858,0.82434,0.918179,0.913935,0.926666,0.860505,0.932323
antifragile_transformer,175,0.969869,0.818332,0.910365,0.906202,0.918689,0.853801,0.925951
antifragile_transformer,176,0.947425,0.793985,0.884246,0.880164,0.89241,0.828771,0.901219
antifragile_transformer,177,0.941261,0.786387,0.87491,0.870907,0.882918,0.820504,0.893093
antifragile_transformer,178,0.935679,0.779518,0.866337,0.86241,0.87419,0.812977,0.885663
antifragile_transformer,179,0.938666,0.781349,0.866496,0.862645,0.874198,0.814164,0.886908
antifragile_transformer,180,0.957422,0.798913,0.882422,0.878645,0.889975,0.831097,0.903917
antifragile_transformer,181,0.959881,0.799843,0.881744,0.87804,0.889153,0.831408,0.904429
antifragile_transformer,182,0.952911,0.791327,0.871651,0.868018,0.878917,0.822283,0.895519
antifragile_transformer,183,0.957628,0.79466,0.873438,0.869876,0.880564,0.825021,0.898419
antifragile_transformer,184,0.975618,0.811203,0.888465,0.884971,0.895453,0.840979,0.914569
antifragile_transformer,185,0.969306,0.803126,0.8789,0.875473,0.885754,0.832329,0.906228
antifragile_transformer,186,0.963779,0.795989,0.870305,0.866944,0.877027,0.82463,0.898789
antifragile_transformer,187,0.975882,0.806619,0.879504,0.876208,0.886096,0.834708,0.909086
antifragile_transformer,188,0.978624,0.807683,0.879165,0.875932,0.885631,0.835232,0.909905
antifragile_transformer,189,0.991793,0.819155,0.889261,0.88609,0.895602,0.846173,0.921156
antifragile_transformer,190,0.99703,0.822472,0.891229,0.888119,0.897448,0.848971,0.924344
antifragile_transformer,191,1.0,0.83431,0.901743,0.898693,0.907842,0.860298,0.932293
antifragile_transformer,192,0.992979,0.825078,0.891213,0.888222,0.897195,0.850566,0.923066
antifragile_transformer,193,0.998234,0.8283,0.893162,0.890229,0.899029,0.853298,0.926244
antifragile_transformer,194,1.0,0.829077,0.892691,0.889814,0.898445,0.853594,0.926627
antifragile_transformer,195,0.990809,0.817777,0.880166,0.877344,0.885809,0.841821,0.915339
antifragile_transformer,196,0.977448,0.802523,0.863711,0.860943,0.869245,0.826105,0.900035
antifragile_transformer,197,0.991077,0.814553,0.874563,0.871849,0.879991,0.837681,0.911926
antifragile_transformer,198,0.992265,0.813912,0.872766,0.870105,0.87809,0.836594,0.91124
antifragile_transformer,199,0.985398,0.805227,0.862948,0.860338,0.868169,0.827472,0.902519
antifragile_transformer,200,1.0,0.560673,0.792936,0.782431,0.813945,0.650186,0.852184
antifragile_transformer,201,1.0,0.582666,0.810458,0.800156,0.831062,0.670456,0.863828
antifragile_transformer,202,0.978031,0.563331,0.786738,0.776634,0.806945,0.649431,0.84097
antifragile_transformer,203,0.965471,0.553777,0.772883,0.762974,0.792702,0.63822,0.827814
antifragile_transformer,204,0.959797,0.551292,0.766181,0.756462,0.785618,0.63411,0.821711
antifragile_transformer,205,0.982731,0.577464,0.788216,0.778685,0.807279,0.658687,0.844297
antifragile_transformer,206,0.991522,0.588989,0.795684,0.786336,0.81438,0.668649,0.852459
antifragile_transformer,207,1.0,0.606109,0.808825,0.799657,0.827161,0.684235,0.864194
antifragile_transformer,208,0.991718,0.600009,0.798823,0.789831,0.816806,0.676631,0.855016
antifragile_transformer,209,0.983684,0.594275,0.789261,0.780443,0.806898,0.669422,0.846207
antifragile_transformer,210,0.994457,0.607459,0.798692,0.790043,0.815989,0.681159,0.856321
antifragile_transformer,211,1.0,0.615714,0.803266,0.794784,0.820231,0.687996,0.861444
antifragile_transformer,212,1.0,0.629697,0.813638,0.805319,0.830276,0.700587,0.868392
antifragile_transformer,213,1.0,0.634573,0.814974,0.806815,0.831291,0.704099,0.869461
antifragile_transformer,214,1.0,0.644945,0.821873,0.813871,0.837877,0.713133,0.874144
antifragile_transformer,215,1.0,0.653677,0.827199,0.819352,0.842895,0.720552,0.8778
antifragile_transformer,216,1.0,0.669677,0.839859,0.832162,0.855252,0.735265,0.886219
antifragile_transformer,217,1.0,0.68572,0.852626,0.845077,0.867723,0.750045,0.894704
antifragile_transformer,218,0.985962,0.672332,0.836024,0.828621,0.850831,0.735418,0.879182
antifragile_transformer,219,0.964394,0.651672,0.812214,0.804953,0.826735,0.713544,0.856336
antifragile_transformer,220,0.981815,0.670398,0.827849,0.820729,0.842091,0.731079,0.872773
antifragile_transformer,221,1.0,0.690996,0.845416,0.838432,0.859384,0.750509,0.890728
antifragile_transformer,222,0.993153,0.684697,0.836144,0.829295,0.849843,0.743064,0.882474
antifragile_transformer,223,0.976234,0.668448,0.816981,0.810263,0.830416,0.725692,0.864262
antifragile_transformer,224,0.982823,0.676019,0.821692,0.815104,0.834869,0.732161,0.869794
antifragile_transformer,225,0.999393,0.693426,0.836295,0.829833,0.849217,0.748487,0.885244
antifragile_transformer,226,1.0,0.720898,0.861017,0.85468,0.873691,0.7749,0.901683
antifragile_transformer,227,1.0,0.732467,0.869888,0.863673,0.882318,0.785428,0.907603
antifragile_transformer,228,1.0,0.733156,0.867932,0.861837,0.880123,0.785098,0.906482
antifragile_transformer,229,0.994682,0.727575,0.859757,0.853779,0.871713,0.778518,0.899455
antifragile_transformer,230,1.0,0.732957,0.862594,0.856731,0.87432,0.782919,0.903305
antifragile_transformer,231,1.0,0.734506,0.861648,0.855898,0.873148,0.783506,0.902832
antifragile_transformer,232,0.993219,0.727436,0.85213,0.846491,0.863409,0.775493,0.894412
antifragile_transformer,233,1.0,0.757268,0.879562,0.874031,0.890624,0.8044,0.914752
antifragile_transformer,234,1.0,0.783363,0.903302,0.897878,0.914151,0.829587,0.930317
antifragile_transformer,235,1.0,0.801166,0.918796,0.913476,0.929436,0.8465,0.94052
antifragile_transformer,236,0.99435,0.793943,0.909309,0.904092,0.919744,0.838405,0.932505
antifragile_transformer,237,1.0,0.80817,0.921315,0.916198,0.93155,0.851776,0.942413
antifragile_transformer,238,1.0,0.819538,0.930505,0.925487,0.940543,0.862305,0.94851
antifragile_transformer,239,1.0,0.828322,0.937154,0.932232,0.946998,0.870266,0.952953
antifragile_transformer,240,1.0,0.846623,0.95336,0.948532,0.963014,0.887759,0.963606
antifragile_transformer,241,1.0,0.8572,0.961882,0.957148,0.971351,0.897544,0.969263
antifragile_transformer,242,1.0,0.868829,0.971496,0.966853,0.980782,0.908397,0.975627
antifragile_transformer,243,1.0,0.878997,0.979687,0.975134,0.988795,0.917803,0.981064
antifragile_transformer,244,1.0,0.885416,0.984168,0.979702,0.9931,0.923475,0.984086
antifragile_transformer,245,0.983997,0.866218,0.963069,0.958689,0.97183,0.903544,0.964879
antifragile_transformer,246,0.9904,0.869797,0.964784,0.960488,0.973375,0.906405,0.968341
antifragile_transformer,247,0.989126,0.865629,0.958787,0.954574,0.967214,0.901532,0.964102
antifragile_transformer,248,0.979168,0.852858,0.944223,0.94009,0.952487,0.888069,0.951251
antifragile_transformer,249,1.0,0.875872,0.965478,0.961426,0.973583,0.910406,0.972459
antifragile_transformer,250,1.0,0.899009,0.986891,0.982916,0.99484,0.932879,0.986475
antifragile_transformer,251,1.0,0.917264,1.0,0.999556,1.0,0.948807,0.994792
antifragile_transformer,252,1.0,0.921919,1.0,1.0,1.0,0.951741,0.995174
antifragile_transformer,253,1.0,0.93963,1.0,1.0,1.0,0.962688,0.996269
antifragile_transformer,254,1.0,0.940937,1.0,1.0,1.0,0.963495,0.99635
antifragile_transformer,255,1.0,0.944507,1.0,1.0,1.0,0.965702,0.99657
antifragile_transformer,256,0.992278,0.932454,0.986878,0.986878,0.986878,0.953241,0.985405
antifragile_transformer,257,1.0,0.938518,0.991895,0.991895,0.991895,0.958905,0.991433
antifragile_transformer,258,1.0,0.940426,0.992775,0.992775,0.992775,0.96042,0.992069
antifragile_transformer,259,0.989768,0.925941,0.977283,0.977283,0.977283,0.94555,0.978479
gv_recoverable_transformer,0,0.454306,0.999386,0.999386,0.999386,0.999386,0.999386,0.808608
gv_recoverable_transformer,1,0.458269,0.998448,0.998449,0.998448,0.998448,0.998448,0.809385
gv_recoverable_transformer,2,0.48476,1.0,1.0,1.0,1.0,1.0,0.819666
gv_recoverable_transformer,3,0.50041,1.0,1.0,1.0,1.0,1.0,0.825144
gv_recoverable_transformer,4,0.505468,1.0,1.0,1.0,1.0,1.0,0.826914
gv_recoverable_transformer,5,0.513373,1.0,1.0,1.0,1.0,1.0,0.829681
gv_recoverable_transformer,6,0.518824,1.0,1.0,1.0,1.0,1.0,0.831588
gv_recoverable_transformer,7,0.521309,0.997565,0.997565,0.997565,0.997565,0.997565,0.830875
gv_recoverable_transformer,8,0.513239,0.984651,0.984654,0.984653,0.984651,0.984651,0.819658
gv_recoverable_transformer,9,0.516347,0.983311,0.983336,0.983323,0.983311,0.983312,0.819881
gv_recoverable_transformer,10,0.512314,0.974872,0.974919,0.974896,0.974872,0.974873,0.812991
gv_recoverable_transformer,11,0.50223,0.960642,0.960723,0.960683,0.960642,0.960644,0.800222
gv_recoverable_transformer,12,0.513284,0.967989,0.968122,0.968056,0.967989,0.967992,0.808883
gv_recoverable_transformer,13,0.5229,0.97367,0.973844,0.973757,0.97367,0.973674,0.815953
gv_recoverable_transformer,14,0.506379,0.953041,0.953246,0.953143,0.953041,0.953045,0.796771
gv_recoverable_transformer,15,0.509827,0.953015,0.953279,0.953147,0.953015,0.953021,0.797979
gv_recoverable_transformer,16,0.526695,0.96641,0.966732,0.966571,0.96641,0.966418,0.812607
gv_recoverable_transformer,17,0.544326,0.980155,0.980514,0.980335,0.980155,0.980164,0.827724
gv_recoverable_transformer,18,0.561556,0.993077,0.993451,0.993265,0.993077,0.993085,0.842158
gv_recoverable_transformer,19,0.566943,0.993757,0.994129,0.993944,0.993757,0.993765,0.844485
gv_recoverable_transformer,20,0.561723,0.983809,0.984178,0.983994,0.983809,0.983817,0.83619
gv_recoverable_transformer,21,0.553638,0.971303,0.971683,0.971494,0.971303,0.971312,0.825235
gv_recoverable_transformer,22,0.562693,0.976322,0.97673,0.976527,0.976322,0.976331,0.831675
gv_recoverable_transformer,23,0.572165,0.981603,0.98203,0.981818,0.981603,0.981613,0.838429
gv_recoverable_transformer,24,0.592533,0.997617,0.998057,0.997838,0.997617,0.997628,0.855971
gv_recoverable_transformer,25,0.610652,1.0,1.0,1.0,1.0,1.0,0.863728
gv_recoverable_transformer,26,0.613986,0.998413,0.998413,0.998413,0.998413,0.998413,0.863864
gv_recoverable_transformer,27,0.603975,0.983532,0.983534,0.983533,0.983532,0.983532,0.850688
gv_recoverable_transformer,28,0.605066,0.98021,0.980235,0.980222,0.98021,0.98021,0.848917
gv_recoverable_transformer,29,0.612593,0.983426,0.983478,0.983452,0.983426,0.983427,0.85365
gv_recoverable_transformer,30,0.615088,0.981511,0.981585,0.981548,0.981511,0.981513,0.853285
gv_recoverable_transformer,31,0.613073,0.975146,0.975243,0.975195,0.975146,0.975148,0.84845
gv_recoverable_transformer,32,0.621028,0.978946,0.979075,0.979011,0.978946,0.978949,0.853714
gv_recoverable_transformer,33,0.6199,0.973547,0.973701,0.973624,0.973547,0.973551,0.849817
gv_recoverable_transformer,34,0.617283,0.966825,0.967011,0.966918,0.966825,0.966829,0.844542
gv_recoverable_transformer,35,0.625941,0.971584,0.971811,0.971698,0.971584,0.97159,0.850678
gv_recoverable_transformer,36,0.626037,0.967636,0.967895,0.967766,0.967636,0.967642,0.848154
gv_recoverable_transformer,37,0.633886,0.971562,0.971858,0.97171,0.971562,0.971569,0.853465
gv_recoverable_transformer,38,0.642085,0.975716,0.976042,0.97588,0.975716,0.975724,0.859044
gv_recoverable_transformer,39,0.633331,0.962791,0.963141,0.962966,0.962791,0.962799,0.847586
gv_recoverable_transformer,40,0.632477,0.958162,0.958553,0.958358,0.958162,0.958171,0.84429
gv_recoverable_transformer,41,0.65465,0.976704,0.977141,0.976923,0.976704,0.976714,0.864117
gv_recoverable_transformer,42,0.645625,0.963477,0.963932,0.963705,0.963477,0.963487,0.852366
gv_recoverable_transformer,43,0.625145,0.939202,0.939693,0.939449,0.939202,0.939213,0.829431
gv_recoverable_transformer,44,0.607723,0.918732,0.919293,0.919014,0.918732,0.918745,0.810049
gv_recoverable_transformer,45,0.612992,0.921584,0.922241,0.921914,0.921584,0.9216,0.813776
gv_recoverable_transformer,46,0.618283,0.924371,0.925116,0.924745,0.924371,0.924388,0.817466
gv_recoverable_transformer,47,0.621792,0.925289,0.926116,0.925704,0.925289,0.925308,0.819315
gv_recoverable_transformer,48,0.641282,0.94216,0.943065,0.942615,0.94216,0.942181,0.837127
gv_recoverable_transformer,49,0.614128,0.911868,0.912825,0.912348,0.911868,0.91189,0.807949
gv_recoverable_transformer,50,0.623799,0.919333,0.920383,0.919861,0.919333,0.919357,0.816214
gv_recoverable_transformer,51,0.647457,0.940555,0.941684,0.941122,0.940555,0.940581,0.838312
gv_recoverable_transformer,52,0.638843,0.928853,0.930028,0.929443,0.928853,0.92888,0.827705
gv_recoverable_transformer,53,0.639206,0.926486,0.927724,0.927108,0.926486,0.926515,0.826313
gv_recoverable_transformer,54,0.635091,0.919716,0.921016,0.92037,0.919716,0.919746,0.820491
gv_recoverable_transformer,55,0.629279,0.911456,0.912827,0.912146,0.911456,0.911488,0.813109
gv_recoverable_transformer,56,0.630284,0.910268,0.911719,0.910998,0.910268,0.910302,0.812713
gv_recoverable_transformer,57,0.652333,0.930162,0.931692,0.930932,0.930162,0.930197,0.833385
gv_recoverable_transformer,58,0.679302,0.954362,0.95594,0.955156,0.954362,0.954398,0.858569
gv_recoverable_transformer,59,0.680191,0.951736,0.953327,0.952537,0.951736,0.951773,0.857177
gv_recoverable_transformer,60,0.994972,0.753555,0.966263,0.96101,0.962731,0.833661,0.96147
gv_recoverable_transformer,61,1.0,0.761572,0.967776,0.962665,0.964306,0.839221,0.964656
gv_recoverable_transformer,62,1.0,0.78996,0.989858,0.984885,0.98645,0.865226,0.979439
gv_recoverable_transformer,63,1.0,0.79531,0.989065,0.984242,0.985748,0.86826,0.97935
gv_recoverable_transformer,64,1.0,0.803187,0.99099,0.986311,0.987759,0.873894,0.981013
gv_recoverable_transformer,65,1.0,0.813634,0.995666,0.991128,0.992522,0.882167,0.984454
gv_recoverable_transformer,66,1.0,0.857521,1.0,1.0,1.0,0.911939,0.991194
gv_recoverable_transformer,67,1.0,0.872125,1.0,1.0,1.0,0.920965,0.992097
gv_recoverable_transformer,68,0.996433,0.867576,0.991513,0.991513,0.991513,0.914912,0.985575
gv_recoverable_transformer,69,1.0,0.883283,1.0,1.0,1.0,0.927862,0.992786
gv_recoverable_transformer,70,1.0,0.882536,0.995658,0.995658,0.995658,0.925741,0.990186
gv_recoverable_transformer,71,0.999043,0.880276,0.989921,0.989918,0.989915,0.922153,0.986335
gv_recoverable_transformer,72,1.0,0.894867,1.0,1.0,1.0,0.935021,0.993502
gv_recoverable_transformer,73,1.0,0.898478,1.0,1.0,1.0,0.937253,0.993725
gv_recoverable_transformer,74,1.0,0.904948,1.0,1.0,1.0,0.941252,0.994125
gv_recoverable_transformer,75,1.0,0.908043,1.0,1.0,1.0,0.943165,0.994317
gv_recoverable_transformer,76,1.0,0.914915,1.0,1.0,1.0,0.947412,0.994741
gv_recoverable_transformer,77,1.0,0.922635,1.0,1.0,1.0,0.952184,0.995218
gv_recoverable_transformer,78,0.981676,0.901774,0.976756,0.976756,0.976756,0.930413,0.973844
gv_recoverable_transformer,79,0.994595,0.912798,0.985504,0.985487,0.985471,0.940561,0.984183
gv_recoverable_transformer,80,0.987731,0.9037,0.974186,0.97416,0.974134,0.930612,0.974557
gv_recoverable_transformer,81,0.975343,0.889358,0.95771,0.957667,0.957623,0.915448,0.959634
gv_recoverable_transformer,82,0.979563,0.892065,0.958371,0.958299,0.958228,0.917363,0.961651
gv_recoverable_transformer,83,0.98549,0.896397,0.960719,0.960621,0.960522,0.920927,0.96536
gv_recoverable_transformer,84,0.982088,0.891266,0.953662,0.953539,0.953416,0.915051,0.959688
gv_recoverable_transformer,85,0.996981,0.904588,0.965126,0.964975,0.964823,0.927652,0.972452
gv_recoverable_transformer,86,0.985794,0.89142,0.950143,0.949972,0.9498,0.913783,0.958899
gv_recoverable_transformer,87,0.985831,0.889881,0.946865,0.946665,0.946463,0.911569,0.956873
gv_recoverable_transformer,88,0.983733,0.886254,0.941558,0.941326,0.941094,0.907288,0.952776
gv_recoverable_transformer,89,0.988094,0.889199,0.94288,0.942615,0.942349,0.9096,0.955244
gv_recoverable_transformer,90,0.99636,0.895958,0.948066,0.947769,0.947471,0.915746,0.961588
gv_recoverable_transformer,91,0.989185,0.887068,0.937644,0.93732,0.936994,0.90626,0.952383
gv_recoverable_transformer,92,1.0,0.899237,0.948343,0.947986,0.947626,0.917855,0.963195
gv_recoverable_transformer,93,1.0,0.903097,0.950762,0.95038,0.949995,0.921154,0.964843
gv_recoverable_transformer,94,0.982217,0.883378,0.929644,0.92924,0.928832,0.900892,0.944967
gv_recoverable_transformer,95,0.963634,0.863467,0.908407,0.907966,0.907521,0.88046,0.92472
gv_recoverable_transformer,96,0.968406,0.867524,0.911208,0.910717,0.910222,0.884018,0.928262
gv_recoverable_transformer,97,0.970674,0.868953,0.911416,0.910878,0.910335,0.884962,0.929241
gv_recoverable_transformer,98,0.974353,0.871748,0.913027,0.912444,0.911856,0.887287,0.931625
gv_recoverable_transformer,99,0.978937,0.875362,0.915492,0.914866,0.914235,0.890445,0.934879
gv_recoverable_transformer,100,0.986564,0.881908,0.92092,0.920255,0.919583,0.896548,0.941124
gv_recoverable_transformer,101,1.0,0.896917,0.934838,0.934139,0.933432,0.911126,0.954923
gv_recoverable_transformer,102,0.991587,0.886759,0.923603,0.92288,0.922149,0.900547,0.944729
gv_recoverable_transformer,103,0.982443,0.876183,0.911999,0.911246,0.910483,0.889566,0.934033
gv_recoverable_transformer,104,0.974243,0.866877,0.901713,0.900921,0.90012,0.879869,0.924517
gv_recoverable_transformer,105,0.98263,0.874444,0.908345,0.907509,0.906663,0.887061,0.931797
gv_recoverable_transformer,106,1.0,0.89325,0.926235,0.925362,0.924478,0.905502,0.949541
gv_recoverable_transformer,107,0.999744,0.891362,0.923434,0.922537,0.921628,0.903255,0.947674
gv_recoverable_transformer,108,0.974644,0.864688,0.89588,0.894957,0.894021,0.876233,0.921019
gv_recoverable_transformer,109,0.959116,0.848407,0.878784,0.877818,0.876837,0.859623,0.904499
gv_recoverable_transformer,110,0.954039,0.84308,0.872691,0.87167,0.870634,0.85398,0.898779
gv_recoverable_transformer,111,0.952266,0.84122,0.870098,0.86902,0.867926,0.851815,0.896487
gv_recoverable_transformer,112,0.952286,0.84121,0.86938,0.868245,0.867093,0.85151,0.89604
gv_recoverable_transformer,113,0.957669,0.846564,0.874049,0.872858,0.87165,0.856578,0.900971
gv_recoverable_transformer,114,0.958848,0.847549,0.874363,0.873122,0.871862,0.857284,0.901602
gv_recoverable_transformer,115,0.97636,0.864836,0.891001,0.889711,0.888401,0.874301,0.918559
gv_recoverable_transformer,116,0.973168,0.860887,0.886399,0.885073,0.883726,0.870086,0.91447
gv_recoverable_transformer,117,0.96774,0.854824,0.879709,0.878345,0.876959,0.863765,0.90824
gv_recoverable_transformer,118,0.978406,0.865042,0.889329,0.887924,0.886495,0.873735,0.918241
gv_recoverable_transformer,119,0.964899,0.850771,0.874464,0.873027,0.871564,0.859222,0.903869
gv_recoverable_transformer,120,0.974495,0.860044,0.883183,0.881703,0.880196,0.868262,0.912906
gv_recoverable_transformer,121,0.980646,0.865585,0.888175,0.88666,0.885116,0.873576,0.918318
gv_recoverable_transformer,122,0.983796,0.867956,0.890007,0.88846,0.886885,0.875725,0.920627
gv_recoverable_transformer,123,1.0,0.891082,0.912608,0.911033,0.909429,0.898636,0.941006
gv_recoverable_transformer,124,0.997454,0.88697,0.907955,0.906369,0.904752,0.894311,0.937117
gv_recoverable_transformer,125,1.0,0.915175,0.935643,0.934042,0.932409,0.922309,0.956029
gv_recoverable_transformer,126,1.0,0.915082,0.93501,0.933415,0.931786,0.922011,0.955654
gv_recoverable_transformer,127,0.989596,0.902374,0.921778,0.920188,0.918562,0.909102,0.943446
gv_recoverable_transformer,128,0.995355,0.90622,0.925136,0.923541,0.92191,0.912757,0.947672
gv_recoverable_transformer,129,0.98736,0.896193,0.914632,0.913035,0.9114,0.902545,0.938074
gv_recoverable_transformer,130,0.995899,0.667841,0.896932,0.890869,0.891756,0.753886,0.915277
gv_recoverable_transformer,131,1.0,0.682836,0.905015,0.899072,0.899854,0.766258,0.922421
gv_recoverable_transformer,132,1.0,0.699271,0.91474,0.908918,0.909606,0.780149,0.929187
gv_recoverable_transformer,133,0.997454,0.701068,0.91002,0.904321,0.904924,0.779477,0.925663
gv_recoverable_transformer,134,1.0,0.722124,0.924766,0.919184,0.919701,0.798142,0.936559
gv_recoverable_transformer,135,1.0,0.744573,0.941079,0.935619,0.936064,0.818269,0.947576
gv_recoverable_transformer,136,1.0,0.769675,0.960212,0.954883,0.955269,0.841118,0.960421
gv_recoverable_transformer,137,1.0,0.783122,0.967846,0.962657,0.963,0.852375,0.965788
gv_recoverable_transformer,138,1.0,0.806163,0.985242,0.980195,0.980501,0.873292,0.977492
gv_recoverable_transformer,139,0.98235,0.789564,0.963148,0.958249,0.958532,0.854629,0.957345
gv_recoverable_transformer,140,0.983456,0.79223,0.96052,0.955749,0.955994,0.855302,0.956392
gv_recoverable_transformer,141,0.977971,0.788226,0.951387,0.946739,0.946945,0.849365,0.948893
gv_recoverable_transformer,142,0.984322,0.796179,0.954383,0.949847,0.95001,0.855448,0.953405
gv_recoverable_transformer,143,0.982385,0.795599,0.948994,0.94457,0.944692,0.853055,0.949557
gv_recoverable_transformer,144,0.985311,0.799901,0.948643,0.944322,0.944402,0.855601,0.950672
gv_recoverable_transformer,145,1.0,0.82865,0.972883,0.968662,0.968701,0.882648,0.971879
gv_recoverable_transformer,146,1.0,0.831891,0.971719,0.967612,0.967628,0.884233,0.971434
gv_recoverable_transformer,147,1.0,0.842034,0.977595,0.973598,0.973591,0.892772,0.975554
gv_recoverable_transformer,148,1.0,0.844112,0.97553,0.971643,0.971617,0.893293,0.974506
gv_recoverable_transformer,149,1.0,0.849822,0.977226,0.973444,0.973399,0.897495,0.975894
gv_recoverable_transformer,150,1.0,0.85452,0.978032,0.974353,0.974291,0.900731,0.976694
gv_recoverable_transformer,151,1.0,0.864381,0.984119,0.980541,0.980463,0.909174,0.980919
gv_recoverable_transformer,152,1.0,0.882541,0.998614,0.995138,0.995048,0.92596,0.990603
gv_recoverable_transformer,153,1.0,0.905928,1.0,1.0,1.0,0.941858,0.994186
gv_recoverable_transformer,154,1.0,0.912541,1.0,1.0,1.0,0.945945,0.994594
gv_recoverable_transformer,155,1.0,0.922309,1.0,1.0,1.0,0.951982,0.995198
gv_recoverable_transformer,156,0.99111,0.910892,0.98619,0.98619,0.98619,0.939651,0.983258
gv_recoverable_transformer,157,0.994975,0.912582,0.98558,0.98557,0.98556,0.940459,0.984351
gv_recoverable_transformer,158,1.0,0.926558,0.997328,0.997308,0.997289,0.95358,0.993878
gv_recoverable_transformer,159,1.0,0.939211,1.0,1.0,1.0,0.962429,0.996243
gv_recoverable_transformer,160,1.0,0.943623,1.0,1.0,1.0,0.965155,0.996516
gv_recoverable_transformer,161,1.0,0.955996,1.0,1.0,1.0,0.972803,0.99728
gv_recoverable_transformer,162,1.0,0.96324,1.0,1.0,1.0,0.97728,0.997728
gv_recoverable_transformer,163,1.0,0.978776,1.0,1.0,1.0,0.986882,0.998688
gv_recoverable_transformer,164,1.0,0.982902,1.0,1.0,1.0,0.989433,0.998943
gv_recoverable_transformer,165,1.0,0.979161,0.995732,0.995732,0.995732,0.98549,0.996201
gv_recoverable_transformer,166,1.0,0.983833,0.999899,0.999896,0.999893,0.989968,0.99894
gv_recoverable_transformer,167,0.969753,0.949163,0.964735,0.964732,0.964729,0.95511,0.965527
gv_recoverable_transformer,168,0.979267,0.955324,0.970465,0.970438,0.97041,0.961096,0.972595
gv_recoverable_transformer,169,0.940407,0.912919,0.927635,0.927588,0.927541,0.918522,0.93117
gv_recoverable_transformer,170,0.924645,0.894919,0.909284,0.909188,0.909091,0.900369,0.913721
gv_recoverable_transformer,171,0.934986,0.903577,0.917626,0.917469,0.917312,0.908882,0.922749
gv_recoverable_transformer,172,0.945637,0.912277,0.926009,0.925799,0.925589,0.91744,0.931917
gv_recoverable_transformer,173,0.936607,0.90103,0.914442,0.914188,0.913932,0.906053,0.921234
gv_recoverable_transformer,174,0.932982,0.895533,0.908652,0.908345,0.908038,0.900423,0.916191
gv_recoverable_transformer,175,0.954349,0.915197,0.92804,0.927679,0.927317,0.919959,0.936259
gv_recoverable_transformer,176,0.95346,0.912001,0.924549,0.924149,0.923747,0.916634,0.933676
gv_recoverable_transformer,177,0.985295,0.941626,0.953893,0.953453,0.95301,0.946135,0.963888
gv_recoverable_transformer,178,0.990192,0.943401,0.955355,0.954896,0.954435,0.947782,0.966561
gv_recoverable_transformer,179,1.0,0.950041,0.961689,0.961214,0.960735,0.954298,0.97412
gv_recoverable_transformer,180,1.0,0.970982,0.982325,0.981838,0.981346,0.975117,0.987546
gv_recoverable_transformer,181,1.0,0.973448,0.984467,0.983982,0.983493,0.97746,0.98896
gv_recoverable_transformer,182,0.992892,0.962238,0.972939,0.972459,0.971974,0.96613,0.979001
gv_recoverable_transformer,183,0.996495,0.962084,0.972493,0.97201,0.97152,0.965863,0.979988
gv_recoverable_transformer,184,1.0,0.962824,0.972952,0.972464,0.97197,0.966493,0.981528
gv_recoverable_transformer,185,0.988543,0.947593,0.957446,0.956954,0.956456,0.951155,0.967454
gv_recoverable_transformer,186,0.990393,0.946137,0.955746,0.95524,0.954728,0.949599,0.967004
gv_recoverable_transformer,187,0.986407,0.938889,0.948265,0.947744,0.947216,0.942255,0.960752
gv_recoverable_transformer,188,1.0,0.951864,0.961023,0.960482,0.959934,0.955138,0.973805
gv_recoverable_transformer,189,1.0,0.953762,0.962693,0.962142,0.961583,0.956944,0.974899
gv_recoverable_transformer,190,1.0,0.951792,0.960501,0.959941,0.959373,0.954885,0.973483
gv_recoverable_transformer,191,1.0,0.952003,0.960499,0.959929,0.95935,0.955009,0.973489
gv_recoverable_transformer,192,1.0,0.956159,0.964448,0.963869,0.963279,0.959081,0.976063
gv_recoverable_transformer,193,1.0,0.964911,0.972995,0.972409,0.971812,0.96775,0.981628
gv_recoverable_transformer,194,0.992923,0.953995,0.961868,0.961281,0.960684,0.956753,0.971931
gv_recoverable_transformer,195,0.985344,0.942913,0.950596,0.950002,0.949396,0.945594,0.961959
gv_recoverable_transformer,196,1.0,0.957927,0.965443,0.964833,0.96421,0.960536,0.97674
gv_recoverable_transformer,197,0.999972,0.954275,0.961608,0.960993,0.960365,0.956811,0.974246
gv_recoverable_transformer,198,0.98789,0.938681,0.945842,0.945219,0.944583,0.941147,0.959776
gv_recoverable_transformer,199,0.998136,0.945896,0.952912,0.952271,0.951616,0.948297,0.967956
gv_recoverable_transformer,200,1.0,0.730594,0.948561,0.943451,0.945315,0.812765,0.951476
gv_recoverable_transformer,201,0.986551,0.720523,0.931848,0.926864,0.928631,0.800177,0.936348
gv_recoverable_transformer,202,0.994225,0.731885,0.936797,0.931921,0.933583,0.809104,0.94267
gv_recoverable_transformer,203,1.0,0.74897,0.947659,0.942893,0.944455,0.823828,0.952161
gv_recoverable_transformer,204,1.0,0.761194,0.953837,0.949184,0.950659,0.833761,0.956579
gv_recoverable_transformer,205,1.0,0.776133,0.962907,0.958369,0.959762,0.846477,0.962867
gv_recoverable_transformer,206,0.988069,0.766177,0.94725,0.942829,0.94415,0.834364,0.948899
gv_recoverable_transformer,207,0.996961,0.777351,0.952921,0.948602,0.949843,0.843453,0.956063
gv_recoverable_transformer,208,0.99825,0.780578,0.950806,0.94659,0.947756,0.844656,0.955496
gv_recoverable_transformer,209,0.997376,0.781542,0.946596,0.942479,0.943572,0.84366,0.952799
gv_recoverable_transformer,210,1.0,0.798717,0.958763,0.954737,0.955757,0.858936,0.961957
gv_recoverable_transformer,211,1.0,0.822668,0.977842,0.973915,0.974871,0.881043,0.974686
gv_recoverable_transformer,212,1.0,0.849663,1.0,0.996269,0.997177,0.906235,0.989454
gv_recoverable_transformer,213,1.0,0.870071,1.0,1.0,1.0,0.919696,0.99197
gv_recoverable_transformer,214,1.0,0.872756,0.998683,0.998683,0.998683,0.920852,0.991361
gv_recoverable_transformer,215,1.0,0.880907,1.0,1.0,1.0,0.926394,0.992639
gv_recoverable_transformer,216,1.0,0.893777,1.0,1.0,1.0,0.934348,0.993435
gv_recoverable_transformer,217,1.0,0.898503,1.0,1.0,1.0,0.937269,0.993727
gv_recoverable_transformer,218,1.0,0.903198,1.0,1.0,1.0,0.940171,0.994017
gv_recoverable_transformer,219,1.0,0.916065,1.0,1.0,1.0,0.948123,0.994812
gv_recoverable_transformer,220,1.0,0.917939,0.999289,0.999289,0.999289,0.949009,0.99451
gv_recoverable_transformer,221,0.996169,0.911715,0.99056,0.99056,0.990559,0.941829,0.98765
gv_recoverable_transformer,222,0.996115,0.90946,0.98589,0.985883,0.985876,0.938649,0.984741
gv_recoverable_transformer,223,1.0,0.919856,0.993952,0.993935,0.993918,0.94815,0.99148
gv_recoverable_transformer,224,1.0,0.92236,0.994182,0.994162,0.994141,0.949784,0.991768
gv_recoverable_transformer,225,1.0,0.928834,0.998452,0.998428,0.998404,0.955415,0.994678
gv_recoverable_transformer,226,1.0,0.939067,1.0,1.0,1.0,0.96234,0.996234
gv_recoverable_transformer,227,1.0,0.936446,0.995502,0.995502,0.995502,0.959001,0.993426
gv_recoverable_transformer,228,1.0,0.947478,1.0,1.0,1.0,0.967538,0.996754
gv_recoverable_transformer,229,1.0,0.953642,1.0,1.0,1.0,0.971348,0.997135
gv_recoverable_transformer,230,0.990102,0.940252,0.985182,0.985182,0.985182,0.957413,0.984127
gv_recoverable_transformer,231,1.0,0.9594,1.0,1.0,1.0,0.974907,0.997491
gv_recoverable_transformer,232,0.998911,0.954641,0.993991,0.993991,0.993991,0.969671,0.993281
gv_recoverable_transformer,233,0.98397,0.936177,0.974323,0.974319,0.974315,0.950745,0.97534
gv_recoverable_transformer,234,0.976349,0.925602,0.96261,0.962588,0.962566,0.939729,0.965119
gv_recoverable_transformer,235,0.969017,0.915641,0.951561,0.951514,0.951466,0.929342,0.955425
gv_recoverable_transformer,236,0.974563,0.918866,0.953747,0.953667,0.953587,0.932158,0.958834
gv_recoverable_transformer,237,0.976197,0.918078,0.95195,0.95184,0.95173,0.930973,0.958284
gv_recoverable_transformer,238,0.977075,0.91656,0.949455,0.949315,0.949175,0.92907,0.957014
gv_recoverable_transformer,239,0.989431,0.926566,0.958519,0.958348,0.958177,0.938704,0.967271
gv_recoverable_transformer,240,0.99843,0.932906,0.963933,0.963739,0.963543,0.944682,0.973985
gv_recoverable_transformer,241,1.0,0.938765,0.968887,0.968674,0.968459,0.950188,0.9778
gv_recoverable_transformer,242,1.0,0.945569,0.974807,0.974578,0.974348,0.956648,0.981694
gv_recoverable_transformer,243,1.0,0.954639,0.983012,0.982773,0.982532,0.965383,0.987075
gv_recoverable_transformer,244,0.979625,0.930741,0.958264,0.95802,0.957775,0.941159,0.963907
gv_recoverable_transformer,245,0.980171,0.928501,0.955234,0.954969,0.954702,0.938609,0.962167
gv_recoverable_transformer,246,0.958929,0.904541,0.930513,0.930225,0.929935,0.914349,0.938698
gv_recoverable_transformer,247,0.964281,0.907913,0.933183,0.932856,0.932525,0.917437,0.942329
gv_recoverable_transformer,248,0.969146,0.910694,0.935279,0.934915,0.934548,0.919942,0.945416
gv_recoverable_transformer,249,0.986612,0.925991,0.94991,0.949512,0.94911,0.934971,0.961062
gv_recoverable_transformer,250,1.0,0.942522,0.965774,0.965354,0.964929,0.951238,0.976089
gv_recoverable_transformer,251,1.0,0.946726,0.96931,0.968878,0.968443,0.955182,0.978422
gv_recoverable_transformer,252,0.998916,0.942362,0.964293,0.963854,0.96341,0.950566,0.974818
gv_recoverable_transformer,253,1.0,0.94996,0.971265,0.970815,0.970359,0.957919,0.979762
gv_recoverable_transformer,254,0.998585,0.945166,0.965855,0.965399,0.964937,0.952888,0.975785
gv_recoverable_transformer,255,1.0,0.946838,0.966938,0.966472,0.966,0.954331,0.977015
gv_recoverable_transformer,256,1.0,0.960309,0.979836,0.979362,0.978881,0.967579,0.98543
gv_recoverable_transformer,257,0.998227,0.954838,0.973792,0.973319,0.972838,0.96189,0.980916
gv_recoverable_transformer,258,1.0,0.965897,0.984304,0.983828,0.983343,0.972738,0.988402
gv_recoverable_transformer,259,1.0,0.975077,0.992939,0.992466,0.991985,0.981711,0.99405
