time,module,local_recovery_strength,local_persistence,local_directional,local_volatility,local_gv,global_resource,global_hysteresis,global_gv,coupling_gap
0,0,0.754571,0.854571,0.884571,0.154571,0.820114,1.0,0.0,0.99,-0.169886
0,1,0.7344,0.8344,0.8644,0.1656,0.8004,1.0,0.0,0.99,-0.1896
0,2,0.761257,0.861257,0.891257,0.161257,0.826131,1.0,0.0,0.99,-0.163869
0,3,0.764108,0.864108,0.894108,0.164108,0.828698,1.0,0.0,0.99,-0.161302
0,4,0.720734,0.820734,0.850734,0.179266,0.786734,1.0,0.0,0.99,-0.203266
1,0,0.730467,0.830467,0.860467,0.169533,0.796467,1.0,0.0,0.99,-0.193533
1,1,0.751918,0.851918,0.881918,0.151918,0.817726,1.0,0.0,0.99,-0.172274
1,2,0.745256,0.845256,0.875256,0.154744,0.811256,1.0,0.0,0.99,-0.178744
1,3,0.749748,0.849748,0.879748,0.150252,0.815748,1.0,0.0,0.99,-0.174252
1,4,0.737204,0.837204,0.867204,0.162796,0.803204,1.0,0.0,0.99,-0.186796
2,0,0.763191,0.863191,0.893191,0.163191,0.827872,1.0,0.0,0.99,-0.162128
2,1,0.761667,0.861667,0.891667,0.161667,0.8265,1.0,0.0,0.99,-0.1635
2,2,0.75099,0.85099,0.88099,0.15099,0.816891,1.0,0.0,0.99,-0.173109
2,3,0.766909,0.866909,0.896909,0.166909,0.831218,1.0,0.0,0.99,-0.158782
2,4,0.757013,0.857013,0.887013,0.157013,0.822311,1.0,0.0,0.99,-0.167689
3,0,0.737111,0.837111,0.867111,0.162889,0.803111,1.0,0.0,0.99,-0.186889
3,1,0.755531,0.855531,0.885531,0.155531,0.820978,1.0,0.0,0.99,-0.169022
3,2,0.735617,0.835617,0.865617,0.164383,0.801617,1.0,0.0,0.99,-0.188383
3,3,0.763177,0.863177,0.893177,0.163177,0.827859,1.0,0.0,0.99,-0.162141
3,4,0.749251,0.849251,0.879251,0.150749,0.815251,1.0,0.0,0.99,-0.174749
4,0,0.747227,0.847227,0.877227,0.152773,0.813227,1.0,0.0,0.99,-0.176773
4,1,0.739786,0.839786,0.869786,0.160214,0.805786,1.0,0.0,0.99,-0.184214
4,2,0.768338,0.868338,0.898338,0.168338,0.832504,1.0,0.0,0.99,-0.157496
4,3,0.747682,0.847682,0.877682,0.152318,0.813682,1.0,0.0,0.99,-0.176318
4,4,0.743575,0.843575,0.873575,0.156425,0.809575,1.0,0.0,0.99,-0.180425
5,0,0.744718,0.844718,0.874718,0.155282,0.810718,1.0,0.0,0.99,-0.179282
5,1,0.757985,0.857985,0.887985,0.157985,0.823186,1.0,0.0,0.99,-0.166814
5,2,0.755482,0.855482,0.885482,0.155482,0.820933,1.0,0.0,0.99,-0.169067
5,3,0.756191,0.856191,0.886191,0.156191,0.821572,1.0,0.0,0.99,-0.168428
5,4,0.756462,0.856462,0.886462,0.156462,0.821816,1.0,0.0,0.99,-0.168184
6,0,0.782125,0.882125,0.912125,0.182125,0.844912,1.0,0.0,0.99,-0.145088
6,1,0.743904,0.843904,0.873904,0.156096,0.809904,1.0,0.0,0.99,-0.180096
6,2,0.742316,0.842316,0.872316,0.157684,0.808316,1.0,0.0,0.99,-0.181684
6,3,0.737793,0.837793,0.867793,0.162207,0.803793,1.0,0.0,0.99,-0.186207
6,4,0.75924,0.85924,0.88924,0.15924,0.824316,1.0,0.0,0.99,-0.165684
7,0,0.766935,0.866935,0.896935,0.166935,0.831241,1.0,0.0,0.99,-0.158759
7,1,0.748291,0.848291,0.878291,0.151709,0.814291,1.0,0.0,0.99,-0.175709
7,2,0.737398,0.837398,0.867398,0.162602,0.803398,1.0,0.0,0.99,-0.186602
7,3,0.737633,0.837633,0.867633,0.162367,0.803633,1.0,0.0,0.99,-0.186367
7,4,0.759759,0.859759,0.889759,0.159759,0.824783,1.0,0.0,0.99,-0.165217
8,0,0.761149,0.861149,0.891149,0.161149,0.826034,1.0,0.0,0.99,-0.163966
8,1,0.758147,0.858147,0.888147,0.158147,0.823333,1.0,0.0,0.99,-0.166667
8,2,0.740017,0.840017,0.870017,0.159983,0.806017,1.0,0.0,0.99,-0.183983
8,3,0.753482,0.853482,0.883482,0.153482,0.819134,1.0,0.0,0.99,-0.170866
8,4,0.75175,0.85175,0.88175,0.15175,0.817575,1.0,0.0,0.99,-0.172425
9,0,0.75328,0.85328,0.88328,0.15328,0.818952,1.0,0.0,0.99,-0.171048
9,1,0.763071,0.863071,0.893071,0.163071,0.827764,1.0,0.0,0.99,-0.162236
9,2,0.753354,0.853354,0.883354,0.153354,0.819019,1.0,0.0,0.99,-0.170981
9,3,0.760184,0.860184,0.890184,0.160184,0.825165,1.0,0.0,0.99,-0.164835
9,4,0.751014,0.851014,0.881014,0.151014,0.816912,1.0,0.0,0.99,-0.173088
10,0,0.754337,0.854337,0.884337,0.154337,0.819903,1.0,0.0,0.99,-0.170097
10,1,0.759469,0.859469,0.889469,0.159469,0.824522,1.0,0.0,0.99,-0.165478
10,2,0.728143,0.828143,0.858143,0.171857,0.794143,1.0,0.0,0.99,-0.195857
10,3,0.745205,0.845205,0.875205,0.154795,0.811205,1.0,0.0,0.99,-0.178795
10,4,0.742944,0.842944,0.872944,0.157056,0.808944,1.0,0.0,0.99,-0.181056
11,0,0.740417,0.840417,0.870417,0.159583,0.806417,1.0,0.0,0.99,-0.183583
11,1,0.745873,0.845873,0.875873,0.154127,0.811873,1.0,0.0,0.99,-0.178127
11,2,0.772424,0.872424,0.902424,0.172424,0.836182,1.0,0.0,0.99,-0.153818
11,3,0.737013,0.837013,0.867013,0.162987,0.803013,1.0,0.0,0.99,-0.186987
11,4,0.764524,0.864524,0.894524,0.164524,0.829072,1.0,0.0,0.99,-0.160928
12,0,0.724757,0.824757,0.854757,0.175243,0.790757,1.0,0.0,0.99,-0.199243
12,1,0.744977,0.844977,0.874977,0.155023,0.810977,1.0,0.0,0.99,-0.179023
12,2,0.752441,0.852441,0.882441,0.152441,0.818197,1.0,0.0,0.99,-0.171803
12,3,0.758793,0.858793,0.888793,0.158793,0.823914,1.0,0.0,0.99,-0.166086
12,4,0.760668,0.860668,0.890668,0.160668,0.825602,1.0,0.0,0.99,-0.164398
13,0,0.7619,0.8619,0.8919,0.1619,0.82671,1.0,0.0,0.99,-0.16329
13,1,0.744769,0.844769,0.874769,0.155231,0.810769,1.0,0.0,0.99,-0.179231
13,2,0.743065,0.843065,0.873065,0.156935,0.809065,1.0,0.0,0.99,-0.180935
13,3,0.76287,0.86287,0.89287,0.16287,0.827583,1.0,0.0,0.99,-0.162417
13,4,0.74713,0.84713,0.87713,0.15287,0.81313,1.0,0.0,0.99,-0.17687
14,0,0.730865,0.830865,0.860865,0.169135,0.796865,1.0,0.0,0.99,-0.193135
14,1,0.733001,0.833001,0.863001,0.166999,0.799001,1.0,0.0,0.99,-0.190999
14,2,0.736208,0.836208,0.866208,0.163792,0.802208,1.0,0.0,0.99,-0.187792
14,3,0.757457,0.857457,0.887457,0.157457,0.822712,1.0,0.0,0.99,-0.167288
14,4,0.752136,0.852136,0.882136,0.152136,0.817923,1.0,0.0,0.99,-0.172077
15,0,0.760357,0.860357,0.890357,0.160357,0.825322,1.0,0.0,0.99,-0.164678
15,1,0.743591,0.843591,0.873591,0.156409,0.809591,1.0,0.0,0.99,-0.180409
15,2,0.752378,0.852378,0.882378,0.152378,0.81814,1.0,0.0,0.99,-0.17186
15,3,0.759384,0.859384,0.889384,0.159384,0.824445,1.0,0.0,0.99,-0.165555
15,4,0.74536,0.84536,0.87536,0.15464,0.81136,1.0,0.0,0.99,-0.17864
16,0,0.756852,0.856852,0.886852,0.156852,0.822166,1.0,0.0,0.99,-0.167834
16,1,0.740071,0.840071,0.870071,0.159929,0.806071,1.0,0.0,0.99,-0.183929
16,2,0.744554,0.844554,0.874554,0.155446,0.810554,1.0,0.0,0.99,-0.179446
16,3,0.744274,0.844274,0.874274,0.155726,0.810274,1.0,0.0,0.99,-0.179726
16,4,0.732062,0.832062,0.862062,0.167938,0.798062,1.0,0.0,0.99,-0.191938
17,0,0.757305,0.857305,0.887305,0.157305,0.822574,1.0,0.0,0.99,-0.167426
17,1,0.742959,0.842959,0.872959,0.157041,0.808959,1.0,0.0,0.99,-0.181041
17,2,0.750187,0.850187,0.880187,0.150187,0.816169,1.0,0.0,0.99,-0.173831
17,3,0.757211,0.857211,0.887211,0.157211,0.82249,1.0,0.0,0.99,-0.16751
17,4,0.756698,0.856698,0.886698,0.156698,0.822028,1.0,0.0,0.99,-0.167972
18,0,0.759981,0.859981,0.889981,0.159981,0.824983,1.0,0.0,0.99,-0.165017
18,1,0.748523,0.848523,0.878523,0.151477,0.814523,1.0,0.0,0.99,-0.175477
18,2,0.743651,0.843651,0.873651,0.156349,0.809651,1.0,0.0,0.99,-0.180349
18,3,0.748804,0.848804,0.878804,0.151196,0.814804,1.0,0.0,0.99,-0.175196
18,4,0.72469,0.82469,0.85469,0.17531,0.79069,1.0,0.0,0.99,-0.19931
19,0,0.728293,0.828293,0.858293,0.171707,0.794293,1.0,0.0,0.99,-0.195707
19,1,0.73016,0.83016,0.86016,0.16984,0.79616,1.0,0.0,0.99,-0.19384
19,2,0.735041,0.835041,0.865041,0.164959,0.801041,1.0,0.0,0.99,-0.188959
19,3,0.755997,0.855997,0.885997,0.155997,0.821397,1.0,0.0,0.99,-0.168603
19,4,0.736418,0.836418,0.866418,0.163582,0.802418,1.0,0.0,0.99,-0.187582
20,0,0.649328,0.824328,0.856578,0.275672,0.755778,1.0,0.0,0.99,-0.234222
20,1,0.674488,0.849488,0.881738,0.289488,0.77899,1.0,0.0,0.99,-0.21101
20,2,0.649656,0.824656,0.856906,0.275344,0.756106,1.0,0.0,0.99,-0.233894
20,3,0.666063,0.841063,0.873313,0.281063,0.771406,1.0,0.0,0.99,-0.218594
20,4,0.640996,0.815996,0.848246,0.284004,0.747446,1.0,0.0,0.99,-0.242554
21,0,0.771918,0.856918,0.883168,0.153082,0.827668,1.0,0.0,0.99,-0.162332
21,1,0.76075,0.84575,0.872,0.16425,0.8165,1.0,0.0,0.99,-0.1735
21,2,0.769915,0.854915,0.881165,0.155085,0.825665,1.0,0.0,0.99,-0.164335
21,3,0.787605,0.872605,0.898855,0.162605,0.842094,1.0,0.0,0.99,-0.147906
21,4,0.74909,0.83409,0.86034,0.17591,0.80484,1.0,0.0,0.99,-0.18516
22,0,0.781516,0.866516,0.892766,0.156516,0.836615,1.0,0.0,0.99,-0.153385
22,1,0.778566,0.863566,0.889816,0.153566,0.833959,1.0,0.0,0.99,-0.156041
22,2,0.766088,0.851088,0.877338,0.158912,0.821838,1.0,0.0,0.99,-0.168162
22,3,0.753309,0.838309,0.864559,0.171691,0.809059,1.0,0.0,0.99,-0.180941
22,4,0.776082,0.861082,0.887332,0.151082,0.831724,1.0,0.0,0.99,-0.158276
23,0,0.767058,0.852058,0.878308,0.157942,0.822808,1.0,0.0,0.99,-0.167192
23,1,0.77849,0.86349,0.88974,0.15349,0.833891,1.0,0.0,0.99,-0.156109
23,2,0.775328,0.860328,0.886578,0.150328,0.831045,1.0,0.0,0.99,-0.158955
23,3,0.799027,0.884027,0.910277,0.174027,0.852374,1.0,0.0,0.99,-0.137626
23,4,0.77141,0.85641,0.88266,0.15359,0.82716,1.0,0.0,0.99,-0.16284
24,0,0.759648,0.844648,0.870898,0.165352,0.815398,1.0,0.0,0.99,-0.174602
24,1,0.777689,0.862689,0.888939,0.152689,0.83317,1.0,0.0,0.99,-0.15683
24,2,0.7783,0.8633,0.88955,0.1533,0.83372,1.0,0.0,0.99,-0.15628
24,3,0.795388,0.880388,0.906638,0.170388,0.849099,1.0,0.0,0.99,-0.140901
24,4,0.787527,0.872527,0.898777,0.162527,0.842024,1.0,0.0,0.99,-0.147976
25,0,0.685353,0.845353,0.873853,0.275353,0.781018,1.0,0.0,0.99,-0.208982
25,1,0.70195,0.86195,0.89045,0.29195,0.795955,1.0,0.0,0.99,-0.194045
25,2,0.662169,0.822169,0.850669,0.287831,0.758369,1.0,0.0,0.99,-0.231631
25,3,0.670404,0.830404,0.858904,0.279596,0.766604,1.0,0.0,0.99,-0.223396
25,4,0.666101,0.826101,0.854601,0.283899,0.762301,1.0,0.0,0.99,-0.227699
26,0,0.794153,0.864153,0.886653,0.155847,0.839653,1.0,0.0,0.99,-0.150347
26,1,0.77935,0.84935,0.87185,0.17065,0.82485,1.0,0.0,0.99,-0.16515
26,2,0.809527,0.879527,0.902027,0.159527,0.854075,1.0,0.0,0.99,-0.135925
26,3,0.796667,0.866667,0.889167,0.153333,0.842167,1.0,0.0,0.99,-0.147833
26,4,0.777938,0.847938,0.870438,0.172062,0.823438,1.0,0.0,0.99,-0.166562
27,0,0.784766,0.854766,0.877266,0.165234,0.830266,1.0,0.0,0.99,-0.159734
27,1,0.804703,0.874703,0.897203,0.154703,0.849732,1.0,0.0,0.99,-0.140268
27,2,0.812572,0.882572,0.905072,0.162572,0.856815,1.0,0.0,0.99,-0.133185
27,3,0.829951,0.899951,0.922451,0.179951,0.872456,1.0,0.0,0.99,-0.117544
27,4,0.843708,0.913708,0.936208,0.193708,0.884837,1.0,0.0,0.99,-0.105163
28,0,0.806216,0.876216,0.898716,0.156216,0.851095,1.0,0.0,0.99,-0.138905
28,1,0.785157,0.855157,0.877657,0.164843,0.830657,1.0,0.0,0.99,-0.159343
28,2,0.768019,0.838019,0.860519,0.181981,0.813519,1.0,0.0,0.99,-0.176481
28,3,0.804016,0.874016,0.896516,0.154016,0.849114,1.0,0.0,0.99,-0.140886
28,4,0.787806,0.857806,0.880306,0.162194,0.833306,1.0,0.0,0.99,-0.156694
29,0,0.79377,0.86377,0.88627,0.15623,0.83927,1.0,0.0,0.99,-0.15073
29,1,0.790819,0.860819,0.883319,0.159181,0.836319,1.0,0.0,0.99,-0.153681
29,2,0.797888,0.867888,0.890388,0.152112,0.843388,1.0,0.0,0.99,-0.146612
29,3,0.81599,0.88599,0.90849,0.16599,0.859891,1.0,0.0,0.99,-0.130109
29,4,0.802356,0.872356,0.894856,0.152356,0.84762,1.0,0.0,0.99,-0.14238
30,0,0.70262,0.84762,0.87237,0.27238,0.78857,1.0,0.0,0.99,-0.20143
30,1,0.689465,0.834465,0.859215,0.285535,0.775415,1.0,0.0,0.99,-0.214585
30,2,0.67988,0.82488,0.84963,0.29512,0.76583,1.0,0.0,0.99,-0.22417
30,3,0.697705,0.842705,0.867455,0.277295,0.783655,1.0,0.0,0.99,-0.206345
30,4,0.704193,0.849193,0.873943,0.270807,0.790143,1.0,0.0,0.99,-0.199857
31,0,0.851519,0.906519,0.925269,0.176519,0.884117,1.0,0.0,0.99,-0.105883
31,1,0.826954,0.881954,0.900704,0.151954,0.862009,1.0,0.0,0.99,-0.127991
31,2,0.839741,0.894741,0.913491,0.164741,0.873517,1.0,0.0,0.99,-0.116483
31,3,0.817511,0.872511,0.891261,0.157489,0.852761,1.0,0.0,0.99,-0.137239
31,4,0.807226,0.862226,0.880976,0.167774,0.842476,1.0,0.0,0.99,-0.147524
32,0,0.810523,0.865523,0.884273,0.164477,0.845773,1.0,0.0,0.99,-0.144227
32,1,0.814122,0.869122,0.887872,0.160878,0.849372,1.0,0.0,0.99,-0.140628
32,2,0.856927,0.911927,0.930677,0.181927,0.888984,1.0,0.0,0.99,-0.101016
32,3,0.812679,0.867679,0.886429,0.162321,0.847929,1.0,0.0,0.99,-0.142071
32,4,0.837577,0.892577,0.911327,0.162577,0.87157,1.0,0.0,0.99,-0.11843
33,0,0.811456,0.866456,0.885206,0.163544,0.846706,1.0,0.0,0.99,-0.143294
33,1,0.838974,0.893974,0.912724,0.163974,0.872826,1.0,0.0,0.99,-0.117174
33,2,0.830774,0.885774,0.904524,0.155774,0.865447,1.0,0.0,0.99,-0.124553
33,3,0.82265,0.87765,0.8964,0.15235,0.8579,1.0,0.0,0.99,-0.1321
33,4,0.824389,0.879389,0.898139,0.150611,0.859639,1.0,0.0,0.99,-0.130361
34,0,0.815178,0.870178,0.888928,0.159822,0.850428,1.0,0.0,0.99,-0.139572
34,1,0.831691,0.886691,0.905441,0.156691,0.866272,1.0,0.0,0.99,-0.123728
34,2,0.818175,0.873175,0.891925,0.156825,0.853425,1.0,0.0,0.99,-0.136575
34,3,0.806616,0.861616,0.880366,0.168384,0.841866,1.0,0.0,0.99,-0.148134
34,4,0.805831,0.860831,0.879581,0.169169,0.841081,1.0,0.0,0.99,-0.148919
35,0,0.732589,0.862589,0.883589,0.272589,0.80803,1.0,0.0,0.99,-0.18197
35,1,0.753686,0.883686,0.904686,0.293686,0.827018,1.0,0.0,0.99,-0.162982
35,2,0.7324,0.8624,0.8834,0.2724,0.80786,1.0,0.0,0.99,-0.18214
35,3,0.72822,0.85822,0.87922,0.27178,0.80392,1.0,0.0,0.99,-0.18608
35,4,0.734287,0.864287,0.885287,0.274287,0.809559,1.0,0.0,0.99,-0.180441
36,0,0.86959,0.90959,0.92459,0.16959,0.892631,1.0,0.0,0.99,-0.097369
36,1,0.853291,0.893291,0.908291,0.153291,0.877962,1.0,0.0,0.99,-0.112038
36,2,0.843836,0.883836,0.898836,0.156164,0.868836,1.0,0.0,0.99,-0.121164
36,3,0.866594,0.906594,0.921594,0.166594,0.889935,1.0,0.0,0.99,-0.100065
36,4,0.856431,0.896431,0.911431,0.156431,0.880788,1.0,0.0,0.99,-0.109212
37,0,0.873036,0.913036,0.928036,0.173036,0.895733,1.0,0.0,0.99,-0.094267
37,1,0.852749,0.892749,0.907749,0.152749,0.877474,1.0,0.0,0.99,-0.112526
37,2,0.831633,0.871633,0.886633,0.168367,0.856633,1.0,0.0,0.99,-0.133367
37,3,0.829478,0.869478,0.884478,0.170522,0.854478,1.0,0.0,0.99,-0.135522
37,4,0.874764,0.914764,0.929764,0.174764,0.897288,1.0,0.0,0.99,-0.092712
38,0,0.875855,0.915855,0.930855,0.175855,0.898269,1.0,0.0,0.99,-0.091731
38,1,0.847307,0.887307,0.902307,0.152693,0.872307,1.0,0.0,0.99,-0.117693
38,2,0.844252,0.884252,0.899252,0.155748,0.869252,1.0,0.0,0.99,-0.120748
38,3,0.871922,0.911922,0.926922,0.171922,0.894729,1.0,0.0,0.99,-0.095271
38,4,0.833394,0.873394,0.888394,0.166606,0.858394,1.0,0.0,0.99,-0.131606
39,0,0.836579,0.876579,0.891579,0.163421,0.861579,1.0,0.0,0.99,-0.128421
39,1,0.85965,0.89965,0.91465,0.15965,0.883685,1.0,0.0,0.99,-0.106315
39,2,0.844081,0.884081,0.899081,0.155919,0.869081,1.0,0.0,0.99,-0.120919
39,3,0.849923,0.889923,0.904923,0.150077,0.874923,1.0,0.0,0.99,-0.115077
39,4,0.847548,0.887548,0.902548,0.152452,0.872548,1.0,0.0,0.99,-0.117452
40,0,0.760064,0.875064,0.892314,0.275064,0.825007,1.0,0.0,0.99,-0.164993
40,1,0.776112,0.891112,0.908362,0.291112,0.839451,1.0,0.0,0.99,-0.150549
40,2,0.756359,0.871359,0.888609,0.271359,0.821673,1.0,0.0,0.99,-0.168327
40,3,0.764659,0.879659,0.896909,0.279659,0.829143,1.0,0.0,0.99,-0.160857
40,4,0.724247,0.839247,0.856497,0.300753,0.789697,1.0,0.0,0.99,-0.200303
41,0,0.874269,0.899269,0.910519,0.150731,0.889019,1.0,0.0,0.99,-0.100981
41,1,0.862352,0.887352,0.898602,0.162648,0.877102,1.0,0.0,0.99,-0.112898
41,2,0.856718,0.881718,0.892968,0.168282,0.871468,1.0,0.0,0.99,-0.118532
41,3,0.861828,0.886828,0.898078,0.163172,0.876578,1.0,0.0,0.99,-0.113422
41,4,0.869988,0.894988,0.906238,0.155012,0.884738,1.0,0.0,0.99,-0.105262
42,0,0.888739,0.913739,0.924989,0.163739,0.902115,1.0,0.0,0.99,-0.087885
42,1,0.855104,0.880104,0.891354,0.169896,0.869854,1.0,0.0,0.99,-0.120146
42,2,0.875459,0.900459,0.911709,0.150459,0.890164,1.0,0.0,0.99,-0.099836
42,3,0.867737,0.892737,0.903987,0.157263,0.882487,1.0,0.0,0.99,-0.107513
42,4,0.870085,0.895085,0.906335,0.154915,0.884835,1.0,0.0,0.99,-0.105165
43,0,0.890041,0.915041,0.926291,0.165041,0.903287,1.0,0.0,0.99,-0.086713
43,1,0.883072,0.908072,0.919322,0.158072,0.897015,1.0,0.0,0.99,-0.092985
43,2,0.895061,0.920061,0.931311,0.170061,0.907805,1.0,0.0,0.99,-0.082195
43,3,0.872682,0.897682,0.908932,0.152318,0.887432,1.0,0.0,0.99,-0.102568
43,4,0.864561,0.889561,0.900811,0.160439,0.879311,1.0,0.0,0.99,-0.110689
44,0,0.871642,0.896642,0.907892,0.153358,0.886392,1.0,0.0,0.99,-0.103608
44,1,0.878637,0.903637,0.914887,0.153637,0.893024,1.0,0.0,0.99,-0.096976
44,2,0.877649,0.902649,0.913899,0.152649,0.892134,1.0,0.0,0.99,-0.097866
44,3,0.858734,0.883734,0.894984,0.166266,0.873484,1.0,0.0,0.99,-0.116516
44,4,0.876357,0.901357,0.912607,0.151357,0.890972,1.0,0.0,0.99,-0.099028
45,0,0.783423,0.883423,0.896923,0.273423,0.838281,1.0,0.0,0.99,-0.151719
45,1,0.817762,0.917762,0.931262,0.307762,0.869186,1.0,0.0,0.99,-0.120814
45,2,0.808153,0.908153,0.921653,0.298153,0.860537,1.0,0.0,0.99,-0.129463
45,3,0.767201,0.867201,0.880701,0.282799,0.822401,1.0,0.0,0.99,-0.167599
45,4,0.775689,0.875689,0.889189,0.274311,0.830889,1.0,0.0,0.99,-0.159111
46,0,0.878048,0.888048,0.895548,0.171952,0.882548,0.994,0.008,0.9828,-0.100252
46,1,0.891139,0.901139,0.908639,0.158861,0.895639,0.994,0.008,0.9828,-0.087161
46,2,0.904734,0.914734,0.922234,0.154734,0.908761,0.994,0.008,0.9828,-0.074039
46,3,0.918088,0.928088,0.935588,0.168088,0.920779,0.994,0.008,0.9828,-0.062021
46,4,0.889064,0.899064,0.906564,0.160936,0.893564,0.994,0.008,0.9828,-0.089236
47,0,0.890188,0.900188,0.907688,0.159812,0.894688,0.988,0.016,0.9756,-0.080912
47,1,0.867791,0.877791,0.885291,0.182209,0.872291,0.988,0.016,0.9756,-0.103309
47,2,0.89756,0.90756,0.91506,0.15244,0.90206,0.988,0.016,0.9756,-0.07354
47,3,0.884064,0.894064,0.901564,0.165936,0.888564,0.988,0.016,0.9756,-0.087036
47,4,0.892058,0.902058,0.909558,0.157942,0.896558,0.988,0.016,0.9756,-0.079042
48,0,0.886847,0.896847,0.904347,0.163153,0.891347,0.982,0.024,0.9684,-0.077053
48,1,0.898586,0.908586,0.916086,0.151414,0.903086,0.982,0.024,0.9684,-0.065314
48,2,0.873634,0.883634,0.891134,0.176366,0.878134,0.982,0.024,0.9684,-0.090266
48,3,0.877994,0.887994,0.895494,0.172006,0.882494,0.982,0.024,0.9684,-0.085906
48,4,0.931939,0.941939,0.949439,0.181939,0.933245,0.982,0.024,0.9684,-0.035155
49,0,0.880689,0.890689,0.898189,0.169311,0.885189,0.976,0.032,0.9612,-0.076011
49,1,0.883548,0.893548,0.901048,0.166452,0.888048,0.976,0.032,0.9612,-0.073152
49,2,0.927554,0.937554,0.945054,0.177554,0.929298,0.976,0.032,0.9612,-0.031902
49,3,0.943576,0.953576,0.961076,0.193576,0.943718,0.976,0.032,0.9612,-0.017482
49,4,0.882427,0.892427,0.899927,0.167573,0.886927,0.976,0.032,0.9612,-0.074273
50,0,0.799476,0.884476,0.894226,0.275524,0.844426,0.97,0.04,0.954,-0.109574
50,1,0.810123,0.895123,0.904873,0.275123,0.854561,0.97,0.04,0.954,-0.099439
50,2,0.83093,0.91593,0.92568,0.29593,0.873287,0.97,0.04,0.954,-0.080713
50,3,0.790197,0.875197,0.884947,0.284803,0.835147,0.97,0.04,0.954,-0.118853
50,4,0.801321,0.886321,0.896071,0.273679,0.846271,0.97,0.04,0.954,-0.107729
51,0,0.93666,0.93166,0.93541,0.16166,0.929744,0.964,0.048,0.9468,-0.017056
51,1,0.931521,0.926521,0.930271,0.156521,0.925119,0.964,0.048,0.9468,-0.021681
51,2,0.919358,0.914358,0.918108,0.155642,0.913608,0.964,0.048,0.9468,-0.033192
51,3,0.922993,0.917993,0.921743,0.152007,0.917243,0.964,0.048,0.9468,-0.029557
51,4,0.904377,0.899377,0.903127,0.170623,0.898627,0.964,0.048,0.9468,-0.048173
52,0,0.921427,0.916427,0.920177,0.153573,0.915677,0.958,0.056,0.9396,-0.023923
52,1,0.921004,0.916004,0.919754,0.153996,0.915254,0.958,0.056,0.9396,-0.024346
52,2,0.928483,0.923483,0.927233,0.153483,0.922384,0.958,0.056,0.9396,-0.017216
52,3,0.91667,0.91167,0.91542,0.15833,0.91092,0.958,0.056,0.9396,-0.02868
52,4,0.932073,0.927073,0.930823,0.157073,0.925616,0.958,0.056,0.9396,-0.013984
53,0,0.940191,0.935191,0.938941,0.165191,0.932922,0.952,0.064,0.9324,0.000522
53,1,0.927331,0.922331,0.926081,0.152331,0.921348,0.952,0.064,0.9324,-0.011052
53,2,0.930276,0.925276,0.929026,0.155276,0.923999,0.952,0.064,0.9324,-0.008401
53,3,0.925797,0.920797,0.924547,0.150797,0.919968,0.952,0.064,0.9324,-0.012432
53,4,0.925001,0.920001,0.923751,0.150001,0.919251,0.952,0.064,0.9324,-0.013149
54,0,0.914177,0.909177,0.912927,0.160823,0.908427,0.946,0.072,0.9252,-0.016773
54,1,0.929747,0.924747,0.928497,0.154747,0.923523,0.946,0.072,0.9252,-0.001677
54,2,0.923541,0.918541,0.922291,0.151459,0.917791,0.946,0.072,0.9252,-0.007409
54,3,0.956398,0.951398,0.955148,0.181398,0.947508,0.946,0.072,0.9252,0.022308
54,4,0.9486,0.9436,0.94735,0.1736,0.94049,0.946,0.072,0.9252,0.01529
55,0,0.835788,0.905788,0.911788,0.275788,0.869909,0.94,0.08,0.918,-0.048091
55,1,0.818554,0.888554,0.894554,0.281446,0.853254,0.94,0.08,0.918,-0.064746
55,2,0.813314,0.883314,0.889314,0.286686,0.848014,0.94,0.08,0.918,-0.069986
55,3,0.847867,0.917867,0.923867,0.287867,0.88078,0.94,0.08,0.918,-0.03722
55,4,0.833941,0.903941,0.909941,0.273941,0.868247,0.94,0.08,0.918,-0.049753
56,0,0.957202,0.937202,0.937202,0.157202,0.940482,0.934,0.088,0.9108,0.029682
56,1,0.923831,0.903831,0.903831,0.176169,0.907831,0.934,0.088,0.9108,-0.002969
56,2,0.963912,0.943912,0.943912,0.163912,0.94652,0.934,0.088,0.9108,0.03572
56,3,0.956816,0.936816,0.936816,0.156816,0.940135,0.934,0.088,0.9108,0.029335
56,4,0.933344,0.913344,0.913344,0.166656,0.917344,0.934,0.088,0.9108,0.006544
57,0,0.942927,0.922927,0.922927,0.157073,0.926927,0.928,0.096,0.9036,0.023327
57,1,0.953956,0.933956,0.933956,0.153956,0.93756,0.928,0.096,0.9036,0.03396
57,2,0.950787,0.930787,0.930787,0.150787,0.934708,0.928,0.096,0.9036,0.031108
57,3,0.945617,0.925617,0.925617,0.154383,0.929617,0.928,0.096,0.9036,0.026017
57,4,0.948448,0.928448,0.928448,0.151552,0.932448,0.928,0.096,0.9036,0.028848
58,0,0.94622,0.92622,0.92622,0.15378,0.93022,0.922,0.104,0.8964,0.03382
58,1,0.952288,0.932288,0.932288,0.152288,0.93606,0.922,0.104,0.8964,0.03966
58,2,0.972072,0.952072,0.952072,0.172072,0.953865,0.922,0.104,0.8964,0.057465
58,3,0.9115,0.8915,0.8915,0.1885,0.8955,0.922,0.104,0.8964,-0.0009
58,4,0.946447,0.926447,0.926447,0.153553,0.930447,0.922,0.104,0.8964,0.034047
59,0,0.952648,0.932648,0.932648,0.152648,0.936383,0.916,0.112,0.8892,0.047183
59,1,0.95444,0.93444,0.93444,0.15444,0.937996,0.916,0.112,0.8892,0.048796
59,2,0.944421,0.924421,0.924421,0.155579,0.928421,0.916,0.112,0.8892,0.039221
59,3,0.923649,0.903649,0.903649,0.176351,0.907649,0.916,0.112,0.8892,0.018449
59,4,0.95492,0.93492,0.93492,0.15492,0.938428,0.916,0.112,0.8892,0.049228
60,0,0.88091,0.93591,0.93816,0.29591,0.902769,0.91,0.12,0.882,0.020769
60,1,0.831992,0.886992,0.889242,0.293008,0.856442,0.91,0.12,0.882,-0.025558
60,2,0.867957,0.922957,0.925207,0.282957,0.891112,0.91,0.12,0.882,0.009112
60,3,0.850072,0.905072,0.907322,0.274928,0.874522,0.91,0.12,0.882,-0.007478
60,4,0.85408,0.90908,0.91133,0.27092,0.87853,0.91,0.12,0.882,-0.00347
61,0,0.959207,0.924207,0.920457,0.165793,0.932957,0.904,0.128,0.8748,0.058157
61,1,0.969983,0.934983,0.931233,0.155017,0.943733,0.904,0.128,0.8748,0.068933
61,2,0.994501,0.959501,0.955751,0.169501,0.966301,0.904,0.128,0.8748,0.091501
61,3,0.98374,0.94874,0.94499,0.15874,0.956616,0.904,0.128,0.8748,0.081816
61,4,1.0,0.965985,0.962235,0.175985,0.971742,0.904,0.128,0.8748,0.096942
62,0,0.992661,0.957661,0.953911,0.167661,0.964645,0.898,0.136,0.8676,0.097045
62,1,0.981586,0.946586,0.942836,0.156586,0.954678,0.898,0.136,0.8676,0.087078
62,2,1.0,0.966159,0.962409,0.176159,0.97183,0.898,0.136,0.8676,0.10423
62,3,0.981585,0.946585,0.942835,0.156585,0.954676,0.898,0.136,0.8676,0.087076
62,4,0.98742,0.95242,0.94867,0.16242,0.959928,0.898,0.136,0.8676,0.092328
63,0,0.970551,0.935551,0.931801,0.154449,0.944301,0.892,0.144,0.8604,0.083901
63,1,0.975998,0.940998,0.937248,0.150998,0.949648,0.892,0.144,0.8604,0.089248
63,2,0.964539,0.929539,0.925789,0.160461,0.938289,0.892,0.144,0.8604,0.077889
63,3,0.989844,0.954844,0.951094,0.164844,0.962109,0.892,0.144,0.8604,0.101709
63,4,0.957325,0.922325,0.918575,0.167675,0.931075,0.892,0.144,0.8604,0.070675
64,0,0.986735,0.951735,0.947985,0.161735,0.959312,0.886,0.152,0.8532,0.106112
64,1,0.97214,0.93714,0.93339,0.15286,0.94589,0.886,0.152,0.8532,0.09269
64,2,0.992569,0.957569,0.953819,0.167569,0.964562,0.886,0.152,0.8532,0.111362
64,3,0.986263,0.951263,0.947513,0.161263,0.958887,0.886,0.152,0.8532,0.105687
64,4,1.0,0.96731,0.96356,0.17731,0.972405,0.886,0.152,0.8532,0.119205
65,0,0.890962,0.930962,0.929462,0.280962,0.904065,0.88,0.16,0.846,0.058065
65,1,0.856419,0.896419,0.894919,0.293581,0.870619,0.88,0.16,0.846,0.024619
65,2,0.878996,0.918996,0.917496,0.271004,0.893196,0.88,0.16,0.846,0.047196
65,3,0.86242,0.90242,0.90092,0.28758,0.87662,0.88,0.16,0.846,0.03062
65,4,0.872226,0.912226,0.910726,0.277774,0.886426,0.88,0.16,0.846,0.040426
66,0,1.0,0.972668,0.965168,0.172668,0.974834,0.874,0.168,0.8388,0.136034
66,1,1.0,0.959563,0.952063,0.159563,0.968282,0.874,0.168,0.8388,0.129482
66,2,0.989516,0.939516,0.932016,0.160484,0.953016,0.874,0.168,0.8388,0.114216
66,3,0.984794,0.934794,0.927294,0.165206,0.948294,0.874,0.168,0.8388,0.109494
66,4,1.0,0.950492,0.942992,0.150492,0.963746,0.874,0.168,0.8388,0.124946
67,0,0.981752,0.931752,0.924252,0.168248,0.945252,0.868,0.176,0.8316,0.113652
67,1,0.989933,0.939933,0.932433,0.160067,0.953433,0.868,0.176,0.8316,0.121833
67,2,1.0,0.95468,0.94718,0.15468,0.96584,0.868,0.176,0.8316,0.13424
67,3,1.0,0.96733,0.95983,0.16733,0.972165,0.868,0.176,0.8316,0.140565
67,4,1.0,0.959131,0.951631,0.159131,0.968066,0.868,0.176,0.8316,0.136466
68,0,0.965631,0.915631,0.908131,0.184369,0.929131,0.862,0.184,0.8244,0.104731
68,1,1.0,0.954566,0.947066,0.154566,0.965783,0.862,0.184,0.8244,0.141383
68,2,1.0,0.951081,0.943581,0.151081,0.96404,0.862,0.184,0.8244,0.13964
68,3,1.0,0.956208,0.948708,0.156208,0.966604,0.862,0.184,0.8244,0.142204
68,4,1.0,0.974243,0.966743,0.174243,0.975622,0.862,0.184,0.8244,0.151222
69,0,0.969051,0.919051,0.911551,0.180949,0.932551,0.856,0.192,0.8172,0.115351
69,1,0.991133,0.941133,0.933633,0.158867,0.954633,0.856,0.192,0.8172,0.137433
69,2,1.0,0.958864,0.951364,0.158864,0.967932,0.856,0.192,0.8172,0.150732
69,3,0.976276,0.926276,0.918776,0.173724,0.939776,0.856,0.192,0.8172,0.122576
69,4,1.0,0.972139,0.964639,0.172139,0.97457,0.856,0.192,0.8172,0.15737
70,0,1.0,0.955525,0.948025,0.155525,0.966263,0.85,0.2,0.81,0.156263
70,1,1.0,0.962699,0.955199,0.162699,0.969849,0.85,0.2,0.81,0.159849
70,2,0.991436,0.941436,0.933936,0.158564,0.954936,0.85,0.2,0.81,0.144936
70,3,1.0,0.962206,0.954706,0.162206,0.969603,0.85,0.2,0.81,0.159603
70,4,1.0,0.966027,0.958527,0.166027,0.971514,0.85,0.2,0.81,0.161514
71,0,1.0,0.953493,0.945993,0.153493,0.965247,0.844,0.208,0.8028,0.162447
71,1,1.0,0.953516,0.946016,0.153516,0.965258,0.844,0.208,0.8028,0.162458
71,2,1.0,0.954055,0.946555,0.154055,0.965528,0.844,0.208,0.8028,0.162728
71,3,0.98705,0.93705,0.92955,0.16295,0.95055,0.844,0.208,0.8028,0.14775
71,4,0.997787,0.947787,0.940287,0.152213,0.961287,0.844,0.208,0.8028,0.158487
72,0,0.997712,0.947712,0.940212,0.152288,0.961212,0.838,0.216,0.7956,0.165612
72,1,1.0,0.955751,0.948251,0.155751,0.966375,0.838,0.216,0.7956,0.170775
72,2,1.0,0.964997,0.957497,0.164997,0.970999,0.838,0.216,0.7956,0.175399
72,3,0.984122,0.934122,0.926622,0.165878,0.947622,0.838,0.216,0.7956,0.152022
72,4,0.998125,0.948125,0.940625,0.151875,0.961625,0.838,0.216,0.7956,0.166025
73,0,1.0,0.972222,0.964722,0.172222,0.974611,0.832,0.224,0.7884,0.186211
73,1,0.988846,0.938846,0.931346,0.161154,0.952346,0.832,0.224,0.7884,0.163946
73,2,0.987666,0.937666,0.930166,0.162334,0.951166,0.832,0.224,0.7884,0.162766
73,3,1.0,0.953035,0.945535,0.153035,0.965017,0.832,0.224,0.7884,0.176617
73,4,1.0,0.962666,0.955166,0.162666,0.969833,0.832,0.224,0.7884,0.181433
74,0,1.0,0.950171,0.942671,0.150171,0.963586,0.826,0.232,0.7812,0.182386
74,1,1.0,0.969934,0.962434,0.169934,0.973467,0.826,0.232,0.7812,0.192267
74,2,1.0,0.962852,0.955352,0.162852,0.969926,0.826,0.232,0.7812,0.188726
74,3,1.0,0.962627,0.955127,0.162627,0.969814,0.826,0.232,0.7812,0.188614
74,4,1.0,0.958312,0.950812,0.158312,0.967656,0.826,0.232,0.7812,0.186456
75,0,1.0,0.984915,0.977415,0.184915,0.980957,0.82,0.24,0.774,0.206957
75,1,0.996923,0.946923,0.939423,0.153077,0.960423,0.82,0.24,0.774,0.186423
75,2,0.969947,0.919947,0.912447,0.180053,0.933447,0.82,0.24,0.774,0.159447
75,3,1.0,0.974064,0.966564,0.174064,0.975532,0.82,0.24,0.774,0.201532
75,4,0.993135,0.943135,0.935635,0.156865,0.956635,0.82,0.24,0.774,0.182635
76,0,1.0,0.951618,0.944118,0.151618,0.964309,0.814,0.248,0.7668,0.197509
76,1,1.0,0.969643,0.962143,0.169643,0.973322,0.814,0.248,0.7668,0.206522
76,2,0.975966,0.925966,0.918466,0.174034,0.939466,0.814,0.248,0.7668,0.172666
76,3,0.981225,0.931225,0.923725,0.168775,0.944725,0.814,0.248,0.7668,0.177925
76,4,0.975981,0.925981,0.918481,0.174019,0.939481,0.814,0.248,0.7668,0.172681
77,0,0.988088,0.938088,0.930588,0.161912,0.951588,0.808,0.256,0.7596,0.191988
77,1,1.0,0.956595,0.949095,0.156595,0.966797,0.808,0.256,0.7596,0.207197
77,2,1.0,0.957863,0.950363,0.157863,0.967431,0.808,0.256,0.7596,0.207831
77,3,1.0,0.954144,0.946644,0.154144,0.965572,0.808,0.256,0.7596,0.205972
77,4,0.978809,0.928809,0.921309,0.171191,0.942309,0.808,0.256,0.7596,0.182709
78,0,0.965348,0.915348,0.907848,0.184652,0.928848,0.802,0.264,0.7524,0.176448
78,1,1.0,0.950815,0.943315,0.150815,0.963908,0.802,0.264,0.7524,0.211508
78,2,0.992923,0.942923,0.935423,0.157077,0.956423,0.802,0.264,0.7524,0.204023
78,3,1.0,0.956891,0.949391,0.156891,0.966945,0.802,0.264,0.7524,0.214545
78,4,1.0,0.960529,0.953029,0.160529,0.968765,0.802,0.264,0.7524,0.216365
79,0,1.0,0.952074,0.944574,0.152074,0.964537,0.796,0.272,0.7452,0.219337
79,1,1.0,0.961402,0.953902,0.161402,0.969201,0.796,0.272,0.7452,0.224001
79,2,1.0,0.953438,0.945938,0.153438,0.965219,0.796,0.272,0.7452,0.220019
79,3,1.0,0.957951,0.950451,0.157951,0.967475,0.796,0.272,0.7452,0.222275
79,4,0.98943,0.93943,0.93193,0.16057,0.95293,0.796,0.272,0.7452,0.20773
80,0,0.997306,0.947306,0.939806,0.152694,0.960806,0.79,0.28,0.738,0.222806
80,1,1.0,0.952952,0.945452,0.152952,0.964976,0.79,0.28,0.738,0.226976
80,2,1.0,0.962308,0.954808,0.162308,0.969654,0.79,0.28,0.738,0.231654
80,3,0.994094,0.944094,0.936594,0.155906,0.957594,0.79,0.28,0.738,0.219594
80,4,1.0,0.957818,0.950318,0.157818,0.967409,0.79,0.28,0.738,0.229409
81,0,0.996012,0.946012,0.938512,0.153988,0.959512,0.784,0.288,0.7308,0.228712
81,1,0.998237,0.948237,0.940737,0.151763,0.961737,0.784,0.288,0.7308,0.230937
81,2,1.0,0.962443,0.954943,0.162443,0.969721,0.784,0.288,0.7308,0.238921
81,3,0.970104,0.920104,0.912604,0.179896,0.933604,0.784,0.288,0.7308,0.202804
81,4,0.980553,0.930553,0.923053,0.169447,0.944053,0.784,0.288,0.7308,0.213253
82,0,0.977767,0.927767,0.920267,0.172233,0.941267,0.778,0.296,0.7236,0.217667
82,1,0.964996,0.914996,0.907496,0.185004,0.928496,0.778,0.296,0.7236,0.204896
82,2,0.989826,0.939826,0.932326,0.160174,0.953326,0.778,0.296,0.7236,0.229726
82,3,1.0,0.961242,0.953742,0.161242,0.969121,0.778,0.296,0.7236,0.245521
82,4,0.995727,0.945727,0.938227,0.154273,0.959227,0.778,0.296,0.7236,0.235627
83,0,1.0,0.952967,0.945467,0.152967,0.964983,0.772,0.304,0.7164,0.248583
83,1,1.0,0.966338,0.958838,0.166338,0.971669,0.772,0.304,0.7164,0.255269
83,2,1.0,0.969915,0.962415,0.169915,0.973458,0.772,0.304,0.7164,0.257058
83,3,0.998963,0.948963,0.941463,0.151037,0.962463,0.772,0.304,0.7164,0.246063
83,4,1.0,0.970304,0.962804,0.170304,0.973652,0.772,0.304,0.7164,0.257252
84,0,1.0,0.951382,0.943882,0.151382,0.964191,0.766,0.312,0.7092,0.254991
84,1,0.987439,0.937439,0.929939,0.162561,0.950939,0.766,0.312,0.7092,0.241739
84,2,0.991084,0.941084,0.933584,0.158916,0.954584,0.766,0.312,0.7092,0.245384
84,3,0.977792,0.927792,0.920292,0.172208,0.941292,0.766,0.312,0.7092,0.232092
84,4,0.986678,0.936678,0.929178,0.163322,0.950178,0.766,0.312,0.7092,0.240978
85,0,0.99463,0.94463,0.93713,0.15537,0.95813,0.76,0.32,0.702,0.25613
85,1,1.0,0.962054,0.954554,0.162054,0.969527,0.76,0.32,0.702,0.267527
85,2,1.0,0.975812,0.968312,0.175812,0.976406,0.76,0.32,0.702,0.274406
85,3,0.979267,0.929267,0.921767,0.170733,0.942767,0.76,0.32,0.702,0.240767
85,4,1.0,0.955892,0.948392,0.155892,0.966446,0.76,0.32,0.702,0.264446
86,0,0.984392,0.934392,0.926892,0.165608,0.947892,0.742,0.342,0.6813,0.266592
86,1,1.0,0.95712,0.94962,0.15712,0.96706,0.742,0.342,0.6813,0.28576
86,2,0.998034,0.948034,0.940534,0.151966,0.961534,0.742,0.342,0.6813,0.280234
86,3,0.972536,0.922536,0.915036,0.177464,0.936036,0.742,0.342,0.6813,0.254736
86,4,1.0,0.963924,0.956424,0.163924,0.970462,0.742,0.342,0.6813,0.289162
87,0,0.990925,0.940925,0.933425,0.159075,0.954425,0.724,0.364,0.6606,0.293825
87,1,0.991991,0.941991,0.934491,0.158009,0.955491,0.724,0.364,0.6606,0.294891
87,2,0.983954,0.933954,0.926454,0.166046,0.947454,0.724,0.364,0.6606,0.286854
87,3,0.990186,0.940186,0.932686,0.159814,0.953686,0.724,0.364,0.6606,0.293086
87,4,1.0,0.956418,0.948918,0.156418,0.966709,0.724,0.364,0.6606,0.306109
88,0,0.997161,0.947161,0.939661,0.152839,0.960661,0.706,0.386,0.6399,0.320761
88,1,1.0,0.95493,0.94743,0.15493,0.965965,0.706,0.386,0.6399,0.326065
88,2,1.0,0.955429,0.947929,0.155429,0.966214,0.706,0.386,0.6399,0.326314
88,3,1.0,0.96981,0.96231,0.16981,0.973405,0.706,0.386,0.6399,0.333505
88,4,0.994858,0.944858,0.937358,0.155142,0.958358,0.706,0.386,0.6399,0.318458
89,0,0.977847,0.927847,0.920347,0.172153,0.941347,0.688,0.408,0.6192,0.322147
89,1,1.0,0.966008,0.958508,0.166008,0.971504,0.688,0.408,0.6192,0.352304
89,2,0.995028,0.945028,0.937528,0.154972,0.958528,0.688,0.408,0.6192,0.339328
89,3,1.0,0.966719,0.959219,0.166719,0.971859,0.688,0.408,0.6192,0.352659
89,4,1.0,0.955751,0.948251,0.155751,0.966375,0.688,0.408,0.6192,0.347175
90,0,0.998033,0.948033,0.940533,0.151967,0.961533,0.67,0.43,0.5985,0.363033
90,1,1.0,0.955232,0.947732,0.155232,0.966116,0.67,0.43,0.5985,0.367616
90,2,1.0,0.979265,0.971765,0.179265,0.978133,0.67,0.43,0.5985,0.379633
90,3,1.0,0.981155,0.973655,0.181155,0.979077,0.67,0.43,0.5985,0.380577
90,4,1.0,0.951041,0.943541,0.151041,0.96402,0.67,0.43,0.5985,0.36552
91,0,1.0,0.952403,0.944903,0.152403,0.964701,0.652,0.452,0.5778,0.386901
91,1,1.0,0.966144,0.958644,0.166144,0.971572,0.652,0.452,0.5778,0.393772
91,2,0.987315,0.937315,0.929815,0.162685,0.950815,0.652,0.452,0.5778,0.373015
91,3,1.0,0.954996,0.947496,0.154996,0.965998,0.652,0.452,0.5778,0.388198
91,4,0.999612,0.949612,0.942112,0.150388,0.963112,0.652,0.452,0.5778,0.385312
92,0,1.0,0.954709,0.947209,0.154709,0.965854,0.634,0.474,0.5571,0.408754
92,1,0.987499,0.937499,0.929999,0.162501,0.950999,0.634,0.474,0.5571,0.393899
92,2,0.976156,0.926156,0.918656,0.173844,0.939656,0.634,0.474,0.5571,0.382556
92,3,0.968905,0.918905,0.911405,0.181095,0.932405,0.634,0.474,0.5571,0.375305
92,4,0.983239,0.933239,0.925739,0.166761,0.946739,0.634,0.474,0.5571,0.389639
93,0,0.99312,0.94312,0.93562,0.15688,0.95662,0.616,0.496,0.5364,0.42022
93,1,0.995602,0.945602,0.938102,0.154398,0.959102,0.616,0.496,0.5364,0.422702
93,2,1.0,0.979058,0.971558,0.179058,0.978029,0.616,0.496,0.5364,0.441629
93,3,1.0,0.96659,0.95909,0.16659,0.971795,0.616,0.496,0.5364,0.435395
93,4,0.985569,0.935569,0.928069,0.164431,0.949069,0.616,0.496,0.5364,0.412669
94,0,1.0,0.955216,0.947716,0.155216,0.966108,0.598,0.518,0.5157,0.450408
94,1,0.993894,0.943894,0.936394,0.156106,0.957394,0.598,0.518,0.5157,0.441694
94,2,0.995735,0.945735,0.938235,0.154265,0.959235,0.598,0.518,0.5157,0.443535
94,3,1.0,0.95278,0.94528,0.15278,0.96489,0.598,0.518,0.5157,0.44919
94,4,1.0,0.959288,0.951788,0.159288,0.968144,0.598,0.518,0.5157,0.452444
95,0,0.994911,0.944911,0.937411,0.155089,0.958411,0.58,0.54,0.495,0.463411
95,1,1.0,0.965958,0.958458,0.165958,0.971479,0.58,0.54,0.495,0.476479
95,2,0.982871,0.932871,0.925371,0.167129,0.946371,0.58,0.54,0.495,0.451371
95,3,1.0,0.950095,0.942595,0.150095,0.963548,0.58,0.54,0.495,0.468548
95,4,1.0,0.988965,0.981465,0.188965,0.982983,0.58,0.54,0.495,0.487983
96,0,1.0,0.953346,0.945846,0.153346,0.965173,0.562,0.562,0.4743,0.490873
96,1,1.0,0.971498,0.963998,0.171498,0.974249,0.562,0.562,0.4743,0.499949
96,2,1.0,0.951373,0.943873,0.151373,0.964186,0.562,0.562,0.4743,0.489886
96,3,1.0,0.958712,0.951212,0.158712,0.967856,0.562,0.562,0.4743,0.493556
96,4,0.999148,0.949148,0.941648,0.150852,0.962648,0.562,0.562,0.4743,0.488348
97,0,0.997444,0.947444,0.939944,0.152556,0.960944,0.544,0.584,0.4536,0.507344
97,1,0.988308,0.938308,0.930808,0.161692,0.951808,0.544,0.584,0.4536,0.498208
97,2,1.0,0.956455,0.948955,0.156455,0.966727,0.544,0.584,0.4536,0.513127
97,3,0.987227,0.937227,0.929727,0.162773,0.950727,0.544,0.584,0.4536,0.497127
97,4,1.0,0.959984,0.952484,0.159984,0.968492,0.544,0.584,0.4536,0.514892
98,0,1.0,0.966279,0.958779,0.166279,0.97164,0.526,0.606,0.4329,0.53874
98,1,1.0,0.955498,0.947998,0.155498,0.966249,0.526,0.606,0.4329,0.533349
98,2,0.995706,0.945706,0.938206,0.154294,0.959206,0.526,0.606,0.4329,0.526306
98,3,1.0,0.956809,0.949309,0.156809,0.966905,0.526,0.606,0.4329,0.534005
98,4,0.99537,0.94537,0.93787,0.15463,0.95887,0.526,0.606,0.4329,0.52597
99,0,1.0,0.964033,0.956533,0.164033,0.970517,0.508,0.628,0.4122,0.558317
99,1,0.972529,0.922529,0.915029,0.177471,0.936029,0.508,0.628,0.4122,0.523829
99,2,0.994966,0.944966,0.937466,0.155034,0.958466,0.508,0.628,0.4122,0.546266
99,3,0.970138,0.920138,0.912638,0.179862,0.933638,0.508,0.628,0.4122,0.521438
99,4,0.977574,0.927574,0.920074,0.172426,0.941074,0.508,0.628,0.4122,0.528874
100,0,1.0,0.970458,0.962958,0.170458,0.973729,0.49,0.65,0.3915,0.582229
100,1,1.0,0.963428,0.955928,0.163428,0.970214,0.49,0.65,0.3915,0.578714
100,2,0.989208,0.939208,0.931708,0.160792,0.952708,0.49,0.65,0.3915,0.561208
100,3,0.977462,0.927462,0.919962,0.172538,0.940962,0.49,0.65,0.3915,0.549462
100,4,0.955532,0.905532,0.898032,0.194468,0.919032,0.49,0.65,0.3915,0.527532
101,0,0.991848,0.941848,0.934348,0.158152,0.955348,0.472,0.672,0.3708,0.584548
101,1,1.0,0.986306,0.978806,0.186306,0.981653,0.472,0.672,0.3708,0.610853
101,2,1.0,0.956523,0.949023,0.156523,0.966762,0.472,0.672,0.3708,0.595962
101,3,0.991606,0.941606,0.934106,0.158394,0.955106,0.472,0.672,0.3708,0.584306
101,4,1.0,0.956976,0.949476,0.156976,0.966988,0.472,0.672,0.3708,0.596188
102,0,0.976586,0.926586,0.919086,0.173414,0.940086,0.454,0.694,0.3501,0.589986
102,1,0.99554,0.94554,0.93804,0.15446,0.95904,0.454,0.694,0.3501,0.60894
102,2,1.0,0.951492,0.943992,0.151492,0.964246,0.454,0.694,0.3501,0.614146
102,3,0.998708,0.948708,0.941208,0.151292,0.962208,0.454,0.694,0.3501,0.612108
102,4,1.0,0.961862,0.954362,0.161862,0.969431,0.454,0.694,0.3501,0.619331
103,0,1.0,0.95517,0.94767,0.15517,0.966085,0.436,0.716,0.3294,0.636685
103,1,1.0,0.960025,0.952525,0.160025,0.968512,0.436,0.716,0.3294,0.639112
103,2,0.989674,0.939674,0.932174,0.160326,0.953174,0.436,0.716,0.3294,0.623774
103,3,1.0,0.963467,0.955967,0.163467,0.970234,0.436,0.716,0.3294,0.640834
103,4,1.0,0.974434,0.966934,0.174434,0.975717,0.436,0.716,0.3294,0.646317
104,0,0.985448,0.935448,0.927948,0.164552,0.948948,0.418,0.738,0.3087,0.640248
104,1,0.986685,0.936685,0.929185,0.163315,0.950185,0.418,0.738,0.3087,0.641485
104,2,1.0,0.970037,0.962537,0.170037,0.973518,0.418,0.738,0.3087,0.664818
104,3,0.99713,0.94713,0.93963,0.15287,0.96063,0.418,0.738,0.3087,0.65193
104,4,1.0,0.971057,0.963557,0.171057,0.974029,0.418,0.738,0.3087,0.665329
105,0,0.993362,0.943362,0.935862,0.156638,0.956862,0.4,0.76,0.288,0.668862
105,1,1.0,0.971826,0.964326,0.171826,0.974413,0.4,0.76,0.288,0.686413
105,2,1.0,0.951972,0.944472,0.151972,0.964486,0.4,0.76,0.288,0.676486
105,3,1.0,0.953873,0.946373,0.153873,0.965437,0.4,0.76,0.288,0.677437
105,4,1.0,0.973471,0.965971,0.173471,0.975235,0.4,0.76,0.288,0.687235
106,0,0.994573,0.944573,0.937073,0.155427,0.958073,0.382,0.782,0.2673,0.690773
106,1,0.985883,0.935883,0.928383,0.164117,0.949383,0.382,0.782,0.2673,0.682083
106,2,0.993272,0.943272,0.935772,0.156728,0.956772,0.382,0.782,0.2673,0.689472
106,3,1.0,0.956785,0.949285,0.156785,0.966893,0.382,0.782,0.2673,0.699593
106,4,0.976514,0.926514,0.919014,0.173486,0.940014,0.382,0.782,0.2673,0.672714
107,0,1.0,0.959562,0.952062,0.159562,0.968281,0.364,0.804,0.2468,0.721481
107,1,0.991918,0.941918,0.934418,0.158082,0.955418,0.364,0.804,0.2468,0.708618
107,2,1.0,0.967217,0.959717,0.167217,0.972109,0.364,0.804,0.2468,0.725309
107,3,0.964086,0.914086,0.906586,0.185914,0.927586,0.364,0.804,0.2468,0.680786
107,4,0.988202,0.938202,0.930702,0.161798,0.951702,0.364,0.804,0.2468,0.704902
108,0,0.974703,0.924703,0.917203,0.175297,0.938203,0.346,0.826,0.2272,0.711003
108,1,0.987607,0.937607,0.930107,0.162393,0.951107,0.346,0.826,0.2272,0.723907
108,2,1.0,0.953715,0.946215,0.153715,0.965357,0.346,0.826,0.2272,0.738157
108,3,0.997312,0.947312,0.939812,0.152688,0.960812,0.346,0.826,0.2272,0.733612
108,4,0.996199,0.946199,0.938699,0.153801,0.959699,0.346,0.826,0.2272,0.732499
109,0,0.997612,0.947612,0.940112,0.152388,0.961112,0.328,0.848,0.2076,0.753512
109,1,1.0,0.953051,0.945551,0.153051,0.965025,0.328,0.848,0.2076,0.757425
109,2,0.984872,0.934872,0.927372,0.165128,0.948372,0.328,0.848,0.2076,0.740772
109,3,1.0,0.960603,0.953103,0.160603,0.968801,0.328,0.848,0.2076,0.761201
109,4,1.0,0.95994,0.95244,0.15994,0.96847,0.328,0.848,0.2076,0.76087
110,0,1.0,0.955776,0.948276,0.155776,0.966388,0.31,0.87,0.188,0.778388
110,1,1.0,0.958348,0.950848,0.158348,0.967674,0.31,0.87,0.188,0.779674
110,2,1.0,0.954446,0.946946,0.154446,0.965723,0.31,0.87,0.188,0.777723
110,3,1.0,0.980526,0.973026,0.180526,0.978763,0.31,0.87,0.188,0.790763
110,4,0.998694,0.948694,0.941194,0.151306,0.962194,0.31,0.87,0.188,0.774194
111,0,0.995394,0.945394,0.937894,0.154606,0.958894,0.292,0.892,0.1684,0.790494
111,1,0.988697,0.938697,0.931197,0.161303,0.952197,0.292,0.892,0.1684,0.783797
111,2,0.984516,0.934516,0.927016,0.165484,0.948016,0.292,0.892,0.1684,0.779616
111,3,0.981333,0.931333,0.923833,0.168667,0.944833,0.292,0.892,0.1684,0.776433
111,4,0.986668,0.936668,0.929168,0.163332,0.950168,0.292,0.892,0.1684,0.781768
112,0,0.99894,0.94894,0.94144,0.15106,0.96244,0.274,0.914,0.1488,0.81364
112,1,1.0,0.955014,0.947514,0.155014,0.966007,0.274,0.914,0.1488,0.817207
112,2,1.0,0.950767,0.943267,0.150767,0.963884,0.274,0.914,0.1488,0.815084
112,3,0.988517,0.938517,0.931017,0.161483,0.952017,0.274,0.914,0.1488,0.803217
112,4,1.0,0.963503,0.956003,0.163503,0.970251,0.274,0.914,0.1488,0.821451
113,0,1.0,0.961091,0.953591,0.161091,0.969046,0.256,0.936,0.1292,0.839846
113,1,0.997605,0.947605,0.940105,0.152395,0.961105,0.256,0.936,0.1292,0.831905
113,2,0.990206,0.940206,0.932706,0.159794,0.953706,0.256,0.936,0.1292,0.824506
113,3,1.0,0.958226,0.950726,0.158226,0.967613,0.256,0.936,0.1292,0.838413
113,4,1.0,0.95282,0.94532,0.15282,0.96491,0.256,0.936,0.1292,0.83571
114,0,0.978278,0.928278,0.920778,0.171722,0.941778,0.238,0.958,0.1099,0.831878
114,1,0.99898,0.94898,0.94148,0.15102,0.96248,0.238,0.958,0.1099,0.85258
114,2,1.0,0.953931,0.946431,0.153931,0.965465,0.238,0.958,0.1099,0.855565
114,3,0.986505,0.936505,0.929005,0.163495,0.950005,0.238,0.958,0.1099,0.840105
114,4,1.0,0.952848,0.945348,0.152848,0.964924,0.238,0.958,0.1099,0.855024
115,0,0.978178,0.928178,0.920678,0.171822,0.941678,0.22,0.98,0.095,0.846678
115,1,1.0,0.970043,0.962543,0.170043,0.973521,0.22,0.98,0.095,0.878521
115,2,1.0,0.968719,0.961219,0.168719,0.97286,0.22,0.98,0.095,0.87786
115,3,0.996212,0.946212,0.938712,0.153788,0.959712,0.22,0.98,0.095,0.864712
115,4,1.0,0.955452,0.947952,0.155452,0.966226,0.22,0.98,0.095,0.871226
116,0,0.963851,0.913851,0.906351,0.186149,0.927351,0.202,1.0,0.0808,0.846551
116,1,0.982655,0.932655,0.925155,0.167345,0.946155,0.202,1.0,0.0808,0.865355
116,2,0.995593,0.945593,0.938093,0.154407,0.959093,0.202,1.0,0.0808,0.878293
116,3,0.983918,0.933918,0.926418,0.166082,0.947418,0.202,1.0,0.0808,0.866618
116,4,1.0,0.960716,0.953216,0.160716,0.968858,0.202,1.0,0.0808,0.888058
117,0,1.0,0.979959,0.972459,0.179959,0.97848,0.184,1.0,0.0736,0.90488
117,1,0.982351,0.932351,0.924851,0.167649,0.945851,0.184,1.0,0.0736,0.872251
117,2,0.987438,0.937438,0.929938,0.162562,0.950938,0.184,1.0,0.0736,0.877338
117,3,1.0,0.953532,0.946032,0.153532,0.965266,0.184,1.0,0.0736,0.891666
117,4,1.0,0.974167,0.966667,0.174167,0.975583,0.184,1.0,0.0736,0.901983
118,0,0.981664,0.931664,0.924164,0.168336,0.945164,0.166,1.0,0.0664,0.878764
118,1,1.0,0.953736,0.946236,0.153736,0.965368,0.166,1.0,0.0664,0.898968
118,2,1.0,0.977319,0.969819,0.177319,0.97716,0.166,1.0,0.0664,0.91076
118,3,0.975224,0.925224,0.917724,0.174776,0.938724,0.166,1.0,0.0664,0.872324
118,4,0.980784,0.930784,0.923284,0.169216,0.944284,0.166,1.0,0.0664,0.877884
119,0,0.993646,0.943646,0.936146,0.156354,0.957146,0.148,1.0,0.0592,0.897946
119,1,0.992191,0.942191,0.934691,0.157809,0.955691,0.148,1.0,0.0592,0.896491
119,2,1.0,0.962189,0.954689,0.162189,0.969595,0.148,1.0,0.0592,0.910395
119,3,1.0,0.953625,0.946125,0.153625,0.965312,0.148,1.0,0.0592,0.906112
119,4,0.973376,0.923376,0.915876,0.176624,0.936876,0.148,1.0,0.0592,0.877676
